Typhoon Name,Year,Region,Province,City/Municipality,Families,Person,Brgy,Dead,Injured/Ill,Missing,Totally,Partially,Total,Quantity,Cost,Nearest_Station,Station_Province,Distance_km,PAR_START,PAR_END,Duration_in_PAR_Hours,Max_Sustained_Wind_kph,Typhoon_Type,Max_24hr_Rainfall_mm,Total_Storm_Rainfall_mm,Min_Pressure_hPa,Weather_Station_Mapped,Weather_Records_Found,Weather_Days_Covered,cluster,level
BETTY,2023,2,BATANES,BASCO,3608,11120,6,0,0,0,0,0,0,3608,2646179.36,BASCO,BATANES,2.497503561,5/27/2023,6/1/2023,133.0,195,STY,25.6,39.0,977.1,1,6,6,0,3
BETTY,2023,2,BATANES,ITBAYAT,968,3028,5,0,0,0,0,0,0,966,494592.0,ITBAYAT,BATANES,3.204942957,5/27/2023,6/1/2023,133.0,195,STY,20.3,32.71,1000.5,1,6,6,0,3
BETTY,2023,2,BATANES,IVANA,444,1532,4,0,0,0,0,0,0,444,227328.0,BASCO,BATANES,9.470553732,5/27/2023,6/1/2023,133.0,195,STY,25.6,39.0,977.1,1,6,6,0,3
BETTY,2023,2,BATANES,MAHATAO,575,1792,4,0,0,0,0,0,0,575,291082.96,BASCO,BATANES,4.890815627,5/27/2023,6/1/2023,133.0,195,STY,25.6,39.0,977.1,1,6,6,0,3
BETTY,2023,2,BATANES,SABTANG,575,1955,6,0,0,0,0,0,0,575,296521.75,BASCO,BATANES,19.89123103,5/27/2023,6/1/2023,133.0,195,STY,25.6,39.0,977.1,1,6,6,0,3
BETTY,2023,2,BATANES,UYUGAN,433,1464,4,0,0,0,0,0,0,433,294400.0,BASCO,BATANES,8.644080692,5/27/2023,6/1/2023,133.0,195,STY,25.6,39.0,977.1,1,6,6,0,3
HENRY,2022,2,BATANES,BASCO,2,10,1,0,0,0,0,0,0,0,0.0,BASCO,BATANES,2.497503561,8/31/2022,9/4/2022,80.2,195,STY,85.4,139.6,994.2,1,5,5,0,3
JENNY,2023,2,BATANES,BASCO,1,1,1,0,0,0,0,0,0,0,783.93,BASCO,BATANES,2.497503561,9/29/2023,10/6/2023,146.7,175,TY,134.0,224.2,998.9,1,8,8,0,3
JENNY,2023,2,BATANES,ITBAYAT,6,20,2,0,0,0,0,0,0,6,3072.0,ITBAYAT,BATANES,3.204942957,9/29/2023,10/6/2023,146.7,175,TY,273.0,355.8,1000.6,1,8,8,0,3
JENNY,2023,2,BATANES,SABTANG,0,139,4,0,0,0,0,0,0,66,51739.38,BASCO,BATANES,19.89123103,9/29/2023,10/6/2023,146.7,175,TY,134.0,224.2,998.9,1,8,8,0,3
KIKO,2021,2,BATANES,BASCO,3043,10656,6,0,0,0,171,1247,1418,5166,13757200.0,BASCO,BATANES,2.497503561,9/7/2021,9/12/2021,116.0,215,STY,420.7,604.9,927.9,1,6,6,1,1
KIKO,2021,2,BATANES,ITBAYAT,977,2985,5,0,0,0,11,174,185,977,488500.0,ITBAYAT,BATANES,3.204942957,9/7/2021,9/12/2021,116.0,215,STY,510.0,688.2,927.9,1,6,6,0,3
KIKO,2021,2,BATANES,IVANA,441,1609,4,0,3,0,15,190,205,575,890500.0,BASCO,BATANES,9.470553732,9/7/2021,9/12/2021,116.0,215,STY,420.7,604.9,927.9,1,6,6,0,3
KIKO,2021,2,BATANES,MAHATAO,517,1792,4,0,2,0,22,87,109,823,1788500.0,BASCO,BATANES,4.890815627,9/7/2021,9/12/2021,116.0,215,STY,420.7,604.9,927.9,1,6,6,0,3
KIKO,2021,2,BATANES,SABTANG,575,1968,6,0,5,0,25,211,236,575,287500.0,BASCO,BATANES,19.89123103,9/7/2021,9/12/2021,116.0,215,STY,420.7,604.9,927.9,1,6,6,0,3
KIKO,2021,2,BATANES,UYUGAN,450,1558,4,0,17,0,21,151,172,873,2340000.0,BASCO,BATANES,8.644080692,9/7/2021,9/12/2021,116.0,215,STY,420.7,604.9,927.9,1,6,6,0,3
MARING,2021,2,BATANES,BASCO,1,2,1,0,0,0,0,0,0,0,0.0,BASCO,BATANES,2.497503561,10/7/2021,10/12/2021,118.0,100,STS,81.4,152.1,986.0,1,6,6,0,3
BETTY,2023,2,CAGAYAN,CALAYAN,380,1195,7,0,0,0,0,0,0,120,491042.3,CALAYAN,CAGAYAN,3.925675123,5/27/2023,6/1/2023,133.0,195,STY,51.7,110.31,996.5,1,6,6,0,3
BETTY,2023,2,CAGAYAN,GONZAGA,111,410,5,0,0,0,0,0,0,251,555842.3,APARRI,CAGAYAN,52.36313462,5/27/2023,6/1/2023,133.0,195,STY,14.4,35.1,996.6,1,6,6,0,3
BETTY,2023,2,CAGAYAN,RIZAL,0,0,0,0,0,0,0,0,0,110,482212.5,TUGUEGARAO,CAGAYAN,43.19189571,5/27/2023,6/1/2023,133.0,195,STY,3.4,3.63,997.1,1,6,6,0,3
BETTY,2023,2,CAGAYAN,SANTA ANA,162,503,11,0,0,0,0,0,0,239,576722.3,APARRI,CAGAYAN,65.83345146,5/27/2023,6/1/2023,133.0,195,STY,14.4,35.1,996.6,1,6,6,0,3
BETTY,2023,2,CAGAYAN,SANTA TERESITA,9,37,1,0,0,0,0,0,0,18,17167.5,APARRI,CAGAYAN,31.27081829,5/27/2023,6/1/2023,133.0,195,STY,14.4,35.1,996.6,1,6,6,0,3
FLORITA,2022,2,CAGAYAN,ABULUG,16,65,2,0,0,0,0,0,0,0,0.0,APARRI,CAGAYAN,22.68592548,8/21/2022,8/24/2022,74.0,110,STS,50.4,99.31,991.1,1,4,4,0,3
FLORITA,2022,2,CAGAYAN,ALLACAPAN,7,20,3,0,1,0,0,0,0,1,5000.0,APARRI,CAGAYAN,17.43143579,8/21/2022,8/24/2022,74.0,110,STS,50.4,99.31,991.1,1,4,4,0,3
FLORITA,2022,2,CAGAYAN,AMULUNG,7,32,2,0,0,0,0,0,0,0,0.0,TUGUEGARAO,CAGAYAN,23.45790751,8/21/2022,8/24/2022,74.0,110,STS,146.0,234.5,989.1,1,4,4,0,3
FLORITA,2022,2,CAGAYAN,APARRI,102,355,10,0,0,0,0,0,0,0,0.0,APARRI,CAGAYAN,0.131954557,8/21/2022,8/24/2022,74.0,110,STS,50.4,99.31,991.1,1,4,4,0,3
FLORITA,2022,2,CAGAYAN,BAGGAO,1655,4982,40,0,0,0,0,0,0,2600,1736375.0,TUGUEGARAO,CAGAYAN,35.84262703,8/21/2022,8/24/2022,74.0,110,STS,146.0,234.5,989.1,1,4,4,0,3
FLORITA,2022,2,CAGAYAN,BALLESTEROS,0,0,0,0,0,0,0,62,62,0,0.0,APARRI,CAGAYAN,14.14369328,8/21/2022,8/24/2022,74.0,110,STS,50.4,99.31,991.1,1,4,4,0,3
FLORITA,2022,2,CAGAYAN,CLAVERIA,135,356,7,0,0,0,0,0,0,0,0.0,APARRI,CAGAYAN,61.74324569,8/21/2022,8/24/2022,74.0,110,STS,50.4,99.31,991.1,1,4,4,0,3
FLORITA,2022,2,CAGAYAN,ENRILE,1,6,1,0,1,0,0,2,2,0,0.0,TUGUEGARAO,CAGAYAN,6.91746225,8/21/2022,8/24/2022,74.0,110,STS,146.0,234.5,989.1,1,4,4,0,3
FLORITA,2022,2,CAGAYAN,GATTARAN,391,1434,22,0,0,0,0,0,0,1000,558000.0,APARRI,CAGAYAN,40.29307183,8/21/2022,8/24/2022,74.0,110,STS,50.4,99.31,991.1,1,4,4,0,3
FLORITA,2022,2,CAGAYAN,GONZAGA,56,217,4,0,0,0,0,0,0,0,0.0,APARRI,CAGAYAN,52.36313462,8/21/2022,8/24/2022,74.0,110,STS,50.4,99.31,991.1,1,4,4,0,3
FLORITA,2022,2,CAGAYAN,IGUIG,386,1712,10,0,0,0,2,14,16,500,273400.0,TUGUEGARAO,CAGAYAN,15.80683663,8/21/2022,8/24/2022,74.0,110,STS,146.0,234.5,989.1,1,4,4,0,3
FLORITA,2022,2,CAGAYAN,LAL LO,110,315,11,0,0,0,0,0,0,500,256000.0,APARRI,CAGAYAN,31.89656343,8/21/2022,8/24/2022,74.0,110,STS,50.4,99.31,991.1,1,4,4,0,3
FLORITA,2022,2,CAGAYAN,LASAM,17,48,2,0,0,0,0,0,0,0,0.0,APARRI,CAGAYAN,35.12842454,8/21/2022,8/24/2022,74.0,110,STS,50.4,99.31,991.1,1,4,4,0,3
FLORITA,2022,2,CAGAYAN,PAMPLONA,51,109,6,0,0,0,0,2,2,0,0.0,APARRI,CAGAYAN,34.70954201,8/21/2022,8/24/2022,74.0,110,STS,50.4,99.31,991.1,1,4,4,0,3
FLORITA,2022,2,CAGAYAN,PENABLANCA,526,1732,13,0,0,0,0,0,0,0,0.0,TUGUEGARAO,CAGAYAN,27.4325795,8/21/2022,8/24/2022,74.0,110,STS,146.0,234.5,989.1,1,4,4,0,3
FLORITA,2022,2,CAGAYAN,PIAT,9,28,2,0,0,0,0,0,0,0,0.0,TUGUEGARAO,CAGAYAN,27.0942548,8/21/2022,8/24/2022,74.0,110,STS,146.0,234.5,989.1,1,4,4,0,3
FLORITA,2022,2,CAGAYAN,RIZAL,29,84,6,0,0,0,0,2,2,0,0.0,TUGUEGARAO,CAGAYAN,43.19189571,8/21/2022,8/24/2022,74.0,110,STS,146.0,234.5,989.1,1,4,4,0,3
FLORITA,2022,2,CAGAYAN,SANTA ANA,43,171,6,0,0,0,0,0,0,0,0.0,APARRI,CAGAYAN,65.83345146,8/21/2022,8/24/2022,74.0,110,STS,50.4,99.31,991.1,1,4,4,0,3
FLORITA,2022,2,CAGAYAN,SANTA PRAXEDES,40,122,4,0,0,0,0,0,0,0,0.0,APARRI,CAGAYAN,70.47562874,8/21/2022,8/24/2022,74.0,110,STS,50.4,99.31,991.1,1,4,4,0,3
FLORITA,2022,2,CAGAYAN,SANTO NINO,23,74,1,1,0,0,0,0,0,1,10000.0,TUGUEGARAO,CAGAYAN,41.52522939,8/21/2022,8/24/2022,74.0,110,STS,146.0,234.5,989.1,1,4,4,0,3
FLORITA,2022,2,CAGAYAN,SOLANA,30,106,6,0,0,0,0,0,0,0,0.0,TUGUEGARAO,CAGAYAN,10.80183139,8/21/2022,8/24/2022,74.0,110,STS,146.0,234.5,989.1,1,4,4,0,3
FLORITA,2022,2,CAGAYAN,TUGUEGARAO CITY,622,2250,17,0,1,0,0,6,6,500,256000.0,TUGUEGARAO,CAGAYAN,3.617549461,8/21/2022,8/24/2022,74.0,110,STS,146.0,234.5,989.1,1,4,4,0,3
KARDING,2022,2,CAGAYAN,APARRI,278,1084,2,0,0,0,0,0,0,24,12048.0,APARRI,CAGAYAN,0.131954557,9/22/2022,9/26/2022,114.0,195,STY,25.0,57.0,1004.1,1,5,5,0,3
KIKO,2021,2,CAGAYAN,ABULUG,1,3,1,0,0,0,0,0,0,0,0.0,APARRI,CAGAYAN,22.68592548,9/7/2021,9/12/2021,116.0,215,STY,40.5,55.1,1000.9,1,6,6,0,3
KIKO,2021,2,CAGAYAN,ALCALA,9,36,2,0,0,0,0,0,0,0,0.0,TUGUEGARAO,CAGAYAN,33.47966585,9/7/2021,9/12/2021,116.0,215,STY,57.8,64.8,1002.1,1,6,6,0,3
KIKO,2021,2,CAGAYAN,ALLACAPAN,96,346,5,0,0,0,0,0,0,0,0.0,APARRI,CAGAYAN,17.43143579,9/7/2021,9/12/2021,116.0,215,STY,40.5,55.1,1000.9,1,6,6,0,3
KIKO,2021,2,CAGAYAN,APARRI,57,248,8,0,0,0,0,0,0,0,0.0,APARRI,CAGAYAN,0.131954557,9/7/2021,9/12/2021,116.0,215,STY,40.5,55.1,1000.9,1,6,6,0,3
KIKO,2021,2,CAGAYAN,BAGGAO,828,2363,28,0,0,0,0,0,0,766,376872.0,TUGUEGARAO,CAGAYAN,35.84262703,9/7/2021,9/12/2021,116.0,215,STY,57.8,64.8,1002.1,1,6,6,0,3
KIKO,2021,2,CAGAYAN,BUGUEY,0,19,1,0,0,0,0,0,0,0,0.0,APARRI,CAGAYAN,21.32453539,9/7/2021,9/12/2021,116.0,215,STY,40.5,55.1,1000.9,1,6,6,0,3
KIKO,2021,2,CAGAYAN,CALAYAN,217,696,9,0,0,0,2,14,16,985,870200.0,CALAYAN,CAGAYAN,3.925675123,9/7/2021,9/12/2021,116.0,215,STY,105.8,204.61,996.2,1,6,6,0,3
KIKO,2021,2,CAGAYAN,GATTARAN,226,825,12,0,0,0,0,0,0,0,0.0,APARRI,CAGAYAN,40.29307183,9/7/2021,9/12/2021,116.0,215,STY,40.5,55.1,1000.9,1,6,6,0,3
KIKO,2021,2,CAGAYAN,GONZAGA,11,46,2,0,0,0,0,0,0,0,0.0,APARRI,CAGAYAN,52.36313462,9/7/2021,9/12/2021,116.0,215,STY,40.5,55.1,1000.9,1,6,6,0,3
KIKO,2021,2,CAGAYAN,LAL LO,88,323,7,0,0,0,0,0,0,0,0.0,APARRI,CAGAYAN,31.89656343,9/7/2021,9/12/2021,116.0,215,STY,40.5,55.1,1000.9,1,6,6,0,3
KIKO,2021,2,CAGAYAN,LASAM,57,197,2,0,0,0,0,0,0,0,0.0,APARRI,CAGAYAN,35.12842454,9/7/2021,9/12/2021,116.0,215,STY,40.5,55.1,1000.9,1,6,6,0,3
KIKO,2021,2,CAGAYAN,PAMPLONA,95,264,7,0,0,0,0,0,0,0,0.0,APARRI,CAGAYAN,34.70954201,9/7/2021,9/12/2021,116.0,215,STY,40.5,55.1,1000.9,1,6,6,0,3
KIKO,2021,2,CAGAYAN,SANTA ANA,106,420,7,0,0,0,0,0,0,0,0.0,APARRI,CAGAYAN,65.83345146,9/7/2021,9/12/2021,116.0,215,STY,40.5,55.1,1000.9,1,6,6,0,3
KIKO,2021,2,CAGAYAN,SANTA PRAXEDES,9,30,2,0,0,0,0,0,0,0,0.0,APARRI,CAGAYAN,70.47562874,9/7/2021,9/12/2021,116.0,215,STY,40.5,55.1,1000.9,1,6,6,0,3
KIKO,2021,2,CAGAYAN,SANTA TERESITA,56,211,5,0,0,0,0,0,0,0,0.0,APARRI,CAGAYAN,31.27081829,9/7/2021,9/12/2021,116.0,215,STY,40.5,55.1,1000.9,1,6,6,0,3
KIKO,2021,2,CAGAYAN,SOLANA,3,11,2,0,0,0,0,0,0,0,0.0,TUGUEGARAO,CAGAYAN,10.80183139,9/7/2021,9/12/2021,116.0,215,STY,57.8,64.8,1002.1,1,6,6,0,3
MARING,2021,2,CAGAYAN,ABULUG,31,119,1,0,0,0,0,0,0,290,172880.0,APARRI,CAGAYAN,22.68592548,10/7/2021,10/12/2021,118.0,100,STS,138.4,227.31,981.4,1,6,6,0,3
MARING,2021,2,CAGAYAN,ALLACAPAN,123,543,8,0,0,0,0,10,10,123,62976.0,APARRI,CAGAYAN,17.43143579,10/7/2021,10/12/2021,118.0,100,STS,138.4,227.31,981.4,1,6,6,0,3
MARING,2021,2,CAGAYAN,AMULUNG,3,14,3,0,0,0,0,3,3,0,0.0,TUGUEGARAO,CAGAYAN,23.45790751,10/7/2021,10/12/2021,118.0,100,STS,103.2,151.1,985.7,1,6,6,0,3
MARING,2021,2,CAGAYAN,APARRI,5915,20505,20,0,0,0,0,0,0,6835,12303536.0,APARRI,CAGAYAN,0.131954557,10/7/2021,10/12/2021,118.0,100,STS,138.4,227.31,981.4,1,6,6,1,1
MARING,2021,2,CAGAYAN,BAGGAO,1853,5938,43,0,0,0,0,0,0,2253,1258696.0,TUGUEGARAO,CAGAYAN,35.84262703,10/7/2021,10/12/2021,118.0,100,STS,103.2,151.1,985.7,1,6,6,0,3
MARING,2021,2,CAGAYAN,BALLESTEROS,3,10,1,0,0,0,0,0,0,50,50000.0,APARRI,CAGAYAN,14.14369328,10/7/2021,10/12/2021,118.0,100,STS,138.4,227.31,981.4,1,6,6,0,3
MARING,2021,2,CAGAYAN,BUGUEY,4219,15801,26,0,0,0,0,13,13,2089,2423419.0,APARRI,CAGAYAN,21.32453539,10/7/2021,10/12/2021,118.0,100,STS,138.4,227.31,981.4,1,6,6,0,3
MARING,2021,2,CAGAYAN,CALAYAN,1000,3235,9,0,0,0,0,0,0,1400,653952.0,CALAYAN,CAGAYAN,3.925675123,10/7/2021,10/12/2021,118.0,100,STS,133.4,218.2,980.7,1,6,6,0,3
MARING,2021,2,CAGAYAN,CAMALANIUGAN,611,2476,13,0,0,0,1,0,1,1220,2779245.0,APARRI,CAGAYAN,10.53998482,10/7/2021,10/12/2021,118.0,100,STS,138.4,227.31,981.4,1,6,6,0,3
MARING,2021,2,CAGAYAN,CLAVERIA,36,144,5,1,0,0,0,0,0,36,180000.0,APARRI,CAGAYAN,61.74324569,10/7/2021,10/12/2021,118.0,100,STS,138.4,227.31,981.4,1,6,6,0,3
MARING,2021,2,CAGAYAN,GATTARAN,1891,6038,26,0,0,0,0,0,0,2200,2513192.0,APARRI,CAGAYAN,40.29307183,10/7/2021,10/12/2021,118.0,100,STS,138.4,227.31,981.4,1,6,6,0,3
MARING,2021,2,CAGAYAN,GONZAGA,1943,6357,21,0,0,0,5,1,6,3537,9471504.0,APARRI,CAGAYAN,52.36313462,10/7/2021,10/12/2021,118.0,100,STS,138.4,227.31,981.4,1,6,6,0,3
MARING,2021,2,CAGAYAN,IGUIG,6,12,2,0,0,0,0,4,4,0,0.0,TUGUEGARAO,CAGAYAN,15.80683663,10/7/2021,10/12/2021,118.0,100,STS,103.2,151.1,985.7,1,6,6,0,3
MARING,2021,2,CAGAYAN,LAL LO,488,1782,7,0,0,0,0,0,0,975,2683776.0,APARRI,CAGAYAN,31.89656343,10/7/2021,10/12/2021,118.0,100,STS,138.4,227.31,981.4,1,6,6,0,3
MARING,2021,2,CAGAYAN,LASAM,33,99,4,0,0,0,0,0,0,0,0.0,APARRI,CAGAYAN,35.12842454,10/7/2021,10/12/2021,118.0,100,STS,138.4,227.31,981.4,1,6,6,0,3
MARING,2021,2,CAGAYAN,PAMPLONA,200,629,9,0,0,0,0,0,0,450,1152400.0,APARRI,CAGAYAN,34.70954201,10/7/2021,10/12/2021,118.0,100,STS,138.4,227.31,981.4,1,6,6,0,3
MARING,2021,2,CAGAYAN,PENABLANCA,5,22,2,0,0,0,0,0,0,0,0.0,TUGUEGARAO,CAGAYAN,27.4325795,10/7/2021,10/12/2021,118.0,100,STS,103.2,151.1,985.7,1,6,6,0,3
MARING,2021,2,CAGAYAN,PIAT,13,20,1,0,0,0,0,0,0,0,0.0,TUGUEGARAO,CAGAYAN,27.0942548,10/7/2021,10/12/2021,118.0,100,STS,103.2,151.1,985.7,1,6,6,0,3
MARING,2021,2,CAGAYAN,RIZAL,99,344,5,0,0,0,0,0,0,99,47520.0,TUGUEGARAO,CAGAYAN,43.19189571,10/7/2021,10/12/2021,118.0,100,STS,103.2,151.1,985.7,1,6,6,0,3
MARING,2021,2,CAGAYAN,SANCHEZ MIRA,4,10,1,0,0,0,0,0,0,4,20000.0,APARRI,CAGAYAN,49.64414111,10/7/2021,10/12/2021,118.0,100,STS,138.4,227.31,981.4,1,6,6,0,3
MARING,2021,2,CAGAYAN,SANTA ANA,19,88,6,1,0,1,0,0,0,69,145000.0,APARRI,CAGAYAN,65.83345146,10/7/2021,10/12/2021,118.0,100,STS,138.4,227.31,981.4,1,6,6,0,3
MARING,2021,2,CAGAYAN,SANTA PRAXEDES,137,486,9,0,0,0,0,0,0,256,739040.0,APARRI,CAGAYAN,70.47562874,10/7/2021,10/12/2021,118.0,100,STS,138.4,227.31,981.4,1,6,6,0,3
MARING,2021,2,CAGAYAN,SANTA TERESITA,3009,14218,13,0,0,0,0,0,0,4977,16207509.0,APARRI,CAGAYAN,31.27081829,10/7/2021,10/12/2021,118.0,100,STS,138.4,227.31,981.4,1,6,6,1,1
MAYMAY,2022,2,CAGAYAN,ALLACAPAN,1114,4176,22,0,0,0,0,0,0,982,609384.53,APARRI,CAGAYAN,17.43143579,10/10/2022,10/12/2022,54.0,45,TD,132.9,280.7,1005.9,1,3,3,0,3
MAYMAY,2022,2,CAGAYAN,APARRI,5297,21011,29,0,0,0,0,0,0,3784,2249962.0,APARRI,CAGAYAN,0.131954557,10/10/2022,10/12/2022,54.0,45,TD,132.9,280.7,1005.9,1,3,3,0,3
MAYMAY,2022,2,CAGAYAN,BAGGAO,47,185,2,0,0,0,0,0,0,0,0.0,TUGUEGARAO,CAGAYAN,35.84262703,10/10/2022,10/12/2022,54.0,45,TD,79.2,124.4,1004.4,1,3,3,0,3
MAYMAY,2022,2,CAGAYAN,BALLESTEROS,393,1395,10,0,0,0,0,0,0,392,200704.0,APARRI,CAGAYAN,14.14369328,10/10/2022,10/12/2022,54.0,45,TD,132.9,280.7,1005.9,1,3,3,0,3
MAYMAY,2022,2,CAGAYAN,BUGUEY,1404,4948,30,0,0,0,0,0,0,1325,844400.0,APARRI,CAGAYAN,21.32453539,10/10/2022,10/12/2022,54.0,45,TD,132.9,280.7,1005.9,1,3,3,0,3
MAYMAY,2022,2,CAGAYAN,CAMALANIUGAN,465,1914,14,0,0,0,0,0,0,591,302592.0,APARRI,CAGAYAN,10.53998482,10/10/2022,10/12/2022,54.0,45,TD,132.9,280.7,1005.9,1,3,3,0,3
MAYMAY,2022,2,CAGAYAN,CLAVERIA,49,226,2,0,0,0,0,0,0,0,0.0,APARRI,CAGAYAN,61.74324569,10/10/2022,10/12/2022,54.0,45,TD,132.9,280.7,1005.9,1,3,3,0,3
MAYMAY,2022,2,CAGAYAN,GATTARAN,65,261,2,0,0,0,0,0,0,0,0.0,APARRI,CAGAYAN,40.29307183,10/10/2022,10/12/2022,54.0,45,TD,132.9,280.7,1005.9,1,3,3,0,3
MAYMAY,2022,2,CAGAYAN,GONZAGA,540,1956,14,0,0,0,0,0,0,171,87552.0,APARRI,CAGAYAN,52.36313462,10/10/2022,10/12/2022,54.0,45,TD,132.9,280.7,1005.9,1,3,3,0,3
MAYMAY,2022,2,CAGAYAN,LAL LO,450,1550,14,0,0,0,0,0,0,135,69120.0,APARRI,CAGAYAN,31.89656343,10/10/2022,10/12/2022,54.0,45,TD,132.9,280.7,1005.9,1,3,3,0,3
MAYMAY,2022,2,CAGAYAN,LASAM,285,1008,10,0,0,0,0,0,0,215,110080.0,APARRI,CAGAYAN,35.12842454,10/10/2022,10/12/2022,54.0,45,TD,132.9,280.7,1005.9,1,3,3,0,3
MAYMAY,2022,2,CAGAYAN,PAMPLONA,182,536,7,0,0,0,0,0,0,0,0.0,APARRI,CAGAYAN,34.70954201,10/10/2022,10/12/2022,54.0,45,TD,132.9,280.7,1005.9,1,3,3,0,3
MAYMAY,2022,2,CAGAYAN,RIZAL,18,54,2,0,0,0,0,0,0,18,9216.0,TUGUEGARAO,CAGAYAN,43.19189571,10/10/2022,10/12/2022,54.0,45,TD,79.2,124.4,1004.4,1,3,3,0,3
MAYMAY,2022,2,CAGAYAN,SANCHEZ MIRA,24,91,3,0,0,0,0,0,0,0,0.0,APARRI,CAGAYAN,49.64414111,10/10/2022,10/12/2022,54.0,45,TD,132.9,280.7,1005.9,1,3,3,0,3
MAYMAY,2022,2,CAGAYAN,SANTA ANA,1,4,1,1,0,0,0,0,0,0,0.0,APARRI,CAGAYAN,65.83345146,10/10/2022,10/12/2022,54.0,45,TD,132.9,280.7,1005.9,1,3,3,0,3
MAYMAY,2022,2,CAGAYAN,SANTA TERESITA,692,2649,10,0,0,0,0,0,0,500,251000.0,APARRI,CAGAYAN,31.27081829,10/10/2022,10/12/2022,54.0,45,TD,132.9,280.7,1005.9,1,3,3,0,3
NENENG,2022,2,CAGAYAN,ABULUG,553,1960,7,0,0,0,0,0,0,2600,1677950.0,APARRI,CAGAYAN,22.68592548,10/13/2022,10/16/2022,78.2,120,TY,323.8,362.5,992.2,1,4,4,0,3
NENENG,2022,2,CAGAYAN,ALLACAPAN,2145,7945,22,0,0,0,0,0,0,1621,904313.0,APARRI,CAGAYAN,17.43143579,10/13/2022,10/16/2022,78.2,120,TY,323.8,362.5,992.2,1,4,4,0,3
NENENG,2022,2,CAGAYAN,APARRI,15241,53283,36,0,0,0,0,0,0,11100,7197005.0,APARRI,CAGAYAN,0.131954557,10/13/2022,10/16/2022,78.2,120,TY,323.8,362.5,992.2,1,4,4,1,1
NENENG,2022,2,CAGAYAN,BAGGAO,390,1053,6,0,0,0,0,0,0,289,145078.0,TUGUEGARAO,CAGAYAN,35.84262703,10/13/2022,10/16/2022,78.2,120,TY,70.2,70.51,996.5,1,4,4,0,3
NENENG,2022,2,CAGAYAN,BALLESTEROS,3130,10914,17,0,0,0,0,0,0,4338,2895511.0,APARRI,CAGAYAN,14.14369328,10/13/2022,10/16/2022,78.2,120,TY,323.8,362.5,992.2,1,4,4,0,3
NENENG,2022,2,CAGAYAN,BUGUEY,3081,10697,28,0,0,0,0,0,0,277,339248.0,APARRI,CAGAYAN,21.32453539,10/13/2022,10/16/2022,78.2,120,TY,323.8,362.5,992.2,1,4,4,0,3
NENENG,2022,2,CAGAYAN,CALAYAN,1107,3450,12,0,0,0,47,0,47,55,28160.0,CALAYAN,CAGAYAN,3.925675123,10/13/2022,10/16/2022,78.2,120,TY,228.8,249.1,984.5,1,4,4,0,3
NENENG,2022,2,CAGAYAN,CAMALANIUGAN,1028,4061,21,0,0,0,0,0,0,2020,1517090.2,APARRI,CAGAYAN,10.53998482,10/13/2022,10/16/2022,78.2,120,TY,323.8,362.5,992.2,1,4,4,0,3
NENENG,2022,2,CAGAYAN,CLAVERIA,3206,11905,38,0,0,0,0,0,0,4600,2896080.0,APARRI,CAGAYAN,61.74324569,10/13/2022,10/16/2022,78.2,120,TY,323.8,362.5,992.2,1,4,4,0,3
NENENG,2022,2,CAGAYAN,GATTARAN,119,430,7,0,0,0,0,0,0,0,0.0,APARRI,CAGAYAN,40.29307183,10/13/2022,10/16/2022,78.2,120,TY,323.8,362.5,992.2,1,4,4,0,3
NENENG,2022,2,CAGAYAN,GONZAGA,1680,6224,20,0,0,0,0,0,0,1105,731758.2,APARRI,CAGAYAN,52.36313462,10/13/2022,10/16/2022,78.2,120,TY,323.8,362.5,992.2,1,4,4,0,3
NENENG,2022,2,CAGAYAN,LAL LO,392,1252,10,0,0,0,0,0,0,853,519736.0,APARRI,CAGAYAN,31.89656343,10/13/2022,10/16/2022,78.2,120,TY,323.8,362.5,992.2,1,4,4,0,3
NENENG,2022,2,CAGAYAN,LASAM,16,46,1,0,0,0,0,0,0,10,5120.0,APARRI,CAGAYAN,35.12842454,10/13/2022,10/16/2022,78.2,120,TY,323.8,362.5,992.2,1,4,4,0,3
NENENG,2022,2,CAGAYAN,PAMPLONA,1269,4826,14,0,0,0,0,1,1,2742,1635655.36,APARRI,CAGAYAN,34.70954201,10/13/2022,10/16/2022,78.2,120,TY,323.8,362.5,992.2,1,4,4,0,3
NENENG,2022,2,CAGAYAN,SANCHEZ MIRA,8625,28266,18,0,0,0,0,13,13,4600,3008699.0,APARRI,CAGAYAN,49.64414111,10/13/2022,10/16/2022,78.2,120,TY,323.8,362.5,992.2,1,4,4,0,3
NENENG,2022,2,CAGAYAN,SANTA ANA,805,3757,15,0,0,0,0,0,0,2557,2055784.0,APARRI,CAGAYAN,65.83345146,10/13/2022,10/16/2022,78.2,120,TY,323.8,362.5,992.2,1,4,4,0,3
NENENG,2022,2,CAGAYAN,SANTA PRAXEDES,1203,3715,10,0,0,0,2,47,49,1500,950595.0,APARRI,CAGAYAN,70.47562874,10/13/2022,10/16/2022,78.2,120,TY,323.8,362.5,992.2,1,4,4,0,3
NENENG,2022,2,CAGAYAN,SANTA TERESITA,1187,3907,10,0,0,0,0,0,0,1203,929815.2,APARRI,CAGAYAN,31.27081829,10/13/2022,10/16/2022,78.2,120,TY,323.8,362.5,992.2,1,4,4,0,3
OBET,2022,2,CAGAYAN,APARRI,2202,7516,13,0,0,0,0,0,0,500,337500.0,APARRI,CAGAYAN,0.131954557,10/19/2022,10/22/2022,86.5,55,TD,106.0,202.8,1001.6,1,4,4,0,3
OBET,2022,2,CAGAYAN,BAGGAO,46,125,2,0,0,0,0,0,0,0,0.0,TUGUEGARAO,CAGAYAN,35.84262703,10/19/2022,10/22/2022,86.5,55,TD,46.4,78.3,1008.6,1,4,4,0,3
OBET,2022,2,CAGAYAN,BALLESTEROS,4103,13219,18,0,0,0,0,0,0,0,0.0,APARRI,CAGAYAN,14.14369328,10/19/2022,10/22/2022,86.5,55,TD,106.0,202.8,1001.6,1,4,4,0,3
OBET,2022,2,CAGAYAN,CAMALANIUGAN,168,658,2,0,0,0,0,0,0,0,0.0,APARRI,CAGAYAN,10.53998482,10/19/2022,10/22/2022,86.5,55,TD,106.0,202.8,1001.6,1,4,4,0,3
OBET,2022,2,CAGAYAN,CLAVERIA,24,84,8,0,0,0,0,0,0,0,0.0,APARRI,CAGAYAN,61.74324569,10/19/2022,10/22/2022,86.5,55,TD,106.0,202.8,1001.6,1,4,4,0,3
OBET,2022,2,CAGAYAN,LAL LO,30,83,1,0,0,0,0,0,0,0,0.0,APARRI,CAGAYAN,31.89656343,10/19/2022,10/22/2022,86.5,55,TD,106.0,202.8,1001.6,1,4,4,0,3
OBET,2022,2,CAGAYAN,PAMPLONA,213,738,3,0,0,0,0,0,0,0,0.0,APARRI,CAGAYAN,34.70954201,10/19/2022,10/22/2022,86.5,55,TD,106.0,202.8,1001.6,1,4,4,0,3
OBET,2022,2,CAGAYAN,SANTA ANA,82,280,6,0,0,0,0,0,0,0,0.0,APARRI,CAGAYAN,65.83345146,10/19/2022,10/22/2022,86.5,55,TD,106.0,202.8,1001.6,1,4,4,0,3
OBET,2022,2,CAGAYAN,SANTA PRAXEDES,58,170,6,0,0,0,0,0,0,0,0.0,APARRI,CAGAYAN,70.47562874,10/19/2022,10/22/2022,86.5,55,TD,106.0,202.8,1001.6,1,4,4,0,3
PAENG,2022,2,CAGAYAN,ABULUG,142,455,7,0,0,0,0,3,3,0,0.0,APARRI,CAGAYAN,22.68592548,10/26/2022,10/31/2022,124.7,110,STS,75.6,120.4,999.8,1,6,6,0,3
PAENG,2022,2,CAGAYAN,ALCALA,3199,9974,19,0,0,0,0,0,0,1062,641000.0,TUGUEGARAO,CAGAYAN,33.47966585,10/26/2022,10/31/2022,124.7,110,STS,39.0,56.81,998.6,1,6,6,0,3
PAENG,2022,2,CAGAYAN,ALLACAPAN,50,175,1,0,0,0,0,0,0,0,0.0,APARRI,CAGAYAN,17.43143579,10/26/2022,10/31/2022,124.7,110,STS,75.6,120.4,999.8,1,6,6,0,3
PAENG,2022,2,CAGAYAN,AMULUNG,5164,15637,35,1,0,0,1,0,1,4265,1671344.0,TUGUEGARAO,CAGAYAN,23.45790751,10/26/2022,10/31/2022,124.7,110,STS,39.0,56.81,998.6,1,6,6,0,3
PAENG,2022,2,CAGAYAN,APARRI,3347,3347,15,0,0,0,0,0,0,1000,678000.0,APARRI,CAGAYAN,0.131954557,10/26/2022,10/31/2022,124.7,110,STS,75.6,120.4,999.8,1,6,6,0,3
PAENG,2022,2,CAGAYAN,BAGGAO,580,1704,12,0,0,0,0,0,0,211,107722.0,TUGUEGARAO,CAGAYAN,35.84262703,10/26/2022,10/31/2022,124.7,110,STS,39.0,56.81,998.6,1,6,6,0,3
PAENG,2022,2,CAGAYAN,BALLESTEROS,87,319,7,0,0,0,0,0,0,0,0.0,APARRI,CAGAYAN,14.14369328,10/26/2022,10/31/2022,124.7,110,STS,75.6,120.4,999.8,1,6,6,0,3
PAENG,2022,2,CAGAYAN,BUGUEY,131,446,3,0,0,0,0,0,0,0,0.0,APARRI,CAGAYAN,21.32453539,10/26/2022,10/31/2022,124.7,110,STS,75.6,120.4,999.8,1,6,6,0,3
PAENG,2022,2,CAGAYAN,CAMALANIUGAN,631,2479,15,0,0,0,0,0,0,1000,678000.0,APARRI,CAGAYAN,10.53998482,10/26/2022,10/31/2022,124.7,110,STS,75.6,120.4,999.8,1,6,6,0,3
PAENG,2022,2,CAGAYAN,ENRILE,8261,8261,15,0,0,0,0,0,0,3897,2224050.6,TUGUEGARAO,CAGAYAN,6.91746225,10/26/2022,10/31/2022,124.7,110,STS,39.0,56.81,998.6,1,6,6,0,3
PAENG,2022,2,CAGAYAN,GATTARAN,377,1281,11,0,0,0,0,0,0,388,2165040.0,APARRI,CAGAYAN,40.29307183,10/26/2022,10/31/2022,124.7,110,STS,75.6,120.4,999.8,1,6,6,0,3
PAENG,2022,2,CAGAYAN,GONZAGA,1680,6224,20,0,0,0,0,0,0,0,0.0,APARRI,CAGAYAN,52.36313462,10/26/2022,10/31/2022,124.7,110,STS,75.6,120.4,999.8,1,6,6,0,3
PAENG,2022,2,CAGAYAN,IGUIG,258,851,10,0,0,0,0,0,0,3957,719820.0,TUGUEGARAO,CAGAYAN,15.80683663,10/26/2022,10/31/2022,124.7,110,STS,39.0,56.81,998.6,1,6,6,0,3
PAENG,2022,2,CAGAYAN,LAL LO,1681,5679,15,0,0,0,0,0,0,0,0.0,APARRI,CAGAYAN,31.89656343,10/26/2022,10/31/2022,124.7,110,STS,75.6,120.4,999.8,1,6,6,0,3
PAENG,2022,2,CAGAYAN,LASAM,156,562,7,0,0,0,0,0,0,155,79360.0,APARRI,CAGAYAN,35.12842454,10/26/2022,10/31/2022,124.7,110,STS,75.6,120.4,999.8,1,6,6,0,3
PAENG,2022,2,CAGAYAN,PAMPLONA,88,285,3,0,0,0,0,1,1,0,0.0,APARRI,CAGAYAN,34.70954201,10/26/2022,10/31/2022,124.7,110,STS,75.6,120.4,999.8,1,6,6,0,3
PAENG,2022,2,CAGAYAN,PIAT,2,5,1,0,0,0,0,0,0,0,0.0,TUGUEGARAO,CAGAYAN,27.0942548,10/26/2022,10/31/2022,124.7,110,STS,39.0,56.81,998.6,1,6,6,0,3
PAENG,2022,2,CAGAYAN,RIZAL,16,16,2,0,0,0,0,0,0,0,0.0,TUGUEGARAO,CAGAYAN,43.19189571,10/26/2022,10/31/2022,124.7,110,STS,39.0,56.81,998.6,1,6,6,0,3
PAENG,2022,2,CAGAYAN,SANTA ANA,76,277,5,0,0,0,0,0,0,0,0.0,APARRI,CAGAYAN,65.83345146,10/26/2022,10/31/2022,124.7,110,STS,75.6,120.4,999.8,1,6,6,0,3
PAENG,2022,2,CAGAYAN,SANTA PRAXEDES,36,100,7,0,0,0,0,0,0,0,0.0,APARRI,CAGAYAN,70.47562874,10/26/2022,10/31/2022,124.7,110,STS,75.6,120.4,999.8,1,6,6,0,3
PAENG,2022,2,CAGAYAN,SANTA TERESITA,643,2219,7,0,0,0,0,0,0,0,0.0,APARRI,CAGAYAN,31.27081829,10/26/2022,10/31/2022,124.7,110,STS,75.6,120.4,999.8,1,6,6,0,3
PAENG,2022,2,CAGAYAN,SANTO NINO,2428,7984,10,0,0,0,0,2,2,3314,1060399.0,TUGUEGARAO,CAGAYAN,41.52522939,10/26/2022,10/31/2022,124.7,110,STS,39.0,56.81,998.6,1,6,6,0,3
PAENG,2022,2,CAGAYAN,SOLANA,2894,2894,12,0,0,0,0,0,0,3540,697416.6,TUGUEGARAO,CAGAYAN,10.80183139,10/26/2022,10/31/2022,124.7,110,STS,39.0,56.81,998.6,1,6,6,0,3
PAENG,2022,2,CAGAYAN,TUAO,43,156,1,0,0,0,43,0,43,313,468240.0,TUGUEGARAO,CAGAYAN,25.02237836,10/26/2022,10/31/2022,124.7,110,STS,39.0,56.81,998.6,1,6,6,0,3
PAENG,2022,2,CAGAYAN,TUGUEGARAO CITY,11592,39537,41,0,0,0,0,1,1,5011,4285500.0,TUGUEGARAO,CAGAYAN,3.617549461,10/26/2022,10/31/2022,124.7,110,STS,39.0,56.81,998.6,1,6,6,1,1
PEPITO,2020,2,CAGAYAN,RIZAL,115,410,2,0,0,0,0,0,0,0,0.0,TUGUEGARAO,CAGAYAN,43.19189571,10/19/2020,10/22/2020,80.0,120,TY,31.1,40.91,1000.8,1,4,4,0,3
PEPITO,2020,2,CAGAYAN,TUGUEGARAO CITY,58,255,2,0,0,0,0,0,0,0,0.0,TUGUEGARAO,CAGAYAN,3.617549461,10/19/2020,10/22/2020,80.0,120,TY,31.1,40.91,1000.8,1,4,4,0,3
QUINTA,2020,2,CAGAYAN,ABULUG,8,40,1,0,0,0,0,0,0,8,3763.6,APARRI,CAGAYAN,22.68592548,10/23/2020,10/27/2020,71.0,150,TY,90.4,147.0,1006.0,1,5,5,0,3
QUINTA,2020,2,CAGAYAN,ALLACAPAN,29,120,1,0,0,0,0,0,0,0,0.0,APARRI,CAGAYAN,17.43143579,10/23/2020,10/27/2020,71.0,150,TY,90.4,147.0,1006.0,1,5,5,0,3
QUINTA,2020,2,CAGAYAN,BAGGAO,5,12,1,0,0,0,0,0,0,0,0.0,TUGUEGARAO,CAGAYAN,35.84262703,10/23/2020,10/27/2020,71.0,150,TY,102.1,122.6,1004.9,1,5,5,0,3
QUINTA,2020,2,CAGAYAN,CLAVERIA,6168,23816,42,0,0,0,4,3,7,1500,705225.0,APARRI,CAGAYAN,61.74324569,10/23/2020,10/27/2020,71.0,150,TY,90.4,147.0,1006.0,1,5,5,0,3
QUINTA,2020,2,CAGAYAN,PAMPLONA,154,501,10,0,0,0,0,0,0,0,0.0,APARRI,CAGAYAN,34.70954201,10/23/2020,10/27/2020,71.0,150,TY,90.4,147.0,1006.0,1,5,5,0,3
QUINTA,2020,2,CAGAYAN,RIZAL,85,330,1,0,0,0,0,0,0,0,0.0,TUGUEGARAO,CAGAYAN,43.19189571,10/23/2020,10/27/2020,71.0,150,TY,102.1,122.6,1004.9,1,5,5,0,3
QUINTA,2020,2,CAGAYAN,SANCHEZ MIRA,845,3200,14,1,0,0,0,0,0,667,313790.15,APARRI,CAGAYAN,49.64414111,10/23/2020,10/27/2020,71.0,150,TY,90.4,147.0,1006.0,1,5,5,0,3
QUINTA,2020,2,CAGAYAN,SANTA PRAXEDES,227,749,10,0,0,0,0,0,0,300,141135.0,APARRI,CAGAYAN,70.47562874,10/23/2020,10/27/2020,71.0,150,TY,90.4,147.0,1006.0,1,5,5,0,3
QUINTA,2020,2,CAGAYAN,TUGUEGARAO CITY,38,142,2,0,0,0,0,0,0,0,0.0,TUGUEGARAO,CAGAYAN,3.617549461,10/23/2020,10/27/2020,71.0,150,TY,102.1,122.6,1004.9,1,5,5,0,3
BETTY,2023,2,ISABELA,DIVILACAN,57,274,11,0,0,0,0,0,0,0,0.0,TUGUEGARAO,CAGAYAN,59.89487868,5/27/2023,6/1/2023,133.0,195,STY,3.4,3.63,997.1,1,6,6,0,3
BETTY,2023,2,ISABELA,MACONACON,250,1250,9,0,0,0,0,0,0,0,0.0,TUGUEGARAO,CAGAYAN,51.43999769,5/27/2023,6/1/2023,133.0,195,STY,3.4,3.63,997.1,1,6,6,0,3
BETTY,2023,2,ISABELA,PALANAN,6,20,1,0,0,0,0,0,0,0,0.0,CASIGURAN,AURORA,93.85760288,5/27/2023,6/1/2023,133.0,195,STY,0.01,0.02,997.1,1,6,6,0,3
FLORITA,2022,2,ISABELA,BENITO SOLIVEN,26,95,1,0,0,0,0,0,0,0,0.0,CASIGURAN,AURORA,70.81978189,8/21/2022,8/24/2022,74.0,110,STS,64.1,93.0,996.8,1,4,4,0,3
FLORITA,2022,2,ISABELA,CABAGAN,5,20,1,0,0,0,0,0,0,0,0.0,TUGUEGARAO,CAGAYAN,29.63713485,8/21/2022,8/24/2022,74.0,110,STS,146.0,234.5,989.1,1,4,4,0,3
FLORITA,2022,2,ISABELA,CAUAYAN CITY,28,135,1,0,0,0,0,0,0,0,0.0,CASIGURAN,AURORA,76.77999009,8/21/2022,8/24/2022,74.0,110,STS,64.1,93.0,996.8,1,4,4,0,3
FLORITA,2022,2,ISABELA,DELFIN ALBANO,8,30,2,0,0,0,4,0,4,16,8192.0,TUGUEGARAO,CAGAYAN,38.67122442,8/21/2022,8/24/2022,74.0,110,STS,146.0,234.5,989.1,1,4,4,0,3
FLORITA,2022,2,ISABELA,DIVILACAN,1354,5442,12,0,0,0,0,0,0,0,0.0,TUGUEGARAO,CAGAYAN,59.89487868,8/21/2022,8/24/2022,74.0,110,STS,146.0,234.5,989.1,1,4,4,0,3
FLORITA,2022,2,ISABELA,ECHAGUE,5,16,1,0,0,0,0,0,0,0,0.0,CASIGURAN,AURORA,49.7194589,8/21/2022,8/24/2022,74.0,110,STS,64.1,93.0,996.8,1,4,4,0,3
FLORITA,2022,2,ISABELA,ILAGAN CITY,16,62,4,0,0,0,0,0,0,0,0.0,TUGUEGARAO,CAGAYAN,58.76266111,8/21/2022,8/24/2022,74.0,110,STS,146.0,234.5,989.1,1,4,4,0,3
FLORITA,2022,2,ISABELA,MACONACON,273,963,10,0,0,0,0,0,0,290,287897.5,TUGUEGARAO,CAGAYAN,51.43999769,8/21/2022,8/24/2022,74.0,110,STS,146.0,234.5,989.1,1,4,4,0,3
FLORITA,2022,2,ISABELA,PALANAN,14,49,3,0,0,0,0,0,0,0,0.0,CASIGURAN,AURORA,93.85760288,8/21/2022,8/24/2022,74.0,110,STS,64.1,93.0,996.8,1,4,4,0,3
FLORITA,2022,2,ISABELA,SAN GUILLERMO,5,20,2,0,0,0,0,0,0,0,0.0,CASIGURAN,AURORA,47.89397868,8/21/2022,8/24/2022,74.0,110,STS,64.1,93.0,996.8,1,4,4,0,3
FLORITA,2022,2,ISABELA,SAN ISIDRO,2,6,1,0,0,0,0,0,0,0,0.0,CASIGURAN,AURORA,73.5688751,8/21/2022,8/24/2022,74.0,110,STS,64.1,93.0,996.8,1,4,4,0,3
FLORITA,2022,2,ISABELA,SAN MANUEL,15,54,1,0,0,0,0,0,0,0,0.0,TUGUEGARAO,CAGAYAN,65.56667117,8/21/2022,8/24/2022,74.0,110,STS,146.0,234.5,989.1,1,4,4,0,3
FLORITA,2022,2,ISABELA,SAN MARIANO,15,42,4,0,0,0,0,0,0,0,0.0,CASIGURAN,AURORA,66.0965385,8/21/2022,8/24/2022,74.0,110,STS,64.1,93.0,996.8,1,4,4,0,3
FLORITA,2022,2,ISABELA,SAN PABLO CITY,334,1356,1,0,0,0,0,0,0,0,0.0,TUGUEGARAO,CAGAYAN,33.59003943,8/21/2022,8/24/2022,74.0,110,STS,146.0,234.5,989.1,1,4,4,0,3
FLORITA,2022,2,ISABELA,SANTA MARIA,0,0,0,0,0,0,0,0,0,1,10000.0,TUGUEGARAO,CAGAYAN,15.48389659,8/21/2022,8/24/2022,74.0,110,STS,146.0,234.5,989.1,1,4,4,0,3
FLORITA,2022,2,ISABELA,SANTO TOMAS,43,160,4,0,0,0,0,0,0,0,0.0,TUGUEGARAO,CAGAYAN,27.56526529,8/21/2022,8/24/2022,74.0,110,STS,146.0,234.5,989.1,1,4,4,0,3
FLORITA,2022,2,ISABELA,TUMAUINI,10,41,2,0,0,0,0,0,0,0,0.0,TUGUEGARAO,CAGAYAN,42.1145487,8/21/2022,8/24/2022,74.0,110,STS,146.0,234.5,989.1,1,4,4,0,3
KARDING,2022,2,ISABELA,DINAPIGUE,39,142,3,0,0,0,0,0,0,39,19968.0,CASIGURAN,AURORA,45.628028,9/22/2022,9/26/2022,114.0,195,STY,103.0,207.2,1000.8,1,5,5,0,3
KARDING,2022,2,ISABELA,DIVILACAN,44,128,3,0,0,0,0,0,0,0,0.0,TUGUEGARAO,CAGAYAN,59.89487868,9/22/2022,9/26/2022,114.0,195,STY,22.4,29.8,1002.8,1,5,5,0,3
KARDING,2022,2,ISABELA,PALANAN,16,77,2,0,0,0,0,0,0,0,0.0,CASIGURAN,AURORA,93.85760288,9/22/2022,9/26/2022,114.0,195,STY,103.0,207.2,1000.8,1,5,5,0,3
KARDING,2022,2,ISABELA,RAMON,8,27,1,0,0,0,0,0,0,8,4096.0,CASIGURAN,AURORA,85.95118407,9/22/2022,9/26/2022,114.0,195,STY,103.0,207.2,1000.8,1,5,5,0,3
KARDING,2022,2,ISABELA,SAN GUILLERMO,12,35,5,0,0,0,0,0,0,0,0.0,CASIGURAN,AURORA,47.89397868,9/22/2022,9/26/2022,114.0,195,STY,103.0,207.2,1000.8,1,5,5,0,3
KIKO,2021,2,ISABELA,DIVILACAN,125,537,5,0,0,0,0,0,0,0,0.0,TUGUEGARAO,CAGAYAN,59.89487868,9/7/2021,9/12/2021,116.0,215,STY,57.8,64.8,1002.1,1,6,6,0,3
KIKO,2021,2,ISABELA,MACONACON,97,265,8,0,0,0,0,0,0,0,0.0,TUGUEGARAO,CAGAYAN,51.43999769,9/7/2021,9/12/2021,116.0,215,STY,57.8,64.8,1002.1,1,6,6,0,3
MARING,2021,2,ISABELA,DIVILACAN,16,62,2,0,0,0,0,0,0,0,0.0,TUGUEGARAO,CAGAYAN,59.89487868,10/7/2021,10/12/2021,118.0,100,STS,103.2,151.1,985.7,1,6,6,0,3
MAYMAY,2022,2,ISABELA,PALANAN,7,32,1,0,0,0,0,0,0,0,0.0,CASIGURAN,AURORA,93.85760288,10/10/2022,10/12/2022,54.0,45,TD,0.0,0.0,1004.3,1,3,3,0,3
PAENG,2022,2,ISABELA,ALICIA,3816,13599,34,0,0,0,0,0,0,2273,1538941.5,CASIGURAN,AURORA,75.64826582,10/26/2022,10/31/2022,124.7,110,STS,147.4,282.7,998.1,1,6,6,0,3
PAENG,2022,2,ISABELA,ANGADANAN,4395,14562,39,0,0,0,0,0,0,88,44176.0,CASIGURAN,AURORA,65.35277,10/26/2022,10/31/2022,124.7,110,STS,147.4,282.7,998.1,1,6,6,0,3
PAENG,2022,2,ISABELA,AURORA,214,713,9,0,0,0,0,0,0,414,394178.0,TUGUEGARAO,CAGAYAN,70.83150607,10/26/2022,10/31/2022,124.7,110,STS,39.0,56.81,998.6,1,6,6,0,3
PAENG,2022,2,ISABELA,BENITO SOLIVEN,893,3195,5,0,0,0,0,0,0,98,49196.0,CASIGURAN,AURORA,70.81978189,10/26/2022,10/31/2022,124.7,110,STS,147.4,282.7,998.1,1,6,6,0,3
PAENG,2022,2,ISABELA,BURGOS,9,9,1,0,0,0,0,0,0,1,502.0,TUGUEGARAO,CAGAYAN,62.51088232,10/26/2022,10/31/2022,124.7,110,STS,39.0,56.81,998.6,1,6,6,0,3
PAENG,2022,2,ISABELA,CABAGAN,4136,20680,15,0,0,0,0,0,0,1084,689793.0,TUGUEGARAO,CAGAYAN,29.63713485,10/26/2022,10/31/2022,124.7,110,STS,39.0,56.81,998.6,1,6,6,0,3
PAENG,2022,2,ISABELA,CABATUAN,225,718,8,0,0,0,0,0,0,945,799490.0,TUGUEGARAO,CAGAYAN,75.43038481,10/26/2022,10/31/2022,124.7,110,STS,39.0,56.81,998.6,1,6,6,0,3
PAENG,2022,2,ISABELA,CAUAYAN CITY,3318,10452,36,0,0,0,0,0,0,0,0.0,CASIGURAN,AURORA,76.77999009,10/26/2022,10/31/2022,124.7,110,STS,147.4,282.7,998.1,1,6,6,0,3
PAENG,2022,2,ISABELA,CORDON,1076,1076,23,0,0,0,0,0,0,0,0.0,CASIGURAN,AURORA,83.23399024,10/26/2022,10/31/2022,124.7,110,STS,147.4,282.7,998.1,1,6,6,0,3
PAENG,2022,2,ISABELA,DELFIN ALBANO,413,1103,13,0,0,0,0,0,0,1529,829832.0,TUGUEGARAO,CAGAYAN,38.67122442,10/26/2022,10/31/2022,124.7,110,STS,39.0,56.81,998.6,1,6,6,0,3
PAENG,2022,2,ISABELA,DIVILACAN,156,618,9,0,0,0,0,0,0,0,0.0,TUGUEGARAO,CAGAYAN,59.89487868,10/26/2022,10/31/2022,124.7,110,STS,39.0,56.81,998.6,1,6,6,0,3
PAENG,2022,2,ISABELA,ECHAGUE,60,239,4,0,0,0,0,0,0,1000,558000.0,CASIGURAN,AURORA,49.7194589,10/26/2022,10/31/2022,124.7,110,STS,147.4,282.7,998.1,1,6,6,0,3
PAENG,2022,2,ISABELA,GAMU,50,167,5,0,0,0,0,0,0,0,0.0,TUGUEGARAO,CAGAYAN,60.97551906,10/26/2022,10/31/2022,124.7,110,STS,39.0,56.81,998.6,1,6,6,0,3
PAENG,2022,2,ISABELA,ILAGAN CITY,6307,21700,32,0,0,0,0,0,0,200,2239444.0,TUGUEGARAO,CAGAYAN,58.76266111,10/26/2022,10/31/2022,124.7,110,STS,39.0,56.81,998.6,1,6,6,0,3
PAENG,2022,2,ISABELA,JONES,30,86,3,0,0,0,0,0,0,0,0.0,CASIGURAN,AURORA,47.70028386,10/26/2022,10/31/2022,124.7,110,STS,147.4,282.7,998.1,1,6,6,0,3
PAENG,2022,2,ISABELA,LUNA,98,333,4,0,0,0,0,0,0,290,264637.5,TUGUEGARAO,CAGAYAN,70.71601041,10/26/2022,10/31/2022,124.7,110,STS,39.0,56.81,998.6,1,6,6,0,3
PAENG,2022,2,ISABELA,MACONACON,3,14,1,0,0,0,0,0,0,0,0.0,TUGUEGARAO,CAGAYAN,51.43999769,10/26/2022,10/31/2022,124.7,110,STS,39.0,56.81,998.6,1,6,6,0,3
PAENG,2022,2,ISABELA,NAGUILIAN,200,200,5,0,0,0,0,7,7,200,135600.0,TUGUEGARAO,CAGAYAN,70.33303052,10/26/2022,10/31/2022,124.7,110,STS,39.0,56.81,998.6,1,6,6,0,3
PAENG,2022,2,ISABELA,PALANAN,18,148,1,0,0,0,0,0,0,0,0.0,CASIGURAN,AURORA,93.85760288,10/26/2022,10/31/2022,124.7,110,STS,147.4,282.7,998.1,1,6,6,0,3
PAENG,2022,2,ISABELA,QUIRINO,73,233,2,0,0,0,0,0,0,104,376237.6,TUGUEGARAO,CAGAYAN,50.53742316,10/26/2022,10/31/2022,124.7,110,STS,39.0,56.81,998.6,1,6,6,0,3
PAENG,2022,2,ISABELA,RAMON,27,27,7,0,0,0,0,1,1,0,0.0,CASIGURAN,AURORA,85.95118407,10/26/2022,10/31/2022,124.7,110,STS,147.4,282.7,998.1,1,6,6,0,3
PAENG,2022,2,ISABELA,REINA MERCEDES,76,76,11,0,0,0,0,0,0,27,13824.0,TUGUEGARAO,CAGAYAN,67.91542977,10/26/2022,10/31/2022,124.7,110,STS,39.0,56.81,998.6,1,6,6,0,3
PAENG,2022,2,ISABELA,ROXAS CITY,1079,3915,11,0,0,0,0,1,1,0,0.0,TUGUEGARAO,CAGAYAN,58.35059824,10/26/2022,10/31/2022,124.7,110,STS,39.0,56.81,998.6,1,6,6,0,3
PAENG,2022,2,ISABELA,SAN AGUSTIN,19,61,3,0,0,0,0,0,0,0,0.0,CASIGURAN,AURORA,37.50367927,10/26/2022,10/31/2022,124.7,110,STS,147.4,282.7,998.1,1,6,6,0,3
PAENG,2022,2,ISABELA,SAN GUILLERMO,42,139,6,0,0,0,0,1,1,126,64512.0,CASIGURAN,AURORA,47.89397868,10/26/2022,10/31/2022,124.7,110,STS,147.4,282.7,998.1,1,6,6,0,3
PAENG,2022,2,ISABELA,SAN ISIDRO,214,658,8,0,0,0,0,0,0,632,676606.0,CASIGURAN,AURORA,73.5688751,10/26/2022,10/31/2022,124.7,110,STS,147.4,282.7,998.1,1,6,6,0,3
PAENG,2022,2,ISABELA,SAN MANUEL,45,166,5,0,0,0,0,0,0,0,0.0,TUGUEGARAO,CAGAYAN,65.56667117,10/26/2022,10/31/2022,124.7,110,STS,39.0,56.81,998.6,1,6,6,0,3
PAENG,2022,2,ISABELA,SAN MARIANO,19,102,3,0,0,0,0,0,0,0,0.0,CASIGURAN,AURORA,66.0965385,10/26/2022,10/31/2022,124.7,110,STS,147.4,282.7,998.1,1,6,6,0,3
PAENG,2022,2,ISABELA,SAN MATEO,1368,5263,8,0,0,0,0,0,0,1302,1240477.1,TUGUEGARAO,CAGAYAN,83.27877929,10/26/2022,10/31/2022,124.7,110,STS,39.0,56.81,998.6,1,6,6,0,3
PAENG,2022,2,ISABELA,SAN PABLO CITY,1726,6031,7,0,0,0,0,0,0,1394,697000.0,TUGUEGARAO,CAGAYAN,33.59003943,10/26/2022,10/31/2022,124.7,110,STS,39.0,56.81,998.6,1,6,6,0,3
PAENG,2022,2,ISABELA,SANTA MARIA,1902,7649,11,0,0,0,0,0,0,1077,1053416.6,TUGUEGARAO,CAGAYAN,15.48389659,10/26/2022,10/31/2022,124.7,110,STS,39.0,56.81,998.6,1,6,6,0,3
PAENG,2022,2,ISABELA,SANTIAGO CITY,3084,11533,22,0,0,0,0,0,0,2700,1246500.0,CASIGURAN,AURORA,82.68154488,10/26/2022,10/31/2022,124.7,110,STS,147.4,282.7,998.1,1,6,6,0,3
PAENG,2022,2,ISABELA,SANTO TOMAS,9452,29553,27,0,0,0,0,0,0,5902,3521558.6,TUGUEGARAO,CAGAYAN,27.56526529,10/26/2022,10/31/2022,124.7,110,STS,39.0,56.81,998.6,1,6,6,0,3
PAENG,2022,2,ISABELA,TUMAUINI,8672,43346,20,0,0,0,0,0,0,1222,657400.0,TUGUEGARAO,CAGAYAN,42.1145487,10/26/2022,10/31/2022,124.7,110,STS,39.0,56.81,998.6,1,6,6,0,3
PEPITO,2020,2,ISABELA,AURORA,7,26,1,0,0,0,0,0,0,0,0.0,TUGUEGARAO,CAGAYAN,70.83150607,10/19/2020,10/22/2020,80.0,120,TY,31.1,40.91,1000.8,1,4,4,0,3
PEPITO,2020,2,ISABELA,BENITO SOLIVEN,4,11,1,0,0,0,0,0,0,0,0.0,CASIGURAN,AURORA,70.81978189,10/19/2020,10/22/2020,80.0,120,TY,82.3,160.4,997.7,1,4,4,0,3
PEPITO,2020,2,ISABELA,CABATUAN,6,16,3,0,0,0,0,0,0,0,0.0,TUGUEGARAO,CAGAYAN,75.43038481,10/19/2020,10/22/2020,80.0,120,TY,31.1,40.91,1000.8,1,4,4,0,3
PEPITO,2020,2,ISABELA,CORDON,1,2,1,0,0,0,0,0,0,0,0.0,CASIGURAN,AURORA,83.23399024,10/19/2020,10/22/2020,80.0,120,TY,82.3,160.4,997.7,1,4,4,0,3
PEPITO,2020,2,ISABELA,DINAPIGUE,63,213,3,0,0,0,0,0,0,0,0.0,CASIGURAN,AURORA,45.628028,10/19/2020,10/22/2020,80.0,120,TY,82.3,160.4,997.7,1,4,4,0,3
PEPITO,2020,2,ISABELA,ILAGAN CITY,42,139,5,0,0,0,0,0,0,0,0.0,TUGUEGARAO,CAGAYAN,58.76266111,10/19/2020,10/22/2020,80.0,120,TY,31.1,40.91,1000.8,1,4,4,0,3
PEPITO,2020,2,ISABELA,JONES,15,52,2,0,0,0,0,0,0,0,0.0,CASIGURAN,AURORA,47.70028386,10/19/2020,10/22/2020,80.0,120,TY,82.3,160.4,997.7,1,4,4,0,3
PEPITO,2020,2,ISABELA,MACONACON,218,684,8,0,0,0,0,0,0,0,0.0,TUGUEGARAO,CAGAYAN,51.43999769,10/19/2020,10/22/2020,80.0,120,TY,31.1,40.91,1000.8,1,4,4,0,3
PEPITO,2020,2,ISABELA,SAN GUILLERMO,76,262,10,0,0,0,0,0,0,0,0.0,CASIGURAN,AURORA,47.89397868,10/19/2020,10/22/2020,80.0,120,TY,82.3,160.4,997.7,1,4,4,0,3
PEPITO,2020,2,ISABELA,SAN ISIDRO,23,99,1,0,0,0,0,0,0,0,0.0,CASIGURAN,AURORA,73.5688751,10/19/2020,10/22/2020,80.0,120,TY,82.3,160.4,997.7,1,4,4,0,3
PEPITO,2020,2,ISABELA,SAN MARIANO,31,138,3,0,0,0,0,0,0,0,0.0,CASIGURAN,AURORA,66.0965385,10/19/2020,10/22/2020,80.0,120,TY,82.3,160.4,997.7,1,4,4,0,3
PEPITO,2020,2,ISABELA,SANTIAGO CITY,104,460,1,0,0,0,0,0,0,0,0.0,CASIGURAN,AURORA,82.68154488,10/19/2020,10/22/2020,80.0,120,TY,82.3,160.4,997.7,1,4,4,0,3
QUINTA,2020,2,ISABELA,AURORA,4,23,1,0,0,0,0,0,0,0,0.0,TUGUEGARAO,CAGAYAN,70.83150607,10/23/2020,10/27/2020,71.0,150,TY,102.1,122.6,1004.9,1,5,5,0,3
QUINTA,2020,2,ISABELA,SAN ISIDRO,23,99,1,0,0,0,0,0,0,0,0.0,CASIGURAN,AURORA,73.5688751,10/23/2020,10/27/2020,71.0,150,TY,97.5,182.0,1005.2,1,5,5,0,3
ROLLY,2020,2,ISABELA,DINAPIGUE,41,146,2,0,0,0,0,0,0,0,0.0,CASIGURAN,AURORA,45.628028,10/29/2020,11/3/2020,122.0,225,STY,88.4,93.4,1006.3,1,6,6,0,3
AMBO,2020,2,NUEVA VIZCAYA,QUEZON,24,102,2,0,0,0,0,0,0,0,0.0,BALER,AURORA,84.11312444,5/10/2020,5/17/2020,198.0,155,TY,145.9,231.5,1004.8,1,8,8,0,3
FLORITA,2022,2,NUEVA VIZCAYA,QUEZON,3,10,1,0,0,0,0,0,0,0,0.0,BALER,AURORA,84.11312444,8/21/2022,8/24/2022,74.0,110,STS,14.8,18.81,998.8,1,4,4,0,3
KARDING,2022,2,NUEVA VIZCAYA,ALFONSO CASTANEDA,149,484,4,0,0,0,0,0,0,8,4016.0,BALER,AURORA,30.2489553,9/22/2022,9/26/2022,114.0,195,STY,106.3,161.9,999.2,1,5,5,0,3
KARDING,2022,2,NUEVA VIZCAYA,AMBAGUIO,13,42,2,0,0,0,0,0,0,0,0.0,BALER,AURORA,103.7234265,9/22/2022,9/26/2022,114.0,195,STY,106.3,161.9,999.2,1,5,5,0,3
KARDING,2022,2,NUEVA VIZCAYA,ARITAO,33,110,6,0,0,0,0,0,0,0,0.0,BALER,AURORA,78.18944374,9/22/2022,9/26/2022,114.0,195,STY,106.3,161.9,999.2,1,5,5,0,3
KARDING,2022,2,NUEVA VIZCAYA,BAGABAG,31,89,2,0,0,0,0,0,0,28,14336.0,CASIGURAN,AURORA,96.63924135,9/22/2022,9/26/2022,114.0,195,STY,103.0,207.2,1000.8,1,5,5,0,3
KARDING,2022,2,NUEVA VIZCAYA,BAMBANG,13,43,3,0,0,0,0,0,0,0,0.0,BALER,AURORA,84.85134637,9/22/2022,9/26/2022,114.0,195,STY,106.3,161.9,999.2,1,5,5,0,3
KARDING,2022,2,NUEVA VIZCAYA,BAYOMBONG,24,89,4,0,0,0,0,0,0,0,0.0,BALER,AURORA,91.96844018,9/22/2022,9/26/2022,114.0,195,STY,106.3,161.9,999.2,1,5,5,0,3
KARDING,2022,2,NUEVA VIZCAYA,DIADI,26,77,4,0,0,0,0,0,0,13,6656.0,CASIGURAN,AURORA,90.17954598,9/22/2022,9/26/2022,114.0,195,STY,103.0,207.2,1000.8,1,5,5,0,3
KARDING,2022,2,NUEVA VIZCAYA,DUPAX DEL NORTE,17,50,4,0,0,0,0,0,0,17,8704.0,BALER,AURORA,60.61710195,9/22/2022,9/26/2022,114.0,195,STY,106.3,161.9,999.2,1,5,5,0,3
KARDING,2022,2,NUEVA VIZCAYA,KASIBU,2,8,2,0,0,0,0,0,0,0,0.0,BALER,AURORA,71.12562604,9/22/2022,9/26/2022,114.0,195,STY,106.3,161.9,999.2,1,5,5,0,3
KARDING,2022,2,NUEVA VIZCAYA,QUEZON,29,115,3,0,0,0,0,0,0,0,0.0,BALER,AURORA,84.11312444,9/22/2022,9/26/2022,114.0,195,STY,106.3,161.9,999.2,1,5,5,0,3
KARDING,2022,2,NUEVA VIZCAYA,SANTA FE,7,28,3,0,0,0,0,0,0,0,0.0,CABANATUAN,NUEVA ECIJA,76.86527431,9/22/2022,9/26/2022,114.0,195,STY,55.8,73.3,996.4,1,5,5,0,3
KARDING,2022,2,NUEVA VIZCAYA,SOLANO,17,50,1,0,0,0,0,0,0,26,12480.0,BALER,AURORA,95.01118716,9/22/2022,9/26/2022,114.0,195,STY,106.3,161.9,999.2,1,5,5,0,3
MARING,2021,2,NUEVA VIZCAYA,AMBAGUIO,4,22,3,0,0,0,0,4,4,0,0.0,BALER,AURORA,103.7234265,10/7/2021,10/12/2021,118.0,100,STS,16.8,33.6,990.3,1,6,6,0,3
MARING,2021,2,NUEVA VIZCAYA,ARITAO,2,6,1,0,0,0,0,0,0,0,0.0,BALER,AURORA,78.18944374,10/7/2021,10/12/2021,118.0,100,STS,16.8,33.6,990.3,1,6,6,0,3
MARING,2021,2,NUEVA VIZCAYA,BAYOMBONG,10,68,6,0,0,0,2,8,10,0,0.0,BALER,AURORA,91.96844018,10/7/2021,10/12/2021,118.0,100,STS,16.8,33.6,990.3,1,6,6,0,3
MARING,2021,2,NUEVA VIZCAYA,KAYAPA,12,45,5,0,0,0,0,12,12,0,0.0,BALER,AURORA,99.64168173,10/7/2021,10/12/2021,118.0,100,STS,16.8,33.6,990.3,1,6,6,0,3
MARING,2021,2,NUEVA VIZCAYA,QUEZON,7,31,2,0,0,0,0,0,0,0,0.0,BALER,AURORA,84.11312444,10/7/2021,10/12/2021,118.0,100,STS,16.8,33.6,990.3,1,6,6,0,3
MARING,2021,2,NUEVA VIZCAYA,SOLANO,2,8,3,0,0,0,1,2,3,0,0.0,BALER,AURORA,95.01118716,10/7/2021,10/12/2021,118.0,100,STS,16.8,33.6,990.3,1,6,6,0,3
OFEL,2020,2,NUEVA VIZCAYA,ALFONSO CASTANEDA,0,1,1,0,0,0,0,0,0,0,0.0,BALER,AURORA,30.2489553,10/13/2020,10/16/2020,61.0,45,TD,131.3,205.61,1007.3,1,4,4,0,3
PAENG,2022,2,NUEVA VIZCAYA,ALFONSO CASTANEDA,101,405,3,0,0,0,0,5,5,101,50702.0,BALER,AURORA,30.2489553,10/26/2022,10/31/2022,124.7,110,STS,97.4,145.4,994.1,1,6,6,0,3
PAENG,2022,2,NUEVA VIZCAYA,AMBAGUIO,55,195,8,0,0,0,0,19,19,0,0.0,BALER,AURORA,103.7234265,10/26/2022,10/31/2022,124.7,110,STS,97.4,145.4,994.1,1,6,6,0,3
PAENG,2022,2,NUEVA VIZCAYA,ARITAO,38,142,4,1,1,1,0,0,0,0,0.0,BALER,AURORA,78.18944374,10/26/2022,10/31/2022,124.7,110,STS,97.4,145.4,994.1,1,6,6,0,3
PAENG,2022,2,NUEVA VIZCAYA,BAGABAG,245,826,9,0,0,0,0,0,0,0,0.0,CASIGURAN,AURORA,96.63924135,10/26/2022,10/31/2022,124.7,110,STS,147.4,282.7,998.1,1,6,6,0,3
PAENG,2022,2,NUEVA VIZCAYA,BAMBANG,56,187,8,0,0,0,0,0,0,69,34638.0,BALER,AURORA,84.85134637,10/26/2022,10/31/2022,124.7,110,STS,97.4,145.4,994.1,1,6,6,0,3
PAENG,2022,2,NUEVA VIZCAYA,BAYOMBONG,497,1782,10,0,0,0,0,0,0,0,0.0,BALER,AURORA,91.96844018,10/26/2022,10/31/2022,124.7,110,STS,97.4,145.4,994.1,1,6,6,0,3
PAENG,2022,2,NUEVA VIZCAYA,DIADI,20,79,6,0,0,0,0,2,2,17,8704.0,CASIGURAN,AURORA,90.17954598,10/26/2022,10/31/2022,124.7,110,STS,147.4,282.7,998.1,1,6,6,0,3
PAENG,2022,2,NUEVA VIZCAYA,DUPAX DEL NORTE,3,28,3,0,0,0,0,0,0,12,2560.0,BALER,AURORA,60.61710195,10/26/2022,10/31/2022,124.7,110,STS,97.4,145.4,994.1,1,6,6,0,3
PAENG,2022,2,NUEVA VIZCAYA,DUPAX DEL SUR,3,3,1,0,0,0,0,0,0,0,0.0,BALER,AURORA,56.24651369,10/26/2022,10/31/2022,124.7,110,STS,97.4,145.4,994.1,1,6,6,0,3
PAENG,2022,2,NUEVA VIZCAYA,KASIBU,5,22,5,0,0,0,1,1,2,5,2560.0,BALER,AURORA,71.12562604,10/26/2022,10/31/2022,124.7,110,STS,97.4,145.4,994.1,1,6,6,0,3
PAENG,2022,2,NUEVA VIZCAYA,KAYAPA,3,12,2,0,0,0,1,2,3,0,0.0,BALER,AURORA,99.64168173,10/26/2022,10/31/2022,124.7,110,STS,97.4,145.4,994.1,1,6,6,0,3
PAENG,2022,2,NUEVA VIZCAYA,QUEZON,40,141,4,0,0,0,0,0,0,48,24096.0,BALER,AURORA,84.11312444,10/26/2022,10/31/2022,124.7,110,STS,97.4,145.4,994.1,1,6,6,0,3
PAENG,2022,2,NUEVA VIZCAYA,SANTA FE,19,81,4,0,0,0,1,1,2,0,0.0,CABANATUAN,NUEVA ECIJA,76.86527431,10/26/2022,10/31/2022,124.7,110,STS,54.2,77.8,992.5,1,6,6,0,3
PAENG,2022,2,NUEVA VIZCAYA,SOLANO,680,2535,11,0,0,0,0,1,1,300,150600.0,BALER,AURORA,95.01118716,10/26/2022,10/31/2022,124.7,110,STS,97.4,145.4,994.1,1,6,6,0,3
PAENG,2022,2,NUEVA VIZCAYA,VILLAVERDE,91,309,4,0,0,0,3,4,7,91,50960.0,BALER,AURORA,102.9451272,10/26/2022,10/31/2022,124.7,110,STS,97.4,145.4,994.1,1,6,6,0,3
PEPITO,2020,2,NUEVA VIZCAYA,ARITAO,12,40,4,0,0,0,0,0,0,0,0.0,BALER,AURORA,78.18944374,10/19/2020,10/22/2020,80.0,120,TY,94.0,106.5,997.4,1,4,4,0,3
PEPITO,2020,2,NUEVA VIZCAYA,BAMBANG,17,75,3,0,0,0,0,1,1,0,0.0,BALER,AURORA,84.85134637,10/19/2020,10/22/2020,80.0,120,TY,94.0,106.5,997.4,1,4,4,0,3
PEPITO,2020,2,NUEVA VIZCAYA,DUPAX DEL NORTE,2,6,1,0,0,0,0,0,0,0,0.0,BALER,AURORA,60.61710195,10/19/2020,10/22/2020,80.0,120,TY,94.0,106.5,997.4,1,4,4,0,3
PEPITO,2020,2,NUEVA VIZCAYA,KAYAPA,0,0,0,0,0,0,0,3,3,0,0.0,BALER,AURORA,99.64168173,10/19/2020,10/22/2020,80.0,120,TY,94.0,106.5,997.4,1,4,4,0,3
PEPITO,2020,2,NUEVA VIZCAYA,QUEZON,3,10,1,0,0,0,0,0,0,0,0.0,BALER,AURORA,84.11312444,10/19/2020,10/22/2020,80.0,120,TY,94.0,106.5,997.4,1,4,4,0,3
ROLLY,2020,2,NUEVA VIZCAYA,ALFONSO CASTANEDA,10,39,2,0,0,0,0,0,0,0,0.0,BALER,AURORA,30.2489553,10/29/2020,11/3/2020,122.0,225,STY,52.6,72.11,1003.9,1,6,6,0,3
ROLLY,2020,2,NUEVA VIZCAYA,AMBAGUIO,14,44,2,0,0,0,0,0,0,0,0.0,BALER,AURORA,103.7234265,10/29/2020,11/3/2020,122.0,225,STY,52.6,72.11,1003.9,1,6,6,0,3
ROLLY,2020,2,NUEVA VIZCAYA,ARITAO,10,29,1,0,0,0,0,0,0,0,0.0,BALER,AURORA,78.18944374,10/29/2020,11/3/2020,122.0,225,STY,52.6,72.11,1003.9,1,6,6,0,3
ROLLY,2020,2,NUEVA VIZCAYA,BAMBANG,6,34,4,0,0,0,0,0,0,0,0.0,BALER,AURORA,84.85134637,10/29/2020,11/3/2020,122.0,225,STY,52.6,72.11,1003.9,1,6,6,0,3
ROLLY,2020,2,NUEVA VIZCAYA,BAYOMBONG,4,13,1,0,0,0,0,0,0,0,0.0,BALER,AURORA,91.96844018,10/29/2020,11/3/2020,122.0,225,STY,52.6,72.11,1003.9,1,6,6,0,3
ROLLY,2020,2,NUEVA VIZCAYA,DIADI,19,77,2,0,0,0,0,0,0,0,0.0,CASIGURAN,AURORA,90.17954598,10/29/2020,11/3/2020,122.0,225,STY,88.4,93.4,1006.3,1,6,6,0,3
ROLLY,2020,2,NUEVA VIZCAYA,DUPAX DEL NORTE,26,83,4,0,0,0,0,0,0,0,0.0,BALER,AURORA,60.61710195,10/29/2020,11/3/2020,122.0,225,STY,52.6,72.11,1003.9,1,6,6,0,3
ROLLY,2020,2,NUEVA VIZCAYA,KAYAPA,2,9,1,0,0,0,0,0,0,0,0.0,BALER,AURORA,99.64168173,10/29/2020,11/3/2020,122.0,225,STY,52.6,72.11,1003.9,1,6,6,0,3
ROLLY,2020,2,NUEVA VIZCAYA,QUEZON,26,109,3,0,0,0,0,0,0,0,750.0,BALER,AURORA,84.11312444,10/29/2020,11/3/2020,122.0,225,STY,52.6,72.11,1003.9,1,6,6,0,3
ROLLY,2020,2,NUEVA VIZCAYA,SOLANO,5,14,2,0,0,0,0,0,0,0,0.0,BALER,AURORA,95.01118716,10/29/2020,11/3/2020,122.0,225,STY,52.6,72.11,1003.9,1,6,6,0,3
KARDING,2022,2,QUIRINO,AGLIPAY,42,102,1,0,0,0,0,0,0,20,11160.0,CASIGURAN,AURORA,56.01458301,9/22/2022,9/26/2022,114.0,195,STY,103.0,207.2,1000.8,1,5,5,0,3
KARDING,2022,2,QUIRINO,CABARROGUIS,40,134,1,0,0,0,0,0,0,30,16740.0,CASIGURAN,AURORA,67.81918162,9/22/2022,9/26/2022,114.0,195,STY,103.0,207.2,1000.8,1,5,5,0,3
KARDING,2022,2,QUIRINO,DIFFUN,12,35,2,0,0,0,0,0,0,12,6696.0,CASIGURAN,AURORA,76.46968595,9/22/2022,9/26/2022,114.0,195,STY,103.0,207.2,1000.8,1,5,5,0,3
KARDING,2022,2,QUIRINO,MADDELA,51,187,3,0,0,0,0,0,0,0,0.0,CASIGURAN,AURORA,35.47887932,9/22/2022,9/26/2022,114.0,195,STY,103.0,207.2,1000.8,1,5,5,0,3
KARDING,2022,2,QUIRINO,NAGTIPUNAN,23,77,3,0,0,0,0,0,0,0,0.0,BALER,AURORA,44.63878062,9/22/2022,9/26/2022,114.0,195,STY,106.3,161.9,999.2,1,5,5,0,3
KARDING,2022,2,QUIRINO,SAGUDAY,1,7,1,0,0,0,0,0,0,0,0.0,CASIGURAN,AURORA,64.69245045,9/22/2022,9/26/2022,114.0,195,STY,103.0,207.2,1000.8,1,5,5,0,3
PAENG,2022,2,QUIRINO,AGLIPAY,60,236,4,0,0,0,0,0,0,53,29574.0,CASIGURAN,AURORA,56.01458301,10/26/2022,10/31/2022,124.7,110,STS,147.4,282.7,998.1,1,6,6,0,3
PAENG,2022,2,QUIRINO,CABARROGUIS,244,862,8,0,0,0,0,0,0,186,103788.0,CASIGURAN,AURORA,67.81918162,10/26/2022,10/31/2022,124.7,110,STS,147.4,282.7,998.1,1,6,6,0,3
PAENG,2022,2,QUIRINO,DIFFUN,337,1218,10,0,0,0,0,0,0,132,73656.0,CASIGURAN,AURORA,76.46968595,10/26/2022,10/31/2022,124.7,110,STS,147.4,282.7,998.1,1,6,6,0,3
PAENG,2022,2,QUIRINO,MADDELA,52,204,7,0,0,0,0,0,0,0,0.0,CASIGURAN,AURORA,35.47887932,10/26/2022,10/31/2022,124.7,110,STS,147.4,282.7,998.1,1,6,6,0,3
PAENG,2022,2,QUIRINO,NAGTIPUNAN,412,1157,8,0,0,0,1,5,6,0,0.0,BALER,AURORA,44.63878062,10/26/2022,10/31/2022,124.7,110,STS,97.4,145.4,994.1,1,6,6,0,3
PAENG,2022,2,QUIRINO,SAGUDAY,126,456,3,0,0,0,0,0,0,28,15624.0,CASIGURAN,AURORA,64.69245045,10/26/2022,10/31/2022,124.7,110,STS,147.4,282.7,998.1,1,6,6,0,3
PEPITO,2020,2,QUIRINO,AGLIPAY,3,9,2,0,0,0,0,0,0,0,0.0,CASIGURAN,AURORA,56.01458301,10/19/2020,10/22/2020,80.0,120,TY,82.3,160.4,997.7,1,4,4,0,3
PEPITO,2020,2,QUIRINO,CABARROGUIS,27,79,2,0,0,0,0,0,0,0,0.0,CASIGURAN,AURORA,67.81918162,10/19/2020,10/22/2020,80.0,120,TY,82.3,160.4,997.7,1,4,4,0,3
PEPITO,2020,2,QUIRINO,MADDELA,16,53,3,0,0,0,0,0,0,0,0.0,CASIGURAN,AURORA,35.47887932,10/19/2020,10/22/2020,80.0,120,TY,82.3,160.4,997.7,1,4,4,0,3
ROLLY,2020,2,QUIRINO,AGLIPAY,25,75,2,0,0,0,0,0,0,0,0.0,CASIGURAN,AURORA,56.01458301,10/29/2020,11/3/2020,122.0,225,STY,88.4,93.4,1006.3,1,6,6,0,3
ROLLY,2020,2,QUIRINO,CABARROGUIS,15,40,2,0,0,0,0,0,0,0,0.0,CASIGURAN,AURORA,67.81918162,10/29/2020,11/3/2020,122.0,225,STY,88.4,93.4,1006.3,1,6,6,0,3
ROLLY,2020,2,QUIRINO,DIFFUN,4,23,1,0,0,0,0,0,0,0,0.0,CASIGURAN,AURORA,76.46968595,10/29/2020,11/3/2020,122.0,225,STY,88.4,93.4,1006.3,1,6,6,0,3
ROLLY,2020,2,QUIRINO,MADDELA,25,91,4,0,0,0,0,0,0,0,0.0,CASIGURAN,AURORA,35.47887932,10/29/2020,11/3/2020,122.0,225,STY,88.4,93.4,1006.3,1,6,6,0,3
ROLLY,2020,2,QUIRINO,NAGTIPUNAN,3,9,1,0,0,0,0,0,0,0,0.0,BALER,AURORA,44.63878062,10/29/2020,11/3/2020,122.0,225,STY,52.6,72.11,1003.9,1,6,6,0,3
ROLLY,2020,2,QUIRINO,SAGUDAY,6,26,1,0,0,0,0,0,0,0,0.0,CASIGURAN,AURORA,64.69245045,10/29/2020,11/3/2020,122.0,225,STY,88.4,93.4,1006.3,1,6,6,0,3
PAENG,2022,3,BATAAN,HERMOSA,0,0,0,0,0,0,0,1,1,0,0.0,SUBIC BAY,ZAMBALES,19.08926421,10/26/2022,10/31/2022,124.7,110,STS,98.5,239.0,992.7,1,6,6,0,3
PAENG,2022,3,BATAAN,MARIVELES,0,0,0,0,0,0,10,80,90,0,0.0,SUBIC BAY,ZAMBALES,51.46429707,10/26/2022,10/31/2022,124.7,110,STS,98.5,239.0,992.7,1,6,6,0,3
PAENG,2022,3,BULACAN,BALIWAG,0,0,0,0,0,0,0,4,4,0,0.0,CLARK AIRPORT,PAMPANGA,45.09305826,10/26/2022,10/31/2022,124.7,110,STS,109.2,230.7,990.5,1,6,6,0,3
AMBO,2020,3,AURORA,BALER,28,101,3,0,0,0,0,0,0,0,0.0,BALER,AURORA,3.066878411,5/10/2020,5/17/2020,198.0,155,TY,145.9,231.5,1004.8,1,8,8,0,3
AMBO,2020,3,AURORA,CASIGURAN,64,243,8,0,0,0,0,0,0,0,0.0,CASIGURAN,AURORA,16.80633601,5/10/2020,5/17/2020,198.0,155,TY,282.7,378.5,1005.0,1,8,8,0,3
AMBO,2020,3,AURORA,DINALUNGAN,138,501,6,0,0,0,0,0,0,0,0.0,CASIGURAN,AURORA,30.66298992,5/10/2020,5/17/2020,198.0,155,TY,282.7,378.5,1005.0,1,8,8,0,3
AMBO,2020,3,AURORA,DINGALAN,663,2345,6,0,1,0,0,0,0,0,0.0,CABANATUAN,NUEVA ECIJA,43.11880636,5/10/2020,5/17/2020,198.0,155,TY,162.0,166.61,1003.1,1,8,8,0,3
AMBO,2020,3,AURORA,DIPACULAO,50,173,6,0,0,0,0,0,0,0,0.0,BALER,AURORA,14.06662416,5/10/2020,5/17/2020,198.0,155,TY,145.9,231.5,1004.8,1,8,8,0,3
AMBO,2020,3,AURORA,MARIA AURORA,37,102,6,0,0,0,0,0,0,0,0.0,BALER,AURORA,16.69404235,5/10/2020,5/17/2020,198.0,155,TY,145.9,231.5,1004.8,1,8,8,0,3
AMBO,2020,3,AURORA,SAN LUIS,0,0,0,0,1,0,0,0,0,0,0.0,BALER,AURORA,30.79493233,5/10/2020,5/17/2020,198.0,155,TY,145.9,231.5,1004.8,1,8,8,0,3
BETTY,2023,3,AURORA,BALER,4,9,1,0,0,0,2,2,4,0,0.0,BALER,AURORA,3.066878411,5/27/2023,6/1/2023,133.0,195,STY,0.01,0.01,998.2,1,6,6,0,3
BETTY,2023,3,AURORA,DINGALAN,1344,5348,6,0,0,0,0,0,0,1945,1164100.0,CABANATUAN,NUEVA ECIJA,43.11880636,5/27/2023,6/1/2023,133.0,195,STY,9.0,18.6,1001.0,1,6,6,0,3
BETTY,2023,3,AURORA,DIPACULAO,2,4,1,0,0,0,0,0,0,0,0.0,BALER,AURORA,14.06662416,5/27/2023,6/1/2023,133.0,195,STY,0.01,0.01,998.2,1,6,6,0,3
BETTY,2023,3,AURORA,SAN LUIS,1640,6000,4,0,0,0,0,0,0,0,0.0,BALER,AURORA,30.79493233,5/27/2023,6/1/2023,133.0,195,STY,0.01,0.01,998.2,1,6,6,0,3
FLORITA,2022,3,AURORA,CASIGURAN,17,61,1,0,0,0,0,0,0,0,0.0,CASIGURAN,AURORA,16.80633601,8/21/2022,8/24/2022,74.0,110,STS,64.1,93.0,996.8,1,4,4,0,3
FLORITA,2022,3,AURORA,DINALUNGAN,3,12,1,0,0,0,0,0,0,0,0.0,CASIGURAN,AURORA,30.66298992,8/21/2022,8/24/2022,74.0,110,STS,64.1,93.0,996.8,1,4,4,0,3
KARDING,2022,3,AURORA,BALER,785,3925,10,0,0,0,0,0,0,0,236109.0,BALER,AURORA,3.066878411,9/22/2022,9/26/2022,114.0,195,STY,106.3,161.9,999.2,1,5,5,0,3
KARDING,2022,3,AURORA,CASIGURAN,463,1544,18,0,0,0,0,0,0,0,23045.0,CASIGURAN,AURORA,16.80633601,9/22/2022,9/26/2022,114.0,195,STY,103.0,207.2,1000.8,1,5,5,0,3
KARDING,2022,3,AURORA,DILASAG,400,1222,7,0,0,0,0,0,0,0,191660.0,CASIGURAN,AURORA,16.72996458,9/22/2022,9/26/2022,114.0,195,STY,103.0,207.2,1000.8,1,5,5,0,3
KARDING,2022,3,AURORA,DINALUNGAN,517,1721,8,0,0,0,0,0,0,0,91969.0,CASIGURAN,AURORA,30.66298992,9/22/2022,9/26/2022,114.0,195,STY,103.0,207.2,1000.8,1,5,5,0,3
KARDING,2022,3,AURORA,DINGALAN,4190,15079,11,0,23,0,0,0,0,0,5110579.92,CABANATUAN,NUEVA ECIJA,43.11880636,9/22/2022,9/26/2022,114.0,195,STY,55.8,73.3,996.4,1,5,5,1,1
KARDING,2022,3,AURORA,DIPACULAO,1176,4069,22,0,0,0,0,0,0,0,497105.75,BALER,AURORA,14.06662416,9/22/2022,9/26/2022,114.0,195,STY,106.3,161.9,999.2,1,5,5,0,3
KARDING,2022,3,AURORA,MARIA AURORA,239,886,21,0,0,0,0,0,0,0,100000.0,BALER,AURORA,16.69404235,9/22/2022,9/26/2022,114.0,195,STY,106.3,161.9,999.2,1,5,5,0,3
KARDING,2022,3,AURORA,SAN LUIS,2107,8215,18,0,3,0,0,0,0,0,1229500.0,BALER,AURORA,30.79493233,9/22/2022,9/26/2022,114.0,195,STY,106.3,161.9,999.2,1,5,5,0,3
PAENG,2022,3,AURORA,BALER,567,2112,10,0,0,0,0,0,0,0,562784.0,BALER,AURORA,3.066878411,10/26/2022,10/31/2022,124.7,110,STS,97.4,145.4,994.1,1,6,6,0,3
PAENG,2022,3,AURORA,CASIGURAN,62,179,7,0,0,0,0,0,0,0,8700.0,CASIGURAN,AURORA,16.80633601,10/26/2022,10/31/2022,124.7,110,STS,147.4,282.7,998.1,1,6,6,0,3
PAENG,2022,3,AURORA,DILASAG,750,2068,5,0,0,0,0,0,0,0,650007.55,CASIGURAN,AURORA,16.72996458,10/26/2022,10/31/2022,124.7,110,STS,147.4,282.7,998.1,1,6,6,0,3
PAENG,2022,3,AURORA,DINALUNGAN,29,109,3,0,0,0,0,0,0,0,8400.0,CASIGURAN,AURORA,30.66298992,10/26/2022,10/31/2022,124.7,110,STS,147.4,282.7,998.1,1,6,6,0,3
PAENG,2022,3,AURORA,DINGALAN,1913,1913,10,0,0,0,0,0,0,0,1829400.0,CABANATUAN,NUEVA ECIJA,43.11880636,10/26/2022,10/31/2022,124.7,110,STS,54.2,77.8,992.5,1,6,6,0,3
PAENG,2022,3,AURORA,DIPACULAO,227,788,9,0,0,0,0,0,0,0,16810.0,BALER,AURORA,14.06662416,10/26/2022,10/31/2022,124.7,110,STS,97.4,145.4,994.1,1,6,6,0,3
PAENG,2022,3,AURORA,MARIA AURORA,359,1097,22,0,0,0,0,0,0,0,417586.0,BALER,AURORA,16.69404235,10/26/2022,10/31/2022,124.7,110,STS,97.4,145.4,994.1,1,6,6,0,3
PAENG,2022,3,AURORA,SAN LUIS,380,1120,11,0,0,0,0,0,0,0,50050.0,BALER,AURORA,30.79493233,10/26/2022,10/31/2022,124.7,110,STS,97.4,145.4,994.1,1,6,6,0,3
PEPITO,2020,3,AURORA,BALER,18,86,6,0,0,0,0,0,0,0,500.0,BALER,AURORA,3.066878411,10/19/2020,10/22/2020,80.0,120,TY,94.0,106.5,997.4,1,4,4,0,3
PEPITO,2020,3,AURORA,CASIGURAN,114,452,7,0,0,0,0,0,0,0,3882.0,CASIGURAN,AURORA,16.80633601,10/19/2020,10/22/2020,80.0,120,TY,82.3,160.4,997.7,1,4,4,0,3
PEPITO,2020,3,AURORA,DILASAG,4,12,2,0,0,0,0,0,0,0,160.0,CASIGURAN,AURORA,16.72996458,10/19/2020,10/22/2020,80.0,120,TY,82.3,160.4,997.7,1,4,4,0,3
PEPITO,2020,3,AURORA,DINALUNGAN,91,253,6,0,0,0,0,0,0,0,0.0,CASIGURAN,AURORA,30.66298992,10/19/2020,10/22/2020,80.0,120,TY,82.3,160.4,997.7,1,4,4,0,3
PEPITO,2020,3,AURORA,DINGALAN,67,293,6,0,0,0,0,0,0,0,0.0,CABANATUAN,NUEVA ECIJA,43.11880636,10/19/2020,10/22/2020,80.0,120,TY,86.8,91.0,999.8,1,4,4,0,3
PEPITO,2020,3,AURORA,MARIA AURORA,4,19,2,0,0,0,0,0,0,0,0.0,BALER,AURORA,16.69404235,10/19/2020,10/22/2020,80.0,120,TY,94.0,106.5,997.4,1,4,4,0,3
PEPITO,2020,3,AURORA,SAN LUIS,10,39,3,0,0,0,0,0,0,0,946.0,BALER,AURORA,30.79493233,10/19/2020,10/22/2020,80.0,120,TY,94.0,106.5,997.4,1,4,4,0,3
QUINTA,2020,3,AURORA,DINGALAN,51,182,4,0,0,0,0,0,0,0,0.0,CABANATUAN,NUEVA ECIJA,43.11880636,10/23/2020,10/27/2020,71.0,150,TY,52.0,102.4,1002.3,1,5,5,0,3
QUINTA,2020,3,AURORA,DIPACULAO,0,0,0,0,0,0,0,0,0,0,36000.0,BALER,AURORA,14.06662416,10/23/2020,10/27/2020,71.0,150,TY,46.5,142.3,1004.2,1,5,5,0,3
QUINTA,2020,3,AURORA,SAN LUIS,10,36,1,0,0,0,0,0,0,0,12000.0,BALER,AURORA,30.79493233,10/23/2020,10/27/2020,71.0,150,TY,46.5,142.3,1004.2,1,5,5,0,3
ROLLY,2020,3,AURORA,BALER,235,1000,8,0,0,0,0,0,0,0,29282.0,BALER,AURORA,3.066878411,10/29/2020,11/3/2020,122.0,225,STY,52.6,72.11,1003.9,1,6,6,0,3
ROLLY,2020,3,AURORA,CASIGURAN,205,605,8,0,0,0,0,0,0,0,1700.0,CASIGURAN,AURORA,16.80633601,10/29/2020,11/3/2020,122.0,225,STY,88.4,93.4,1006.3,1,6,6,0,3
ROLLY,2020,3,AURORA,DILASAG,168,547,4,0,0,0,0,0,0,0,25840.0,CASIGURAN,AURORA,16.72996458,10/29/2020,11/3/2020,122.0,225,STY,88.4,93.4,1006.3,1,6,6,0,3
ROLLY,2020,3,AURORA,DINALUNGAN,476,2003,8,0,0,0,0,0,0,0,53850.0,CASIGURAN,AURORA,30.66298992,10/29/2020,11/3/2020,122.0,225,STY,88.4,93.4,1006.3,1,6,6,0,3
ROLLY,2020,3,AURORA,DINGALAN,2053,7006,10,0,0,0,0,0,0,0,3346500.0,CABANATUAN,NUEVA ECIJA,43.11880636,10/29/2020,11/3/2020,122.0,225,STY,13.4,20.8,1003.5,1,6,6,0,3
ROLLY,2020,3,AURORA,DIPACULAO,371,1098,13,0,0,0,0,0,0,0,36994.0,BALER,AURORA,14.06662416,10/29/2020,11/3/2020,122.0,225,STY,52.6,72.11,1003.9,1,6,6,0,3
ROLLY,2020,3,AURORA,MARIA AURORA,167,615,15,0,0,0,0,0,0,0,99528.0,BALER,AURORA,16.69404235,10/29/2020,11/3/2020,122.0,225,STY,52.6,72.11,1003.9,1,6,6,0,3
ROLLY,2020,3,AURORA,SAN LUIS,237,728,10,0,0,0,0,0,0,0,105412.0,BALER,AURORA,30.79493233,10/29/2020,11/3/2020,122.0,225,STY,52.6,72.11,1003.9,1,6,6,0,3
DANTE,2021,3,BATAAN,MARIVELES,20,86,4,0,0,0,0,0,0,0,10000.0,SUBIC BAY,ZAMBALES,51.46429707,5/30/2021,6/5/2021,154.0,75,TS,60.3,137.71,1003.8,1,7,7,0,3
DANTE,2021,3,BATAAN,ORANI,4,18,1,0,0,0,0,0,0,0,0.0,SUBIC BAY,ZAMBALES,22.25956821,5/30/2021,6/5/2021,154.0,75,TS,60.3,137.71,1003.8,1,7,7,0,3
DANTE,2021,3,BATAAN,ORION,11,46,2,0,0,0,0,0,0,0,4950.0,SUBIC BAY,ZAMBALES,36.90988801,5/30/2021,6/5/2021,154.0,75,TS,60.3,137.71,1003.8,1,7,7,0,3
DODONG,2023,3,BATAAN,BAGAC,11,43,1,0,0,0,0,0,0,0,0.0,SUBIC BAY,ZAMBALES,28.67062582,7/13/2023,7/15/2023,47.0,65,TS,124.5,273.9,1001.2,1,3,3,0,3
DODONG,2023,3,BATAAN,MORONG,4,11,1,0,0,0,0,0,0,0,0.0,SUBIC BAY,ZAMBALES,1.186245184,7/13/2023,7/15/2023,47.0,65,TS,124.5,273.9,1001.2,1,3,3,0,3
DODONG,2023,3,BATAAN,ORION,4,26,1,0,0,0,0,0,0,0,0.0,SUBIC BAY,ZAMBALES,36.90988801,7/13/2023,7/15/2023,47.0,65,TS,124.5,273.9,1001.2,1,3,3,0,3
DODONG,2023,3,BATAAN,PILAR,56,249,1,0,0,0,0,0,0,0,0.0,SUBIC BAY,ZAMBALES,32.39680565,7/13/2023,7/15/2023,47.0,65,TS,124.5,273.9,1001.2,1,3,3,0,3
FABIAN,2021,3,BATAAN,BAGAC,3,16,1,0,0,0,0,1,1,0,0.0,SUBIC BAY,ZAMBALES,28.67062582,7/16/2021,7/23/2021,188.0,150,TY,152.0,634.7,1001.2,1,8,8,0,3
FABIAN,2021,3,BATAAN,LIMAY,2,10,1,0,0,0,0,0,0,0,0.0,SUBIC BAY,ZAMBALES,41.65304323,7/16/2021,7/23/2021,188.0,150,TY,152.0,634.7,1001.2,1,8,8,0,3
FABIAN,2021,3,BATAAN,MARIVELES,110,439,5,0,0,0,0,0,0,0,0.0,SUBIC BAY,ZAMBALES,51.46429707,7/16/2021,7/23/2021,188.0,150,TY,152.0,634.7,1001.2,1,8,8,0,3
FABIAN,2021,3,BATAAN,ORION,14,52,2,0,0,0,0,0,0,0,4932.0,SUBIC BAY,ZAMBALES,36.90988801,7/16/2021,7/23/2021,188.0,150,TY,152.0,634.7,1001.2,1,8,8,0,3
FABIAN,2021,3,BATAAN,PILAR,12,54,2,0,0,0,0,0,0,0,0.0,SUBIC BAY,ZAMBALES,32.39680565,7/16/2021,7/23/2021,188.0,150,TY,152.0,634.7,1001.2,1,8,8,0,3
FABIAN,2021,3,BATAAN,SAMAL,11,32,2,0,0,0,0,0,0,0,1470.0,SUBIC BAY,ZAMBALES,23.20323811,7/16/2021,7/23/2021,188.0,150,TY,152.0,634.7,1001.2,1,8,8,0,3
FLORITA,2022,3,BATAAN,HERMOSA,5,23,1,0,0,0,0,10,10,0,0.0,SUBIC BAY,ZAMBALES,19.08926421,8/21/2022,8/24/2022,74.0,110,STS,132.0,195.0,1004.1,1,4,4,0,3
KARDING,2022,3,BATAAN,BAGAC,16,55,2,0,0,0,0,0,0,0,3500.0,SUBIC BAY,ZAMBALES,28.67062582,9/22/2022,9/26/2022,114.0,195,STY,255.8,312.0,999.5,1,5,5,0,3
KARDING,2022,3,BATAAN,BALANGA CITY,123,471,6,0,0,0,0,0,0,0,70364.0,SUBIC BAY,ZAMBALES,27.71678577,9/22/2022,9/26/2022,114.0,195,STY,255.8,312.0,999.5,1,5,5,0,3
KARDING,2022,3,BATAAN,ABUCAY,67,308,3,0,0,0,0,0,0,0,244720.0,SUBIC BAY,ZAMBALES,24.50220109,9/22/2022,9/26/2022,114.0,195,STY,255.8,312.0,999.5,1,5,5,0,3
KARDING,2022,3,BATAAN,DINALUPIHAN,1,7,1,0,0,0,0,0,0,0,0.0,SUBIC BAY,ZAMBALES,19.23426848,9/22/2022,9/26/2022,114.0,195,STY,255.8,312.0,999.5,1,5,5,0,3
KARDING,2022,3,BATAAN,HERMOSA,0,0,0,0,0,0,0,0,0,0,0.0,SUBIC BAY,ZAMBALES,19.08926421,9/22/2022,9/26/2022,114.0,195,STY,255.8,312.0,999.5,1,5,5,0,3
KARDING,2022,3,BATAAN,LIMAY,51,248,9,0,0,0,0,0,0,0,0.0,SUBIC BAY,ZAMBALES,41.65304323,9/22/2022,9/26/2022,114.0,195,STY,255.8,312.0,999.5,1,5,5,0,3
KARDING,2022,3,BATAAN,MARIVELES,285,953,8,0,0,0,0,0,0,0,85500.0,SUBIC BAY,ZAMBALES,51.46429707,9/22/2022,9/26/2022,114.0,195,STY,255.8,312.0,999.5,1,5,5,0,3
KARDING,2022,3,BATAAN,MORONG,58,247,2,0,0,0,0,0,0,0,46400.0,SUBIC BAY,ZAMBALES,1.186245184,9/22/2022,9/26/2022,114.0,195,STY,255.8,312.0,999.5,1,5,5,0,3
KARDING,2022,3,BATAAN,ORANI,61,304,4,0,0,0,0,0,0,0,20000.0,SUBIC BAY,ZAMBALES,22.25956821,9/22/2022,9/26/2022,114.0,195,STY,255.8,312.0,999.5,1,5,5,0,3
KARDING,2022,3,BATAAN,ORION,233,922,8,0,0,0,0,0,0,0,58250.0,SUBIC BAY,ZAMBALES,36.90988801,9/22/2022,9/26/2022,114.0,195,STY,255.8,312.0,999.5,1,5,5,0,3
KARDING,2022,3,BATAAN,PILAR,78,267,6,0,0,0,0,0,0,0,0.0,SUBIC BAY,ZAMBALES,32.39680565,9/22/2022,9/26/2022,114.0,195,STY,255.8,312.0,999.5,1,5,5,0,3
KARDING,2022,3,BATAAN,SAMAL,158,658,8,0,0,0,0,0,0,0,0.0,SUBIC BAY,ZAMBALES,23.20323811,9/22/2022,9/26/2022,114.0,195,STY,255.8,312.0,999.5,1,5,5,0,3
KIKO,2021,3,BATAAN,DINALUPIHAN,1,3,1,0,0,0,0,0,0,0,0.0,SUBIC BAY,ZAMBALES,19.23426848,9/7/2021,9/12/2021,116.0,215,STY,109.0,332.8,1002.3,1,6,6,0,3
MARING,2021,3,BATAAN,BAGAC,37,125,1,0,0,0,28,0,28,0,16650.0,SUBIC BAY,ZAMBALES,28.67062582,10/7/2021,10/12/2021,118.0,100,STS,84.1,105.6,995.7,1,6,6,0,3
PAENG,2022,3,BATAAN,BAGAC,643,3215,13,0,0,0,0,0,0,0,0.0,SUBIC BAY,ZAMBALES,28.67062582,10/26/2022,10/31/2022,124.7,110,STS,98.5,239.0,992.7,1,6,6,0,3
PAENG,2022,3,BATAAN,BALANGA CITY,1363,6726,8,0,0,0,0,0,0,0,969600.0,SUBIC BAY,ZAMBALES,27.71678577,10/26/2022,10/31/2022,124.7,110,STS,98.5,239.0,992.7,1,6,6,0,3
PAENG,2022,3,BATAAN,ABUCAY,530,2115,1,0,0,0,0,0,0,0,0.0,SUBIC BAY,ZAMBALES,24.50220109,10/26/2022,10/31/2022,124.7,110,STS,98.5,239.0,992.7,1,6,6,0,3
PAENG,2022,3,BATAAN,DINALUPIHAN,190,570,25,0,0,0,0,0,0,0,0.0,SUBIC BAY,ZAMBALES,19.23426848,10/26/2022,10/31/2022,124.7,110,STS,98.5,239.0,992.7,1,6,6,0,3
PAENG,2022,3,BATAAN,HERMOSA,2020,6355,14,0,0,0,0,0,0,0,153600.0,SUBIC BAY,ZAMBALES,19.08926421,10/26/2022,10/31/2022,124.7,110,STS,98.5,239.0,992.7,1,6,6,0,3
PAENG,2022,3,BATAAN,LIMAY,3070,12291,7,0,0,0,0,0,0,0,0.0,SUBIC BAY,ZAMBALES,41.65304323,10/26/2022,10/31/2022,124.7,110,STS,98.5,239.0,992.7,1,6,6,0,3
PAENG,2022,3,BATAAN,MARIVELES,3325,15642,13,0,0,0,0,0,0,0,0.0,SUBIC BAY,ZAMBALES,51.46429707,10/26/2022,10/31/2022,124.7,110,STS,98.5,239.0,992.7,1,6,6,0,3
PAENG,2022,3,BATAAN,MORONG,1000,2000,0,0,0,0,0,0,0,0,0.0,SUBIC BAY,ZAMBALES,1.186245184,10/26/2022,10/31/2022,124.7,110,STS,98.5,239.0,992.7,1,6,6,0,3
PAENG,2022,3,BATAAN,ORANI,1881,5742,4,0,0,0,0,0,0,0,0.0,SUBIC BAY,ZAMBALES,22.25956821,10/26/2022,10/31/2022,124.7,110,STS,98.5,239.0,992.7,1,6,6,0,3
PAENG,2022,3,BATAAN,ORION,1544,5964,6,0,0,0,0,0,0,0,135800.0,SUBIC BAY,ZAMBALES,36.90988801,10/26/2022,10/31/2022,124.7,110,STS,98.5,239.0,992.7,1,6,6,0,3
PAENG,2022,3,BATAAN,PILAR,321,1811,5,0,0,0,0,0,0,0,0.0,SUBIC BAY,ZAMBALES,32.39680565,10/26/2022,10/31/2022,124.7,110,STS,98.5,239.0,992.7,1,6,6,0,3
PAENG,2022,3,BATAAN,SAMAL,1325,6013,5,0,0,0,0,0,0,0,32700.0,SUBIC BAY,ZAMBALES,23.20323811,10/26/2022,10/31/2022,124.7,110,STS,98.5,239.0,992.7,1,6,6,0,3
ROLLY,2020,3,BATAAN,ABUCAY,74,273,4,0,0,0,0,0,0,0,0.0,SUBIC BAY,ZAMBALES,24.50220109,10/29/2020,11/3/2020,122.0,225,STY,28.0,34.0,1001.2,1,6,6,0,3
ROLLY,2020,3,BATAAN,BAGAC,154,639,2,0,0,0,0,0,0,0,0.0,SUBIC BAY,ZAMBALES,28.67062582,10/29/2020,11/3/2020,122.0,225,STY,28.0,34.0,1001.2,1,6,6,0,3
ROLLY,2020,3,BATAAN,BALANGA CITY,290,1258,11,0,0,0,0,0,0,0,0.0,SUBIC BAY,ZAMBALES,27.71678577,10/29/2020,11/3/2020,122.0,225,STY,28.0,34.0,1001.2,1,6,6,0,3
ROLLY,2020,3,BATAAN,DINALUPIHAN,83,334,6,0,0,0,0,0,0,0,0.0,SUBIC BAY,ZAMBALES,19.23426848,10/29/2020,11/3/2020,122.0,225,STY,28.0,34.0,1001.2,1,6,6,0,3
ROLLY,2020,3,BATAAN,HERMOSA,2,10,1,0,0,0,0,0,0,0,0.0,SUBIC BAY,ZAMBALES,19.08926421,10/29/2020,11/3/2020,122.0,225,STY,28.0,34.0,1001.2,1,6,6,0,3
ROLLY,2020,3,BATAAN,LIMAY,417,1588,7,0,0,0,0,0,0,0,0.0,SUBIC BAY,ZAMBALES,41.65304323,10/29/2020,11/3/2020,122.0,225,STY,28.0,34.0,1001.2,1,6,6,0,3
ROLLY,2020,3,BATAAN,MARIVELES,393,1533,9,0,0,0,0,0,0,0,0.0,SUBIC BAY,ZAMBALES,51.46429707,10/29/2020,11/3/2020,122.0,225,STY,28.0,34.0,1001.2,1,6,6,0,3
ROLLY,2020,3,BATAAN,MORONG,92,465,1,0,0,0,0,0,0,0,0.0,SUBIC BAY,ZAMBALES,1.186245184,10/29/2020,11/3/2020,122.0,225,STY,28.0,34.0,1001.2,1,6,6,0,3
ROLLY,2020,3,BATAAN,ORANI,65,296,1,0,0,0,0,0,0,0,0.0,SUBIC BAY,ZAMBALES,22.25956821,10/29/2020,11/3/2020,122.0,225,STY,28.0,34.0,1001.2,1,6,6,0,3
ROLLY,2020,3,BATAAN,ORION,1018,3682,15,0,0,0,0,0,0,0,0.0,SUBIC BAY,ZAMBALES,36.90988801,10/29/2020,11/3/2020,122.0,225,STY,28.0,34.0,1001.2,1,6,6,0,3
ROLLY,2020,3,BATAAN,PILAR,204,799,8,0,0,0,0,0,0,0,0.0,SUBIC BAY,ZAMBALES,32.39680565,10/29/2020,11/3/2020,122.0,225,STY,28.0,34.0,1001.2,1,6,6,0,3
ROLLY,2020,3,BATAAN,SAMAL,153,672,5,0,0,0,0,0,0,0,0.0,SUBIC BAY,ZAMBALES,23.20323811,10/29/2020,11/3/2020,122.0,225,STY,28.0,34.0,1001.2,1,6,6,0,3
AMBO,2020,3,BULACAN,BULAKAN,30,84,1,0,0,0,0,0,0,0,0.0,CLARK AIRPORT,PAMPANGA,57.86239059,5/10/2020,5/17/2020,198.0,155,TY,45.1,69.3,1003.9,1,8,8,0,3
AMBO,2020,3,BULACAN,OBANDO,14,44,1,0,0,0,2,1,3,0,0.0,CLARK AIRPORT,PAMPANGA,65.70438465,5/10/2020,5/17/2020,198.0,155,TY,45.1,69.3,1003.9,1,8,8,0,3
AMBO,2020,3,BULACAN,SAN JOSE DEL MONTE,3,13,1,0,0,0,1,1,2,0,0.0,CLARK AIRPORT,PAMPANGA,69.91223065,5/10/2020,5/17/2020,198.0,155,TY,45.1,69.3,1003.9,1,8,8,0,3
DANTE,2021,3,BULACAN,PAOMBONG,1,3,1,0,0,0,0,0,0,0,500.0,CLARK AIRPORT,PAMPANGA,49.39820272,5/30/2021,6/5/2021,154.0,75,TS,17.6,47.82,1004.5,1,7,7,0,3
DODONG,2023,3,BULACAN,BALAGTAS,22,57,3,0,0,0,0,0,0,0,0.0,CLARK AIRPORT,PAMPANGA,55.6516061,7/13/2023,7/15/2023,47.0,65,TS,109.9,183.2,1001.0,1,3,3,0,3
DODONG,2023,3,BULACAN,BOCAUE,591,2569,5,0,0,0,0,0,0,0,0.0,CLARK AIRPORT,PAMPANGA,60.1537413,7/13/2023,7/15/2023,47.0,65,TS,109.9,183.2,1001.0,1,3,3,0,3
DODONG,2023,3,BULACAN,BULAKAN,4,9,1,0,0,0,0,0,0,0,0.0,CLARK AIRPORT,PAMPANGA,57.86239059,7/13/2023,7/15/2023,47.0,65,TS,109.9,183.2,1001.0,1,3,3,0,3
DODONG,2023,3,BULACAN,CALUMPIT,19892,77179,21,0,0,0,0,0,0,0,0.0,CLARK AIRPORT,PAMPANGA,40.31422335,7/13/2023,7/15/2023,47.0,65,TS,109.9,183.2,1001.0,1,3,3,1,1
DODONG,2023,3,BULACAN,GUIGUINTO,53,229,2,0,0,0,0,0,0,0,0.0,CLARK AIRPORT,PAMPANGA,52.76021038,7/13/2023,7/15/2023,47.0,65,TS,109.9,183.2,1001.0,1,3,3,0,3
DODONG,2023,3,BULACAN,MALOLOS CITY,48,194,5,0,0,0,0,0,0,0,0.0,CLARK AIRPORT,PAMPANGA,49.60339483,7/13/2023,7/15/2023,47.0,65,TS,109.9,183.2,1001.0,1,3,3,0,3
DODONG,2023,3,BULACAN,MARILAO,2899,11590,16,0,0,0,0,0,0,0,0.0,CLARK AIRPORT,PAMPANGA,65.40775019,7/13/2023,7/15/2023,47.0,65,TS,109.9,183.2,1001.0,1,3,3,0,3
DODONG,2023,3,BULACAN,MEYCAUAYAN,4,15,1,0,0,0,0,0,0,0,0.0,CLARK AIRPORT,PAMPANGA,68.69723936,7/13/2023,7/15/2023,47.0,65,TS,109.9,183.2,1001.0,1,3,3,0,3
DODONG,2023,3,BULACAN,PANDI,4,21,2,0,0,0,0,0,0,0,0.0,CLARK AIRPORT,PAMPANGA,55.81574319,7/13/2023,7/15/2023,47.0,65,TS,109.9,183.2,1001.0,1,3,3,0,3
DODONG,2023,3,BULACAN,PLARIDEL,22,84,2,0,0,0,0,0,0,0,0.0,CLARK AIRPORT,PAMPANGA,48.47918826,7/13/2023,7/15/2023,47.0,65,TS,109.9,183.2,1001.0,1,3,3,0,3
DODONG,2023,3,BULACAN,PULILAN,319,620,7,0,0,0,0,0,0,0,0.0,CLARK AIRPORT,PAMPANGA,43.93440999,7/13/2023,7/15/2023,47.0,65,TS,109.9,183.2,1001.0,1,3,3,0,3
DODONG,2023,3,BULACAN,SAN JOSE DEL MONTE,14,74,3,0,0,0,0,0,0,188,103421.66,CLARK AIRPORT,PAMPANGA,69.91223065,7/13/2023,7/15/2023,47.0,65,TS,109.9,183.2,1001.0,1,3,3,0,3
DODONG,2023,3,BULACAN,SANTA MARIA,178,587,6,0,0,0,0,0,0,0,90300.0,CLARK AIRPORT,PAMPANGA,61.46283753,7/13/2023,7/15/2023,47.0,65,TS,109.9,183.2,1001.0,1,3,3,0,3
FABIAN,2021,3,BULACAN,BOCAUE,51,200,6,0,0,0,0,0,0,0,0.0,CLARK AIRPORT,PAMPANGA,60.1537413,7/16/2021,7/23/2021,188.0,150,TY,100.4,272.1,1000.9,1,8,8,0,3
FABIAN,2021,3,BULACAN,CALUMPIT,16048,52360,17,0,0,0,0,0,0,0,0.0,CLARK AIRPORT,PAMPANGA,40.31422335,7/16/2021,7/23/2021,188.0,150,TY,100.4,272.1,1000.9,1,8,8,0,3
FABIAN,2021,3,BULACAN,GUIGUINTO,52,190,4,0,0,0,0,0,0,0,894500.0,CLARK AIRPORT,PAMPANGA,52.76021038,7/16/2021,7/23/2021,188.0,150,TY,100.4,272.1,1000.9,1,8,8,0,3
FABIAN,2021,3,BULACAN,PAOMBONG,6,31,1,0,0,0,0,0,0,0,0.0,CLARK AIRPORT,PAMPANGA,49.39820272,7/16/2021,7/23/2021,188.0,150,TY,100.4,272.1,1000.9,1,8,8,0,3
JOLINA,2021,3,BULACAN,ANGAT,13,61,1,0,0,0,0,0,0,0,0.0,CLARK AIRPORT,PAMPANGA,58.5655976,9/6/2021,9/9/2021,103.0,120,TY,63.4,113.8,1004.3,1,4,4,0,3
JOLINA,2021,3,BULACAN,BALIWAG,773,2706,2,0,0,0,0,0,0,0,0.0,CLARK AIRPORT,PAMPANGA,45.09305826,9/6/2021,9/9/2021,103.0,120,TY,63.4,113.8,1004.3,1,4,4,0,3
JOLINA,2021,3,BULACAN,BUSTOS,172,664,4,0,0,0,0,0,0,0,0.0,CLARK AIRPORT,PAMPANGA,51.34871589,9/6/2021,9/9/2021,103.0,120,TY,63.4,113.8,1004.3,1,4,4,0,3
JOLINA,2021,3,BULACAN,MARILAO,1305,3915,2,0,0,0,0,0,0,0,0.0,CLARK AIRPORT,PAMPANGA,65.40775019,9/6/2021,9/9/2021,103.0,120,TY,63.4,113.8,1004.3,1,4,4,0,3
JOLINA,2021,3,BULACAN,PANDI,21,118,1,0,0,0,0,0,0,0,10000.0,CLARK AIRPORT,PAMPANGA,55.81574319,9/6/2021,9/9/2021,103.0,120,TY,63.4,113.8,1004.3,1,4,4,0,3
KARDING,2022,3,BULACAN,ANGAT,216,737,12,0,0,0,0,0,0,0,0.0,CLARK AIRPORT,PAMPANGA,58.5655976,9/22/2022,9/26/2022,114.0,195,STY,125.2,146.9,994.6,1,5,5,0,3
KARDING,2022,3,BULACAN,BALAGTAS,14,73,4,0,0,0,0,0,0,0,0.0,CLARK AIRPORT,PAMPANGA,55.6516061,9/22/2022,9/26/2022,114.0,195,STY,125.2,146.9,994.6,1,5,5,0,3
KARDING,2022,3,BULACAN,BALIWAG,1003,4270,7,0,0,0,0,0,0,0,1040100.0,CLARK AIRPORT,PAMPANGA,45.09305826,9/22/2022,9/26/2022,114.0,195,STY,125.2,146.9,994.6,1,5,5,0,3
KARDING,2022,3,BULACAN,BOCAUE,127,458,6,0,0,0,0,0,0,0,0.0,CLARK AIRPORT,PAMPANGA,60.1537413,9/22/2022,9/26/2022,114.0,195,STY,125.2,146.9,994.6,1,5,5,0,3
KARDING,2022,3,BULACAN,BULAKAN,10,37,2,0,0,0,0,0,0,0,0.0,CLARK AIRPORT,PAMPANGA,57.86239059,9/22/2022,9/26/2022,114.0,195,STY,125.2,146.9,994.6,1,5,5,0,3
KARDING,2022,3,BULACAN,BUSTOS,228,920,5,0,0,0,0,0,0,0,0.0,CLARK AIRPORT,PAMPANGA,51.34871589,9/22/2022,9/26/2022,114.0,195,STY,125.2,146.9,994.6,1,5,5,0,3
KARDING,2022,3,BULACAN,CALUMPIT,19695,79724,18,0,0,0,0,0,0,0,10150946.0,CLARK AIRPORT,PAMPANGA,40.31422335,9/22/2022,9/26/2022,114.0,195,STY,125.2,146.9,994.6,1,5,5,1,1
KARDING,2022,3,BULACAN,DONA REMEDIOS TRINIDAD,878,2727,5,0,0,0,0,0,0,0,141999.0,CABANATUAN,NUEVA ECIJA,51.67101695,9/22/2022,9/26/2022,114.0,195,STY,55.8,73.3,996.4,1,5,5,0,3
KARDING,2022,3,BULACAN,GUIGUINTO,11,38,3,0,0,0,0,0,0,0,0.0,CLARK AIRPORT,PAMPANGA,52.76021038,9/22/2022,9/26/2022,114.0,195,STY,125.2,146.9,994.6,1,5,5,0,3
KARDING,2022,3,BULACAN,HAGONOY,18,61,4,0,0,0,0,0,0,0,0.0,CLARK AIRPORT,PAMPANGA,46.4069595,9/22/2022,9/26/2022,114.0,195,STY,125.2,146.9,994.6,1,5,5,0,3
KARDING,2022,3,BULACAN,MALOLOS CITY,212,660,11,0,0,0,0,0,0,0,0.0,CLARK AIRPORT,PAMPANGA,49.60339483,9/22/2022,9/26/2022,114.0,195,STY,125.2,146.9,994.6,1,5,5,0,3
KARDING,2022,3,BULACAN,MARILAO,32,102,5,0,0,0,0,0,0,0,0.0,CLARK AIRPORT,PAMPANGA,65.40775019,9/22/2022,9/26/2022,114.0,195,STY,125.2,146.9,994.6,1,5,5,0,3
KARDING,2022,3,BULACAN,MEYCAUAYAN,30,96,2,0,0,0,0,0,0,0,0.0,CLARK AIRPORT,PAMPANGA,68.69723936,9/22/2022,9/26/2022,114.0,195,STY,125.2,146.9,994.6,1,5,5,0,3
KARDING,2022,3,BULACAN,NORZAGARAY,286,727,6,0,0,0,0,0,0,0,116056.0,CABANATUAN,NUEVA ECIJA,70.6957506,9/22/2022,9/26/2022,114.0,195,STY,55.8,73.3,996.4,1,5,5,0,3
KARDING,2022,3,BULACAN,OBANDO,181,688,8,0,0,0,0,0,0,0,0.0,CLARK AIRPORT,PAMPANGA,65.70438465,9/22/2022,9/26/2022,114.0,195,STY,125.2,146.9,994.6,1,5,5,0,3
KARDING,2022,3,BULACAN,PANDI,332,995,2,0,0,0,0,0,0,0,497350.0,CLARK AIRPORT,PAMPANGA,55.81574319,9/22/2022,9/26/2022,114.0,195,STY,125.2,146.9,994.6,1,5,5,0,3
KARDING,2022,3,BULACAN,PAOMBONG,99,319,10,0,0,0,0,0,0,0,0.0,CLARK AIRPORT,PAMPANGA,49.39820272,9/22/2022,9/26/2022,114.0,195,STY,125.2,146.9,994.6,1,5,5,0,3
KARDING,2022,3,BULACAN,PLARIDEL,200,746,7,0,0,0,0,0,0,0,0.0,CLARK AIRPORT,PAMPANGA,48.47918826,9/22/2022,9/26/2022,114.0,195,STY,125.2,146.9,994.6,1,5,5,0,3
KARDING,2022,3,BULACAN,PULILAN,1145,3851,5,0,0,0,0,0,0,0,242500.0,CLARK AIRPORT,PAMPANGA,43.93440999,9/22/2022,9/26/2022,114.0,195,STY,125.2,146.9,994.6,1,5,5,0,3
KARDING,2022,3,BULACAN,SAN ILDEFONSO,13598,52112,11,0,13,0,0,0,0,0,1058075.0,CABANATUAN,NUEVA ECIJA,50.27829652,9/22/2022,9/26/2022,114.0,195,STY,55.8,73.3,996.4,1,5,5,1,1
KARDING,2022,3,BULACAN,SAN JOSE DEL MONTE,52,233,5,0,0,0,0,0,0,0,55466.6,CLARK AIRPORT,PAMPANGA,69.91223065,9/22/2022,9/26/2022,114.0,195,STY,125.2,146.9,994.6,1,5,5,0,3
KARDING,2022,3,BULACAN,SAN MIGUEL,52600,191170,9,5,1,0,0,0,0,0,8934499.0,CABANATUAN,NUEVA ECIJA,36.58720222,9/22/2022,9/26/2022,114.0,195,STY,55.8,73.3,996.4,1,5,5,1,1
KARDING,2022,3,BULACAN,SAN RAFAEL,1613,7720,14,0,0,0,0,0,0,0,547283.0,CLARK AIRPORT,PAMPANGA,51.60534583,9/22/2022,9/26/2022,114.0,195,STY,125.2,146.9,994.6,1,5,5,0,3
KARDING,2022,3,BULACAN,SANTA MARIA,340,1280,49,0,0,0,0,0,0,0,142500.0,CLARK AIRPORT,PAMPANGA,61.46283753,9/22/2022,9/26/2022,114.0,195,STY,125.2,146.9,994.6,1,5,5,0,3
KIKO,2021,3,BULACAN,BOCAUE,67,249,6,0,0,0,0,0,0,0,0.0,CLARK AIRPORT,PAMPANGA,60.1537413,9/7/2021,9/12/2021,116.0,215,STY,63.4,189.9,1004.3,1,6,6,0,3
KIKO,2021,3,BULACAN,MARILAO,1305,3915,2,0,0,0,0,0,0,0,0.0,CLARK AIRPORT,PAMPANGA,65.40775019,9/7/2021,9/12/2021,116.0,215,STY,63.4,189.9,1004.3,1,6,6,0,3
MARING,2021,3,BULACAN,BULAKAN,8,15,1,0,0,0,0,0,0,0,0.0,CLARK AIRPORT,PAMPANGA,57.86239059,10/7/2021,10/12/2021,118.0,100,STS,15.7,36.51,994.7,1,6,6,0,3
PAENG,2022,3,BULACAN,ANGAT,100,400,4,0,0,0,0,0,0,0,47500.0,CLARK AIRPORT,PAMPANGA,58.5655976,10/26/2022,10/31/2022,124.7,110,STS,109.2,230.7,990.5,1,6,6,0,3
PAENG,2022,3,BULACAN,BALAGTAS,7980,28984,4,0,0,0,0,0,0,0,18000.0,CLARK AIRPORT,PAMPANGA,55.6516061,10/26/2022,10/31/2022,124.7,110,STS,109.2,230.7,990.5,1,6,6,0,3
PAENG,2022,3,BULACAN,BALIWAG,30,113,3,0,0,0,0,0,0,0,0.0,CLARK AIRPORT,PAMPANGA,45.09305826,10/26/2022,10/31/2022,124.7,110,STS,109.2,230.7,990.5,1,6,6,0,3
PAENG,2022,3,BULACAN,BOCAUE,220,616,8,0,0,0,0,0,0,0,0.0,CLARK AIRPORT,PAMPANGA,60.1537413,10/26/2022,10/31/2022,124.7,110,STS,109.2,230.7,990.5,1,6,6,0,3
PAENG,2022,3,BULACAN,BULAKAN,17491,60762,8,0,0,0,0,0,0,0,130550.0,CLARK AIRPORT,PAMPANGA,57.86239059,10/26/2022,10/31/2022,124.7,110,STS,109.2,230.7,990.5,1,6,6,0,3
PAENG,2022,3,BULACAN,BUSTOS,16,43,3,0,0,0,0,2,2,0,0.0,CLARK AIRPORT,PAMPANGA,51.34871589,10/26/2022,10/31/2022,124.7,110,STS,109.2,230.7,990.5,1,6,6,0,3
PAENG,2022,3,BULACAN,CALUMPIT,20415,71825,19,0,0,0,0,0,0,0,529000.0,CLARK AIRPORT,PAMPANGA,40.31422335,10/26/2022,10/31/2022,124.7,110,STS,109.2,230.7,990.5,1,6,6,1,1
PAENG,2022,3,BULACAN,GUIGUINTO,9782,39204,4,0,0,0,0,0,0,0,275000.0,CLARK AIRPORT,PAMPANGA,52.76021038,10/26/2022,10/31/2022,124.7,110,STS,109.2,230.7,990.5,1,6,6,0,3
PAENG,2022,3,BULACAN,HAGONOY,17452,56230,10,0,0,0,5,67,72,0,0.0,CLARK AIRPORT,PAMPANGA,46.4069595,10/26/2022,10/31/2022,124.7,110,STS,109.2,230.7,990.5,1,6,6,0,3
PAENG,2022,3,BULACAN,MALOLOS CITY,1345,5484,5,0,0,0,0,0,0,0,173950.0,CLARK AIRPORT,PAMPANGA,49.60339483,10/26/2022,10/31/2022,124.7,110,STS,109.2,230.7,990.5,1,6,6,0,3
PAENG,2022,3,BULACAN,MARILAO,20,62,2,0,0,0,0,0,0,0,0.0,CLARK AIRPORT,PAMPANGA,65.40775019,10/26/2022,10/31/2022,124.7,110,STS,109.2,230.7,990.5,1,6,6,0,3
PAENG,2022,3,BULACAN,MEYCAUAYAN,65,186,3,0,0,0,0,0,0,0,0.0,CLARK AIRPORT,PAMPANGA,68.69723936,10/26/2022,10/31/2022,124.7,110,STS,109.2,230.7,990.5,1,6,6,0,3
PAENG,2022,3,BULACAN,NORZAGARAY,118,412,2,0,0,0,0,0,0,0,0.0,CABANATUAN,NUEVA ECIJA,70.6957506,10/26/2022,10/31/2022,124.7,110,STS,54.2,77.8,992.5,1,6,6,0,3
PAENG,2022,3,BULACAN,OBANDO,212,587,9,0,0,0,2,9,11,0,0.0,CLARK AIRPORT,PAMPANGA,65.70438465,10/26/2022,10/31/2022,124.7,110,STS,109.2,230.7,990.5,1,6,6,0,3
PAENG,2022,3,BULACAN,PAOMBONG,3611,20053,4,0,0,0,0,0,0,0,110000.0,CLARK AIRPORT,PAMPANGA,49.39820272,10/26/2022,10/31/2022,124.7,110,STS,109.2,230.7,990.5,1,6,6,0,3
PAENG,2022,3,BULACAN,PLARIDEL,4,14,1,0,0,0,0,4,4,0,0.0,CLARK AIRPORT,PAMPANGA,48.47918826,10/26/2022,10/31/2022,124.7,110,STS,109.2,230.7,990.5,1,6,6,0,3
PAENG,2022,3,BULACAN,PULILAN,467,1709,5,0,0,0,0,17,17,0,90000.0,CLARK AIRPORT,PAMPANGA,43.93440999,10/26/2022,10/31/2022,124.7,110,STS,109.2,230.7,990.5,1,6,6,0,3
PAENG,2022,3,BULACAN,SAN ILDEFONSO,12,59,2,0,0,0,0,0,0,0,0.0,CABANATUAN,NUEVA ECIJA,50.27829652,10/26/2022,10/31/2022,124.7,110,STS,54.2,77.8,992.5,1,6,6,0,3
PAENG,2022,3,BULACAN,SAN JOSE DEL MONTE,33,142,1,1,0,0,0,3,3,0,0.0,CLARK AIRPORT,PAMPANGA,69.91223065,10/26/2022,10/31/2022,124.7,110,STS,109.2,230.7,990.5,1,6,6,0,3
PAENG,2022,3,BULACAN,SAN MIGUEL,1548,8171,12,0,0,0,0,0,0,0,183100.0,CABANATUAN,NUEVA ECIJA,36.58720222,10/26/2022,10/31/2022,124.7,110,STS,54.2,77.8,992.5,1,6,6,0,3
PAENG,2022,3,BULACAN,SAN RAFAEL,18,49,2,0,0,0,0,0,0,0,0.0,CLARK AIRPORT,PAMPANGA,51.60534583,10/26/2022,10/31/2022,124.7,110,STS,109.2,230.7,990.5,1,6,6,0,3
PAENG,2022,3,BULACAN,SANTA MARIA,227,922,5,0,0,0,0,29,29,0,113500.0,CLARK AIRPORT,PAMPANGA,61.46283753,10/26/2022,10/31/2022,124.7,110,STS,109.2,230.7,990.5,1,6,6,0,3
PEPITO,2020,3,BULACAN,SAN MIGUEL,4235,23935,25,0,0,0,0,0,0,0,183600.0,CABANATUAN,NUEVA ECIJA,36.58720222,10/19/2020,10/22/2020,80.0,120,TY,86.8,91.0,999.8,1,4,4,0,3
QUINTA,2020,3,BULACAN,CALUMPIT,19005,76019,28,0,0,0,0,0,0,0,4000.0,CLARK AIRPORT,PAMPANGA,40.31422335,10/23/2020,10/27/2020,71.0,150,TY,65.0,119.6,1002.2,1,5,5,1,1
QUINTA,2020,3,BULACAN,SAN MIGUEL,6984,41268,23,0,0,0,0,0,0,0,0.0,CABANATUAN,NUEVA ECIJA,36.58720222,10/23/2020,10/27/2020,71.0,150,TY,52.0,102.4,1002.3,1,5,5,0,3
ROLLY,2020,3,BULACAN,ANGAT,25,127,2,0,0,0,0,0,0,0,0.0,CLARK AIRPORT,PAMPANGA,58.5655976,10/29/2020,11/3/2020,122.0,225,STY,22.4,40.3,1002.9,1,6,6,0,3
ROLLY,2020,3,BULACAN,BALIWAG,103,385,10,0,0,0,0,0,0,0,0.0,CLARK AIRPORT,PAMPANGA,45.09305826,10/29/2020,11/3/2020,122.0,225,STY,22.4,40.3,1002.9,1,6,6,0,3
ROLLY,2020,3,BULACAN,BOCAUE,25,129,1,0,0,0,0,0,0,0,0.0,CLARK AIRPORT,PAMPANGA,60.1537413,10/29/2020,11/3/2020,122.0,225,STY,22.4,40.3,1002.9,1,6,6,0,3
ROLLY,2020,3,BULACAN,BULAKAN,90,305,5,0,0,0,0,0,0,0,0.0,CLARK AIRPORT,PAMPANGA,57.86239059,10/29/2020,11/3/2020,122.0,225,STY,22.4,40.3,1002.9,1,6,6,0,3
ROLLY,2020,3,BULACAN,CALUMPIT,19005,76019,28,0,0,0,0,0,0,0,3644800.0,CLARK AIRPORT,PAMPANGA,40.31422335,10/29/2020,11/3/2020,122.0,225,STY,22.4,40.3,1002.9,1,6,6,1,1
ROLLY,2020,3,BULACAN,GUIGUINTO,11,39,2,0,0,0,0,0,0,0,0.0,CLARK AIRPORT,PAMPANGA,52.76021038,10/29/2020,11/3/2020,122.0,225,STY,22.4,40.3,1002.9,1,6,6,0,3
ROLLY,2020,3,BULACAN,MALOLOS CITY,251,956,9,0,0,0,0,0,0,0,102000.0,CLARK AIRPORT,PAMPANGA,49.60339483,10/29/2020,11/3/2020,122.0,225,STY,22.4,40.3,1002.9,1,6,6,0,3
ROLLY,2020,3,BULACAN,MEYCAUAYAN,40,147,1,0,0,0,0,0,0,0,16800.0,CLARK AIRPORT,PAMPANGA,68.69723936,10/29/2020,11/3/2020,122.0,225,STY,22.4,40.3,1002.9,1,6,6,0,3
ROLLY,2020,3,BULACAN,NORZAGARAY,126,462,4,0,0,0,0,0,0,0,0.0,CABANATUAN,NUEVA ECIJA,70.6957506,10/29/2020,11/3/2020,122.0,225,STY,13.4,20.8,1003.5,1,6,6,0,3
ROLLY,2020,3,BULACAN,OBANDO,152,519,8,0,0,0,0,0,0,0,0.0,CLARK AIRPORT,PAMPANGA,65.70438465,10/29/2020,11/3/2020,122.0,225,STY,22.4,40.3,1002.9,1,6,6,0,3
ROLLY,2020,3,BULACAN,PAOMBONG,140,582,10,0,0,0,0,0,0,0,0.0,CLARK AIRPORT,PAMPANGA,49.39820272,10/29/2020,11/3/2020,122.0,225,STY,22.4,40.3,1002.9,1,6,6,0,3
ROLLY,2020,3,BULACAN,PLARIDEL,57,189,7,0,0,0,0,0,0,0,0.0,CLARK AIRPORT,PAMPANGA,48.47918826,10/29/2020,11/3/2020,122.0,225,STY,22.4,40.3,1002.9,1,6,6,0,3
ROLLY,2020,3,BULACAN,SAN JOSE DEL MONTE,12,54,2,0,0,0,0,0,0,0,0.0,CLARK AIRPORT,PAMPANGA,69.91223065,10/29/2020,11/3/2020,122.0,225,STY,22.4,40.3,1002.9,1,6,6,0,3
ROLLY,2020,3,BULACAN,SAN MIGUEL,144,591,8,0,0,0,0,0,0,0,0.0,CABANATUAN,NUEVA ECIJA,36.58720222,10/29/2020,11/3/2020,122.0,225,STY,13.4,20.8,1003.5,1,6,6,0,3
ROLLY,2020,3,BULACAN,SAN RAFAEL,1,3,1,0,0,0,0,0,0,0,0.0,CLARK AIRPORT,PAMPANGA,51.60534583,10/29/2020,11/3/2020,122.0,225,STY,22.4,40.3,1002.9,1,6,6,0,3
KARDING,2022,3,NUEVA ECIJA,ALIAGA,1772,5999,7,0,1,0,0,0,0,0,0.0,CABANATUAN,NUEVA ECIJA,20.45689038,9/22/2022,9/26/2022,114.0,195,STY,55.8,73.3,996.4,1,5,5,0,3
KARDING,2022,3,NUEVA ECIJA,BONGABON,386,1548,12,0,0,0,0,0,0,0,123900.0,CABANATUAN,NUEVA ECIJA,25.55864038,9/22/2022,9/26/2022,114.0,195,STY,55.8,73.3,996.4,1,5,5,0,3
KARDING,2022,3,NUEVA ECIJA,CABANATUAN CITY,60550,195016,18,0,4,0,0,0,0,0,949782.25,CABANATUAN,NUEVA ECIJA,6.522549334,9/22/2022,9/26/2022,114.0,195,STY,55.8,73.3,996.4,1,5,5,1,1
KARDING,2022,3,NUEVA ECIJA,CABIAO,17396,86948,7,0,0,0,0,0,0,0,5050000.0,CLARK AIRPORT,PAMPANGA,31.64078361,9/22/2022,9/26/2022,114.0,195,STY,125.2,146.9,994.6,1,5,5,1,1
KARDING,2022,3,NUEVA ECIJA,CARRANGLAN,0,0,0,0,0,0,0,0,0,0,0.0,CABANATUAN,NUEVA ECIJA,55.73298981,9/22/2022,9/26/2022,114.0,195,STY,55.8,73.3,996.4,1,5,5,0,3
KARDING,2022,3,NUEVA ECIJA,CUYAPO,3,16,1,0,0,0,0,0,0,0,0.0,CABANATUAN,NUEVA ECIJA,49.51858172,9/22/2022,9/26/2022,114.0,195,STY,55.8,73.3,996.4,1,5,5,0,3
KARDING,2022,3,NUEVA ECIJA,GABALDON,2380,10885,10,0,0,0,0,0,0,0,238000.0,CABANATUAN,NUEVA ECIJA,26.08956798,9/22/2022,9/26/2022,114.0,195,STY,55.8,73.3,996.4,1,5,5,0,3
KARDING,2022,3,NUEVA ECIJA,GAPAN CITY,25317,121601,3,0,8,0,0,0,0,0,7560100.0,CABANATUAN,NUEVA ECIJA,24.8348347,9/22/2022,9/26/2022,114.0,195,STY,55.8,73.3,996.4,1,5,5,1,1
KARDING,2022,3,NUEVA ECIJA,GENERAL MAMERTO NATIVIDAD,229,773,8,0,0,0,0,0,0,0,0.0,CABANATUAN,NUEVA ECIJA,9.525585105,9/22/2022,9/26/2022,114.0,195,STY,55.8,73.3,996.4,1,5,5,0,3
KARDING,2022,3,NUEVA ECIJA,GENERAL TINIO,5594,22380,6,0,8,0,0,0,0,0,5628700.0,CABANATUAN,NUEVA ECIJA,25.45043509,9/22/2022,9/26/2022,114.0,195,STY,55.8,73.3,996.4,1,5,5,0,3
KARDING,2022,3,NUEVA ECIJA,GUIMBA,274,1099,3,0,0,0,0,0,0,0,0.0,CABANATUAN,NUEVA ECIJA,36.41397223,9/22/2022,9/26/2022,114.0,195,STY,55.8,73.3,996.4,1,5,5,0,3
KARDING,2022,3,NUEVA ECIJA,JAEN,25005,94444,11,0,0,0,0,0,0,0,3436550.0,CABANATUAN,NUEVA ECIJA,22.8645032,9/22/2022,9/26/2022,114.0,195,STY,55.8,73.3,996.4,1,5,5,1,1
KARDING,2022,3,NUEVA ECIJA,LAUR,58,239,4,0,0,0,0,0,0,0,0.0,CABANATUAN,NUEVA ECIJA,14.00914339,9/22/2022,9/26/2022,114.0,195,STY,55.8,73.3,996.4,1,5,5,0,3
KARDING,2022,3,NUEVA ECIJA,LICAB,1189,4697,4,0,0,0,0,0,0,0,0.0,CABANATUAN,NUEVA ECIJA,31.55401936,9/22/2022,9/26/2022,114.0,195,STY,55.8,73.3,996.4,1,5,5,0,3
KARDING,2022,3,NUEVA ECIJA,LLANERA,100,347,10,0,0,0,0,0,0,0,33200.0,CABANATUAN,NUEVA ECIJA,18.80477822,9/22/2022,9/26/2022,114.0,195,STY,55.8,73.3,996.4,1,5,5,0,3
KARDING,2022,3,NUEVA ECIJA,LUPAO,9,31,1,0,0,0,0,0,0,0,0.0,CABANATUAN,NUEVA ECIJA,41.12177622,9/22/2022,9/26/2022,114.0,195,STY,55.8,73.3,996.4,1,5,5,0,3
KARDING,2022,3,NUEVA ECIJA,NAMPICUAN,4,16,0,0,0,0,0,0,0,0,0.0,CABANATUAN,NUEVA ECIJA,48.19578357,9/22/2022,9/26/2022,114.0,195,STY,55.8,73.3,996.4,1,5,5,0,3
KARDING,2022,3,NUEVA ECIJA,PALAYAN CITY,989,3794,6,0,1,0,0,0,0,0,499180.0,CABANATUAN,NUEVA ECIJA,6.289232384,9/22/2022,9/26/2022,114.0,195,STY,55.8,73.3,996.4,1,5,5,0,3
KARDING,2022,3,NUEVA ECIJA,PANTABANGAN,90,347,6,0,0,0,0,0,0,0,0.0,CABANATUAN,NUEVA ECIJA,36.0363744,9/22/2022,9/26/2022,114.0,195,STY,55.8,73.3,996.4,1,5,5,0,3
KARDING,2022,3,NUEVA ECIJA,PENARANDA,7081,28088,8,0,0,0,0,0,0,0,1063600.0,CABANATUAN,NUEVA ECIJA,16.5610915,9/22/2022,9/26/2022,114.0,195,STY,55.8,73.3,996.4,1,5,5,0,3
KARDING,2022,3,NUEVA ECIJA,QUEZON,453,1745,6,0,0,0,0,0,0,0,0.0,CABANATUAN,NUEVA ECIJA,25.46961836,9/22/2022,9/26/2022,114.0,195,STY,55.8,73.3,996.4,1,5,5,0,3
KARDING,2022,3,NUEVA ECIJA,RIZAL,77,280,8,0,0,0,0,0,0,0,0.0,CABANATUAN,NUEVA ECIJA,21.44047535,9/22/2022,9/26/2022,114.0,195,STY,55.8,73.3,996.4,1,5,5,0,3
KARDING,2022,3,NUEVA ECIJA,SAN ANTONIO,6320,27825,1,0,0,0,0,0,0,0,305100.0,CLARK AIRPORT,PAMPANGA,31.39728113,9/22/2022,9/26/2022,114.0,195,STY,125.2,146.9,994.6,1,5,5,0,3
KARDING,2022,3,NUEVA ECIJA,SAN ISIDRO,5543,22265,9,0,1,0,0,0,0,0,3342000.0,CABANATUAN,NUEVA ECIJA,30.1504925,9/22/2022,9/26/2022,114.0,195,STY,55.8,73.3,996.4,1,5,5,0,3
KARDING,2022,3,NUEVA ECIJA,SAN JOSE,23,69,1,0,0,0,0,0,0,0,0.0,CABANATUAN,NUEVA ECIJA,31.92336025,9/22/2022,9/26/2022,114.0,195,STY,55.8,73.3,996.4,1,5,5,0,3
KARDING,2022,3,NUEVA ECIJA,SAN LEONARDO,14520,68829,6,0,0,0,0,0,0,0,3192100.0,CABANATUAN,NUEVA ECIJA,19.27723746,9/22/2022,9/26/2022,114.0,195,STY,55.8,73.3,996.4,1,5,5,1,1
KARDING,2022,3,NUEVA ECIJA,SANTA ROSA,2707,10819,7,0,2,0,0,0,0,0,913600.0,CABANATUAN,NUEVA ECIJA,10.31066457,9/22/2022,9/26/2022,114.0,195,STY,55.8,73.3,996.4,1,5,5,0,3
KARDING,2022,3,NUEVA ECIJA,SANTO DOMINGO,492,1738,9,0,0,0,0,0,0,0,0.0,CABANATUAN,NUEVA ECIJA,22.41276863,9/22/2022,9/26/2022,114.0,195,STY,55.8,73.3,996.4,1,5,5,0,3
KARDING,2022,3,NUEVA ECIJA,SCIENCE CITY OF MUNOZ,167,544,15,0,0,0,0,0,0,0,0.0,CABANATUAN,NUEVA ECIJA,30.24339534,9/22/2022,9/26/2022,114.0,195,STY,55.8,73.3,996.4,1,5,5,0,3
KARDING,2022,3,NUEVA ECIJA,TALAVERA,395,1517,13,0,1,0,0,0,0,0,232500.0,CABANATUAN,NUEVA ECIJA,17.55810257,9/22/2022,9/26/2022,114.0,195,STY,55.8,73.3,996.4,1,5,5,0,3
KARDING,2022,3,NUEVA ECIJA,TALUGTUG,0,0,0,0,0,0,0,0,0,0,0.0,CABANATUAN,NUEVA ECIJA,38.87598426,9/22/2022,9/26/2022,114.0,195,STY,55.8,73.3,996.4,1,5,5,0,3
KARDING,2022,3,NUEVA ECIJA,ZARAGOZA,15855,24937,16,0,0,0,0,0,0,0,778332.65,CABANATUAN,NUEVA ECIJA,28.57889532,9/22/2022,9/26/2022,114.0,195,STY,55.8,73.3,996.4,1,5,5,0,3
PAENG,2022,3,NUEVA ECIJA,BONGABON,8,29,3,0,0,0,0,0,0,0,0.0,CABANATUAN,NUEVA ECIJA,25.55864038,10/26/2022,10/31/2022,124.7,110,STS,54.2,77.8,992.5,1,6,6,0,3
PAENG,2022,3,NUEVA ECIJA,CABANATUAN CITY,455,2092,6,0,0,0,0,0,0,0,130295.25,CABANATUAN,NUEVA ECIJA,6.522549334,10/26/2022,10/31/2022,124.7,110,STS,54.2,77.8,992.5,1,6,6,0,3
PAENG,2022,3,NUEVA ECIJA,GABALDON,81,291,4,0,0,0,0,0,0,0,0.0,CABANATUAN,NUEVA ECIJA,26.08956798,10/26/2022,10/31/2022,124.7,110,STS,54.2,77.8,992.5,1,6,6,0,3
PAENG,2022,3,NUEVA ECIJA,GAPAN CITY,180,811,3,0,0,0,0,0,0,0,100000.0,CABANATUAN,NUEVA ECIJA,24.8348347,10/26/2022,10/31/2022,124.7,110,STS,54.2,77.8,992.5,1,6,6,0,3
PAENG,2022,3,NUEVA ECIJA,PENARANDA,10,30,1,0,0,0,0,0,0,0,0.0,CABANATUAN,NUEVA ECIJA,16.5610915,10/26/2022,10/31/2022,124.7,110,STS,54.2,77.8,992.5,1,6,6,0,3
PEPITO,2020,3,NUEVA ECIJA,CABANATUAN CITY,6487,30887,20,0,0,0,0,0,0,0,212573.0,CABANATUAN,NUEVA ECIJA,6.522549334,10/19/2020,10/22/2020,80.0,120,TY,86.8,91.0,999.8,1,4,4,0,3
PEPITO,2020,3,NUEVA ECIJA,LICAB,2778,9414,6,0,0,0,0,0,0,0,0.0,CABANATUAN,NUEVA ECIJA,31.55401936,10/19/2020,10/22/2020,80.0,120,TY,86.8,91.0,999.8,1,4,4,0,3
PEPITO,2020,3,NUEVA ECIJA,SAN ISIDRO,457,2285,2,0,0,0,0,0,0,0,0.0,CABANATUAN,NUEVA ECIJA,30.1504925,10/19/2020,10/22/2020,80.0,120,TY,86.8,91.0,999.8,1,4,4,0,3
PEPITO,2020,3,NUEVA ECIJA,TALAVERA,40,174,3,0,0,0,0,0,0,0,18000.0,CABANATUAN,NUEVA ECIJA,17.55810257,10/19/2020,10/22/2020,80.0,120,TY,86.8,91.0,999.8,1,4,4,0,3
QUINTA,2020,3,NUEVA ECIJA,CABANATUAN CITY,496,2295,2,0,0,0,0,0,0,0,160362.0,CABANATUAN,NUEVA ECIJA,6.522549334,10/23/2020,10/27/2020,71.0,150,TY,52.0,102.4,1002.3,1,5,5,0,3
QUINTA,2020,3,NUEVA ECIJA,GAPAN CITY,186,843,1,0,0,0,0,0,0,0,0.0,CABANATUAN,NUEVA ECIJA,24.8348347,10/23/2020,10/27/2020,71.0,150,TY,52.0,102.4,1002.3,1,5,5,0,3
QUINTA,2020,3,NUEVA ECIJA,JAEN,422,1488,1,0,0,0,0,0,0,0,0.0,CABANATUAN,NUEVA ECIJA,22.8645032,10/23/2020,10/27/2020,71.0,150,TY,52.0,102.4,1002.3,1,5,5,0,3
QUINTA,2020,3,NUEVA ECIJA,SAN ANTONIO,196,1034,1,0,0,0,0,0,0,0,0.0,CLARK AIRPORT,PAMPANGA,31.39728113,10/23/2020,10/27/2020,71.0,150,TY,65.0,119.6,1002.2,1,5,5,0,3
ROLLY,2020,3,NUEVA ECIJA,BONGABON,4,20,3,0,0,0,0,0,0,0,0.0,CABANATUAN,NUEVA ECIJA,25.55864038,10/29/2020,11/3/2020,122.0,225,STY,13.4,20.8,1003.5,1,6,6,0,3
ROLLY,2020,3,NUEVA ECIJA,CABANATUAN CITY,825,3906,12,0,0,0,0,0,0,0,272963.0,CABANATUAN,NUEVA ECIJA,6.522549334,10/29/2020,11/3/2020,122.0,225,STY,13.4,20.8,1003.5,1,6,6,0,3
ROLLY,2020,3,NUEVA ECIJA,CABIAO,3,10,1,0,0,0,0,0,0,0,0.0,CLARK AIRPORT,PAMPANGA,31.64078361,10/29/2020,11/3/2020,122.0,225,STY,22.4,40.3,1002.9,1,6,6,0,3
ROLLY,2020,3,NUEVA ECIJA,GABALDON,134,670,4,0,0,0,0,0,0,0,22780.0,CABANATUAN,NUEVA ECIJA,26.08956798,10/29/2020,11/3/2020,122.0,225,STY,13.4,20.8,1003.5,1,6,6,0,3
ROLLY,2020,3,NUEVA ECIJA,GENERAL TINIO,58,190,2,0,0,0,0,0,0,0,5000.0,CABANATUAN,NUEVA ECIJA,25.45043509,10/29/2020,11/3/2020,122.0,225,STY,13.4,20.8,1003.5,1,6,6,0,3
ROLLY,2020,3,NUEVA ECIJA,JAEN,422,1488,1,0,0,0,0,0,0,0,0.0,CABANATUAN,NUEVA ECIJA,22.8645032,10/29/2020,11/3/2020,122.0,225,STY,13.4,20.8,1003.5,1,6,6,0,3
ROLLY,2020,3,NUEVA ECIJA,LAUR,116,445,4,0,0,0,0,0,0,0,0.0,CABANATUAN,NUEVA ECIJA,14.00914339,10/29/2020,11/3/2020,122.0,225,STY,13.4,20.8,1003.5,1,6,6,0,3
ROLLY,2020,3,NUEVA ECIJA,LICAB,11,49,2,0,0,0,0,0,0,0,140836.5,CABANATUAN,NUEVA ECIJA,31.55401936,10/29/2020,11/3/2020,122.0,225,STY,13.4,20.8,1003.5,1,6,6,0,3
ROLLY,2020,3,NUEVA ECIJA,PENARANDA,87,287,7,0,0,0,0,0,0,0,0.0,CABANATUAN,NUEVA ECIJA,16.5610915,10/29/2020,11/3/2020,122.0,225,STY,13.4,20.8,1003.5,1,6,6,0,3
ROLLY,2020,3,NUEVA ECIJA,RIZAL,2,8,1,0,0,0,0,0,0,0,0.0,CABANATUAN,NUEVA ECIJA,21.44047535,10/29/2020,11/3/2020,122.0,225,STY,13.4,20.8,1003.5,1,6,6,0,3
ROLLY,2020,3,NUEVA ECIJA,SAN ANTONIO,196,1034,1,0,0,0,0,0,0,0,76560.0,CLARK AIRPORT,PAMPANGA,31.39728113,10/29/2020,11/3/2020,122.0,225,STY,22.4,40.3,1002.9,1,6,6,0,3
ROLLY,2020,3,NUEVA ECIJA,SCIENCE CITY OF MUNOZ,35,109,2,0,0,0,0,0,0,0,12250.0,CABANATUAN,NUEVA ECIJA,30.24339534,10/29/2020,11/3/2020,122.0,225,STY,13.4,20.8,1003.5,1,6,6,0,3
ROLLY,2020,3,NUEVA ECIJA,ZARAGOZA,60,237,4,0,0,0,0,0,0,0,21400.0,CABANATUAN,NUEVA ECIJA,28.57889532,10/29/2020,11/3/2020,122.0,225,STY,13.4,20.8,1003.5,1,6,6,0,3
DODONG,2023,3,PAMPANGA,APALIT,2542,9926,2,0,0,0,0,0,0,0,0.0,CLARK AIRPORT,PAMPANGA,37.28142946,7/13/2023,7/15/2023,47.0,65,TS,109.9,183.2,1001.0,1,3,3,0,3
DODONG,2023,3,PAMPANGA,BACOLOR,110,448,1,0,0,0,0,0,0,0,0.0,CLARK AIRPORT,PAMPANGA,20.05446085,7/13/2023,7/15/2023,47.0,65,TS,109.9,183.2,1001.0,1,3,3,0,3
DODONG,2023,3,PAMPANGA,MACABEBE,14880,50195,14,0,0,0,0,0,0,0,0.0,CLARK AIRPORT,PAMPANGA,36.0647718,7/13/2023,7/15/2023,47.0,65,TS,109.9,183.2,1001.0,1,3,3,0,3
DODONG,2023,3,PAMPANGA,MASANTOL,15009,48057,26,0,0,0,0,0,0,0,0.0,CLARK AIRPORT,PAMPANGA,41.32471799,7/13/2023,7/15/2023,47.0,65,TS,109.9,183.2,1001.0,1,3,3,0,3
DODONG,2023,3,PAMPANGA,MEXICO,59,203,0,0,0,0,0,0,0,0,0.0,CLARK AIRPORT,PAMPANGA,19.15885798,7/13/2023,7/15/2023,47.0,65,TS,109.9,183.2,1001.0,1,3,3,0,3
DODONG,2023,3,PAMPANGA,MINALIN,2294,11548,0,0,0,0,0,0,0,0,0.0,CLARK AIRPORT,PAMPANGA,31.14920289,7/13/2023,7/15/2023,47.0,65,TS,109.9,183.2,1001.0,1,3,3,0,3
FABIAN,2021,3,PAMPANGA,GUAGUA,15,50,2,0,0,0,0,0,0,0,0.0,CLARK AIRPORT,PAMPANGA,25.4528312,7/16/2021,7/23/2021,188.0,150,TY,100.4,272.1,1000.9,1,8,8,0,3
FABIAN,2021,3,PAMPANGA,LUBAO,2869,10670,15,0,0,0,0,0,0,0,0.0,CLARK AIRPORT,PAMPANGA,33.03024095,7/16/2021,7/23/2021,188.0,150,TY,100.4,272.1,1000.9,1,8,8,0,3
FABIAN,2021,3,PAMPANGA,MACABEBE,32,104,3,0,0,0,0,0,0,0,0.0,CLARK AIRPORT,PAMPANGA,36.0647718,7/16/2021,7/23/2021,188.0,150,TY,100.4,272.1,1000.9,1,8,8,0,3
FABIAN,2021,3,PAMPANGA,MASANTOL,12151,60037,26,0,0,0,0,2,2,0,0.0,CLARK AIRPORT,PAMPANGA,41.32471799,7/16/2021,7/23/2021,188.0,150,TY,100.4,272.1,1000.9,1,8,8,0,3
FABIAN,2021,3,PAMPANGA,MINALIN,3,1,1,0,0,0,0,0,0,0,0.0,CLARK AIRPORT,PAMPANGA,31.14920289,7/16/2021,7/23/2021,188.0,150,TY,100.4,272.1,1000.9,1,8,8,0,3
FABIAN,2021,3,PAMPANGA,SASMUAN,48,217,2,0,0,0,0,0,0,0,0.0,CLARK AIRPORT,PAMPANGA,35.16452469,7/16/2021,7/23/2021,188.0,150,TY,100.4,272.1,1000.9,1,8,8,0,3
JOLINA,2021,3,PAMPANGA,SAN FERNANDO,4,18,1,0,0,0,0,0,0,0,0.0,CLARK AIRPORT,PAMPANGA,19.66599544,9/6/2021,9/9/2021,103.0,120,TY,63.4,113.8,1004.3,1,4,4,0,3
KARDING,2022,3,PAMPANGA,ANGELES,115,417,7,0,0,0,0,0,0,0,0.0,CLARK AIRPORT,PAMPANGA,5.364168547,9/22/2022,9/26/2022,114.0,195,STY,125.2,146.9,994.6,1,5,5,0,3
KARDING,2022,3,PAMPANGA,APALIT,1583,5157,1,0,0,0,0,0,0,0,0.0,CLARK AIRPORT,PAMPANGA,37.28142946,9/22/2022,9/26/2022,114.0,195,STY,125.2,146.9,994.6,1,5,5,0,3
KARDING,2022,3,PAMPANGA,ARAYAT,1343,3491,5,0,0,0,0,0,0,0,0.0,CLARK AIRPORT,PAMPANGA,23.58420819,9/22/2022,9/26/2022,114.0,195,STY,125.2,146.9,994.6,1,5,5,0,3
KARDING,2022,3,PAMPANGA,BACOLOR,29,127,1,0,0,0,0,0,0,0,59467.0,CLARK AIRPORT,PAMPANGA,20.05446085,9/22/2022,9/26/2022,114.0,195,STY,125.2,146.9,994.6,1,5,5,0,3
KARDING,2022,3,PAMPANGA,CANDABA,8487,36891,10,0,0,0,0,0,0,0,0.0,CLARK AIRPORT,PAMPANGA,38.3065341,9/22/2022,9/26/2022,114.0,195,STY,125.2,146.9,994.6,1,5,5,0,3
KARDING,2022,3,PAMPANGA,FLORIDABLANCA,14,61,2,0,0,0,0,0,0,0,6708.1,CLARK AIRPORT,PAMPANGA,23.36922009,9/22/2022,9/26/2022,114.0,195,STY,125.2,146.9,994.6,1,5,5,0,3
KARDING,2022,3,PAMPANGA,GUAGUA,0,0,0,0,0,0,0,0,0,0,0.0,CLARK AIRPORT,PAMPANGA,25.4528312,9/22/2022,9/26/2022,114.0,195,STY,125.2,146.9,994.6,1,5,5,0,3
KARDING,2022,3,PAMPANGA,LUBAO,96,292,4,0,0,0,0,0,0,0,0.0,CLARK AIRPORT,PAMPANGA,33.03024095,9/22/2022,9/26/2022,114.0,195,STY,125.2,146.9,994.6,1,5,5,0,3
KARDING,2022,3,PAMPANGA,MABALACAT,79,329,3,0,0,0,0,0,0,0,0.0,CLARK AIRPORT,PAMPANGA,4.643612489,9/22/2022,9/26/2022,114.0,195,STY,125.2,146.9,994.6,1,5,5,0,3
KARDING,2022,3,PAMPANGA,MACABEBE,7817,31403,15,0,0,0,0,0,0,0,0.0,CLARK AIRPORT,PAMPANGA,36.0647718,9/22/2022,9/26/2022,114.0,195,STY,125.2,146.9,994.6,1,5,5,0,3
KARDING,2022,3,PAMPANGA,MAGALANG,0,0,0,0,0,0,0,0,0,0,0.0,CLARK AIRPORT,PAMPANGA,15.20885037,9/22/2022,9/26/2022,114.0,195,STY,125.2,146.9,994.6,1,5,5,0,3
KARDING,2022,3,PAMPANGA,MASANTOL,279,1020,14,0,0,0,0,0,0,0,0.0,CLARK AIRPORT,PAMPANGA,41.32471799,9/22/2022,9/26/2022,114.0,195,STY,125.2,146.9,994.6,1,5,5,0,3
KARDING,2022,3,PAMPANGA,MEXICO,16,86,3,0,0,0,0,0,0,0,0.0,CLARK AIRPORT,PAMPANGA,19.15885798,9/22/2022,9/26/2022,114.0,195,STY,125.2,146.9,994.6,1,5,5,0,3
KARDING,2022,3,PAMPANGA,MINALIN,299,1182,5,0,0,0,0,0,0,0,0.0,CLARK AIRPORT,PAMPANGA,31.14920289,9/22/2022,9/26/2022,114.0,195,STY,125.2,146.9,994.6,1,5,5,0,3
KARDING,2022,3,PAMPANGA,PORAC,45,210,2,0,0,0,0,0,0,0,0.0,CLARK AIRPORT,PAMPANGA,12.27447096,9/22/2022,9/26/2022,114.0,195,STY,125.2,146.9,994.6,1,5,5,0,3
KARDING,2022,3,PAMPANGA,SAN FERNANDO,0,0,0,0,0,0,0,0,0,0,0.0,CLARK AIRPORT,PAMPANGA,19.66599544,9/22/2022,9/26/2022,114.0,195,STY,125.2,146.9,994.6,1,5,5,0,3
KARDING,2022,3,PAMPANGA,SAN LUIS,196,792,0,0,0,0,0,0,0,0,0.0,CLARK AIRPORT,PAMPANGA,34.10784161,9/22/2022,9/26/2022,114.0,195,STY,125.2,146.9,994.6,1,5,5,0,3
KARDING,2022,3,PAMPANGA,SAN SIMON,2057,7484,2,0,0,0,0,0,0,0,1010586.0,CLARK AIRPORT,PAMPANGA,34.54929117,9/22/2022,9/26/2022,114.0,195,STY,125.2,146.9,994.6,1,5,5,0,3
KARDING,2022,3,PAMPANGA,SANTA ANA,4,20,1,0,0,0,0,0,0,0,0.0,CLARK AIRPORT,PAMPANGA,26.92166769,9/22/2022,9/26/2022,114.0,195,STY,125.2,146.9,994.6,1,5,5,0,3
KARDING,2022,3,PAMPANGA,SANTA RITA,0,0,0,0,0,0,0,0,0,0,0.0,CLARK AIRPORT,PAMPANGA,20.45040088,9/22/2022,9/26/2022,114.0,195,STY,125.2,146.9,994.6,1,5,5,0,3
KARDING,2022,3,PAMPANGA,SANTO TOMAS,0,0,0,0,0,0,0,0,0,0,0.0,CLARK AIRPORT,PAMPANGA,29.20174165,9/22/2022,9/26/2022,114.0,195,STY,125.2,146.9,994.6,1,5,5,0,3
KARDING,2022,3,PAMPANGA,SASMUAN,52,166,5,0,0,0,0,0,0,0,0.0,CLARK AIRPORT,PAMPANGA,35.16452469,9/22/2022,9/26/2022,114.0,195,STY,125.2,146.9,994.6,1,5,5,0,3
KIKO,2021,3,PAMPANGA,APALIT,2147,8335,3,0,0,0,0,0,0,0,0.0,CLARK AIRPORT,PAMPANGA,37.28142946,9/7/2021,9/12/2021,116.0,215,STY,63.4,189.9,1004.3,1,6,6,0,3
KIKO,2021,3,PAMPANGA,CANDABA,1832,8436,6,0,0,0,0,0,0,0,0.0,CLARK AIRPORT,PAMPANGA,38.3065341,9/7/2021,9/12/2021,116.0,215,STY,63.4,189.9,1004.3,1,6,6,0,3
KIKO,2021,3,PAMPANGA,MASANTOL,1480,7202,16,0,0,0,0,0,0,0,0.0,CLARK AIRPORT,PAMPANGA,41.32471799,9/7/2021,9/12/2021,116.0,215,STY,63.4,189.9,1004.3,1,6,6,0,3
PAENG,2022,3,PAMPANGA,ANGELES,78,303,3,0,0,0,0,0,0,0,0.0,CLARK AIRPORT,PAMPANGA,5.364168547,10/26/2022,10/31/2022,124.7,110,STS,109.2,230.7,990.5,1,6,6,0,3
PAENG,2022,3,PAMPANGA,APALIT,1792,6907,6,0,0,0,0,6,6,0,1019600.0,CLARK AIRPORT,PAMPANGA,37.28142946,10/26/2022,10/31/2022,124.7,110,STS,109.2,230.7,990.5,1,6,6,0,3
PAENG,2022,3,PAMPANGA,ARAYAT,147,574,1,0,0,0,0,0,0,0,117600.0,CLARK AIRPORT,PAMPANGA,23.58420819,10/26/2022,10/31/2022,124.7,110,STS,109.2,230.7,990.5,1,6,6,0,3
PAENG,2022,3,PAMPANGA,BACOLOR,431,2202,1,0,0,0,0,0,0,0,567600.0,CLARK AIRPORT,PAMPANGA,20.05446085,10/26/2022,10/31/2022,124.7,110,STS,109.2,230.7,990.5,1,6,6,0,3
PAENG,2022,3,PAMPANGA,CANDABA,1979,8950,0,0,0,0,5,0,5,0,0.0,CLARK AIRPORT,PAMPANGA,38.3065341,10/26/2022,10/31/2022,124.7,110,STS,109.2,230.7,990.5,1,6,6,0,3
PAENG,2022,3,PAMPANGA,FLORIDABLANCA,5,15,1,0,0,0,0,2,2,0,0.0,CLARK AIRPORT,PAMPANGA,23.36922009,10/26/2022,10/31/2022,124.7,110,STS,109.2,230.7,990.5,1,6,6,0,3
PAENG,2022,3,PAMPANGA,GUAGUA,15,59,1,0,0,0,0,0,0,0,4500.0,CLARK AIRPORT,PAMPANGA,25.4528312,10/26/2022,10/31/2022,124.7,110,STS,109.2,230.7,990.5,1,6,6,0,3
PAENG,2022,3,PAMPANGA,LUBAO,1274,3895,4,0,0,0,0,0,0,0,0.0,CLARK AIRPORT,PAMPANGA,33.03024095,10/26/2022,10/31/2022,124.7,110,STS,109.2,230.7,990.5,1,6,6,0,3
PAENG,2022,3,PAMPANGA,MACABEBE,192,588,14,0,0,0,0,0,0,0,901200.0,CLARK AIRPORT,PAMPANGA,36.0647718,10/26/2022,10/31/2022,124.7,110,STS,109.2,230.7,990.5,1,6,6,0,3
PAENG,2022,3,PAMPANGA,MASANTOL,15049,30377,14,0,0,0,0,0,0,0,2573400.0,CLARK AIRPORT,PAMPANGA,41.32471799,10/26/2022,10/31/2022,124.7,110,STS,109.2,230.7,990.5,1,6,6,0,3
PAENG,2022,3,PAMPANGA,MEXICO,1,8,1,0,0,0,0,1,1,0,0.0,CLARK AIRPORT,PAMPANGA,19.15885798,10/26/2022,10/31/2022,124.7,110,STS,109.2,230.7,990.5,1,6,6,0,3
PAENG,2022,3,PAMPANGA,MINALIN,1827,6627,3,0,0,0,0,0,0,0,0.0,CLARK AIRPORT,PAMPANGA,31.14920289,10/26/2022,10/31/2022,124.7,110,STS,109.2,230.7,990.5,1,6,6,0,3
PAENG,2022,3,PAMPANGA,SAN LUIS,7,23,3,0,0,0,0,7,7,0,0.0,CLARK AIRPORT,PAMPANGA,34.10784161,10/26/2022,10/31/2022,124.7,110,STS,109.2,230.7,990.5,1,6,6,0,3
PAENG,2022,3,PAMPANGA,SASMUAN,163,527,4,0,0,0,0,0,0,0,1630838.0,CLARK AIRPORT,PAMPANGA,35.16452469,10/26/2022,10/31/2022,124.7,110,STS,109.2,230.7,990.5,1,6,6,0,3
PEPITO,2020,3,PAMPANGA,MASANTOL,14157,68467,26,0,0,0,0,0,0,0,0.0,CLARK AIRPORT,PAMPANGA,41.32471799,10/19/2020,10/22/2020,80.0,120,TY,36.6,70.71,999.7,1,4,4,0,3
QUINTA,2020,3,PAMPANGA,ARAYAT,252,1175,2,0,0,0,0,0,0,0,0.0,CLARK AIRPORT,PAMPANGA,23.58420819,10/23/2020,10/27/2020,71.0,150,TY,65.0,119.6,1002.2,1,5,5,0,3
QUINTA,2020,3,PAMPANGA,CANDABA,5411,21441,12,0,0,0,0,0,0,0,0.0,CLARK AIRPORT,PAMPANGA,38.3065341,10/23/2020,10/27/2020,71.0,150,TY,65.0,119.6,1002.2,1,5,5,0,3
QUINTA,2020,3,PAMPANGA,MACABEBE,11935,50572,23,0,0,0,0,0,0,0,0.0,CLARK AIRPORT,PAMPANGA,36.0647718,10/23/2020,10/27/2020,71.0,150,TY,65.0,119.6,1002.2,1,5,5,0,3
QUINTA,2020,3,PAMPANGA,MASANTOL,13337,67378,26,0,0,0,0,0,0,0,0.0,CLARK AIRPORT,PAMPANGA,41.32471799,10/23/2020,10/27/2020,71.0,150,TY,65.0,119.6,1002.2,1,5,5,0,3
QUINTA,2020,3,PAMPANGA,SAN LUIS,2007,9330,8,0,0,0,0,0,0,0,0.0,CLARK AIRPORT,PAMPANGA,34.10784161,10/23/2020,10/27/2020,71.0,150,TY,65.0,119.6,1002.2,1,5,5,0,3
QUINTA,2020,3,PAMPANGA,SAN SIMON,1460,4567,4,0,0,0,0,0,0,0,0.0,CLARK AIRPORT,PAMPANGA,34.54929117,10/23/2020,10/27/2020,71.0,150,TY,65.0,119.6,1002.2,1,5,5,0,3
ROLLY,2020,3,PAMPANGA,ANGELES,20,97,3,0,0,0,0,0,0,0,0.0,CLARK AIRPORT,PAMPANGA,5.364168547,10/29/2020,11/3/2020,122.0,225,STY,22.4,40.3,1002.9,1,6,6,0,3
ROLLY,2020,3,PAMPANGA,APALIT,1562,6259,6,0,0,0,0,0,0,0,0.0,CLARK AIRPORT,PAMPANGA,37.28142946,10/29/2020,11/3/2020,122.0,225,STY,22.4,40.3,1002.9,1,6,6,0,3
ROLLY,2020,3,PAMPANGA,ARAYAT,298,1411,2,0,0,0,0,0,0,0,16080.0,CLARK AIRPORT,PAMPANGA,23.58420819,10/29/2020,11/3/2020,122.0,225,STY,22.4,40.3,1002.9,1,6,6,0,3
ROLLY,2020,3,PAMPANGA,CANDABA,5518,21862,12,0,0,0,0,0,0,0,7000.0,CLARK AIRPORT,PAMPANGA,38.3065341,10/29/2020,11/3/2020,122.0,225,STY,22.4,40.3,1002.9,1,6,6,0,3
ROLLY,2020,3,PAMPANGA,FLORIDABLANCA,2,12,1,0,0,0,0,0,0,0,0.0,CLARK AIRPORT,PAMPANGA,23.36922009,10/29/2020,11/3/2020,122.0,225,STY,22.4,40.3,1002.9,1,6,6,0,3
ROLLY,2020,3,PAMPANGA,GUAGUA,37,170,1,0,0,0,0,0,0,0,451770.0,CLARK AIRPORT,PAMPANGA,25.4528312,10/29/2020,11/3/2020,122.0,225,STY,22.4,40.3,1002.9,1,6,6,0,3
ROLLY,2020,3,PAMPANGA,LUBAO,208,740,8,0,0,0,0,0,0,0,260949.0,CLARK AIRPORT,PAMPANGA,33.03024095,10/29/2020,11/3/2020,122.0,225,STY,22.4,40.3,1002.9,1,6,6,0,3
ROLLY,2020,3,PAMPANGA,MACABEBE,12193,51575,23,0,0,0,0,0,0,0,0.0,CLARK AIRPORT,PAMPANGA,36.0647718,10/29/2020,11/3/2020,122.0,225,STY,22.4,40.3,1002.9,1,6,6,0,3
ROLLY,2020,3,PAMPANGA,MAGALANG,27,142,1,0,0,0,0,0,0,0,0.0,CLARK AIRPORT,PAMPANGA,15.20885037,10/29/2020,11/3/2020,122.0,225,STY,22.4,40.3,1002.9,1,6,6,0,3
ROLLY,2020,3,PAMPANGA,MASANTOL,13877,69563,26,0,0,0,0,0,0,0,828050.0,CLARK AIRPORT,PAMPANGA,41.32471799,10/29/2020,11/3/2020,122.0,225,STY,22.4,40.3,1002.9,1,6,6,1,1
ROLLY,2020,3,PAMPANGA,PORAC,174,663,3,0,0,0,0,0,0,0,0.0,CLARK AIRPORT,PAMPANGA,12.27447096,10/29/2020,11/3/2020,122.0,225,STY,22.4,40.3,1002.9,1,6,6,0,3
ROLLY,2020,3,PAMPANGA,SAN FERNANDO,12,59,3,0,0,0,0,0,0,0,0.0,CLARK AIRPORT,PAMPANGA,19.66599544,10/29/2020,11/3/2020,122.0,225,STY,22.4,40.3,1002.9,1,6,6,0,3
ROLLY,2020,3,PAMPANGA,SAN LUIS,2075,9725,9,0,0,0,0,0,0,0,0.0,CLARK AIRPORT,PAMPANGA,34.10784161,10/29/2020,11/3/2020,122.0,225,STY,22.4,40.3,1002.9,1,6,6,0,3
ROLLY,2020,3,PAMPANGA,SAN SIMON,3560,11881,8,0,0,0,0,0,0,0,0.0,CLARK AIRPORT,PAMPANGA,34.54929117,10/29/2020,11/3/2020,122.0,225,STY,22.4,40.3,1002.9,1,6,6,0,3
ROLLY,2020,3,PAMPANGA,SANTA ANA,8,35,3,0,0,0,0,0,0,0,0.0,CLARK AIRPORT,PAMPANGA,26.92166769,10/29/2020,11/3/2020,122.0,225,STY,22.4,40.3,1002.9,1,6,6,0,3
ROLLY,2020,3,PAMPANGA,SASMUAN,243,765,4,0,0,0,0,0,0,0,0.0,CLARK AIRPORT,PAMPANGA,35.16452469,10/29/2020,11/3/2020,122.0,225,STY,22.4,40.3,1002.9,1,6,6,0,3
DODONG,2023,3,TARLAC,VICTORIA,1,5,1,0,0,0,0,0,0,0,800.0,CABANATUAN,NUEVA ECIJA,39.87466233,7/13/2023,7/15/2023,47.0,65,TS,60.5,103.1,1001.6,1,3,3,0,3
FLORITA,2022,3,TARLAC,CAMILING,1,8,1,0,0,0,0,0,0,0,0.0,CLARK AIRPORT,PAMPANGA,58.39823346,8/21/2022,8/24/2022,74.0,110,STS,66.3,76.21,1002.2,1,4,4,0,3
KARDING,2022,3,TARLAC,ANAO,3,9,0,0,0,0,0,0,0,0,0.0,CABANATUAN,NUEVA ECIJA,53.76347099,9/22/2022,9/26/2022,114.0,195,STY,55.8,73.3,996.4,1,5,5,0,3
KARDING,2022,3,TARLAC,BAMBAN,290,1150,4,0,0,0,0,0,0,0,137930.0,CLARK AIRPORT,PAMPANGA,11.22915395,9/22/2022,9/26/2022,114.0,195,STY,125.2,146.9,994.6,1,5,5,0,3
KARDING,2022,3,TARLAC,CAMILING,518,2006,30,0,0,0,0,0,0,0,123900.0,CLARK AIRPORT,PAMPANGA,58.39823346,9/22/2022,9/26/2022,114.0,195,STY,125.2,146.9,994.6,1,5,5,0,3
KARDING,2022,3,TARLAC,CAPAS,1904,7191,3,0,0,0,0,0,0,0,346900.0,CLARK AIRPORT,PAMPANGA,20.31541641,9/22/2022,9/26/2022,114.0,195,STY,125.2,146.9,994.6,1,5,5,0,3
KARDING,2022,3,TARLAC,CONCEPCION,2231,7153,1,0,0,0,0,0,0,0,10680.0,CLARK AIRPORT,PAMPANGA,20.55526265,9/22/2022,9/26/2022,114.0,195,STY,125.2,146.9,994.6,1,5,5,0,3
KARDING,2022,3,TARLAC,GERONA,387,1517,4,0,0,0,0,0,0,0,4040.0,CLARK AIRPORT,PAMPANGA,46.15143186,9/22/2022,9/26/2022,114.0,195,STY,125.2,146.9,994.6,1,5,5,0,3
KARDING,2022,3,TARLAC,LA PAZ,656,2661,3,0,0,0,0,0,0,0,196920.0,CLARK AIRPORT,PAMPANGA,33.4680901,9/22/2022,9/26/2022,114.0,195,STY,125.2,146.9,994.6,1,5,5,0,3
KARDING,2022,3,TARLAC,MAYANTOC,143,609,0,0,0,0,0,0,0,0,0.0,IBA,ZAMBALES,44.12395949,9/22/2022,9/26/2022,114.0,195,STY,136.2,151.2,993.2,1,5,5,0,3
KARDING,2022,3,TARLAC,MONCADA,60,221,2,0,0,0,0,0,0,0,19938.1,CABANATUAN,NUEVA ECIJA,59.62972214,9/22/2022,9/26/2022,114.0,195,STY,55.8,73.3,996.4,1,5,5,0,3
KARDING,2022,3,TARLAC,PANIQUI,22,103,1,0,0,0,0,0,0,0,25500.0,CLARK AIRPORT,PAMPANGA,54.11820948,9/22/2022,9/26/2022,114.0,195,STY,125.2,146.9,994.6,1,5,5,0,3
KARDING,2022,3,TARLAC,PURA,343,1387,0,0,0,0,0,0,0,0,101956.5,CABANATUAN,NUEVA ECIJA,45.51870296,9/22/2022,9/26/2022,114.0,195,STY,55.8,73.3,996.4,1,5,5,0,3
KARDING,2022,3,TARLAC,RAMOS,265,1089,2,0,0,0,0,0,0,0,4500.0,CABANATUAN,NUEVA ECIJA,49.45543338,9/22/2022,9/26/2022,114.0,195,STY,55.8,73.3,996.4,1,5,5,0,3
KARDING,2022,3,TARLAC,SAN CLEMENTE,79,292,0,0,0,0,0,0,0,0,10540.0,IBA,ZAMBALES,53.8367288,9/22/2022,9/26/2022,114.0,195,STY,136.2,151.2,993.2,1,5,5,0,3
KARDING,2022,3,TARLAC,SAN JOSE,0,0,0,0,0,0,0,0,0,0,0.0,CLARK AIRPORT,PAMPANGA,36.44551741,9/22/2022,9/26/2022,114.0,195,STY,125.2,146.9,994.6,1,5,5,0,3
KARDING,2022,3,TARLAC,SAN MANUEL,0,0,0,0,0,0,0,0,0,0,0.0,CABANATUAN,NUEVA ECIJA,60.57052794,9/22/2022,9/26/2022,114.0,195,STY,55.8,73.3,996.4,1,5,5,0,3
KARDING,2022,3,TARLAC,SANTA IGNACIA,221,955,0,0,0,0,0,0,0,0,55250.0,CLARK AIRPORT,PAMPANGA,45.7061851,9/22/2022,9/26/2022,114.0,195,STY,125.2,146.9,994.6,1,5,5,0,3
KARDING,2022,3,TARLAC,TARLAC CITY,0,0,0,0,0,0,0,0,0,0,0.0,CLARK AIRPORT,PAMPANGA,33.49927946,9/22/2022,9/26/2022,114.0,195,STY,125.2,146.9,994.6,1,5,5,0,3
KARDING,2022,3,TARLAC,VICTORIA,1642,6648,9,0,0,0,0,0,0,0,69500.0,CABANATUAN,NUEVA ECIJA,39.87466233,9/22/2022,9/26/2022,114.0,195,STY,55.8,73.3,996.4,1,5,5,0,3
PAENG,2022,3,TARLAC,BAMBAN,6,26,2,0,0,0,0,6,6,0,0.0,CLARK AIRPORT,PAMPANGA,11.22915395,10/26/2022,10/31/2022,124.7,110,STS,109.2,230.7,990.5,1,6,6,0,3
PAENG,2022,3,TARLAC,CAPAS,100,383,2,0,0,0,0,0,0,0,35000.0,CLARK AIRPORT,PAMPANGA,20.31541641,10/26/2022,10/31/2022,124.7,110,STS,109.2,230.7,990.5,1,6,6,0,3
PAENG,2022,3,TARLAC,CONCEPCION,173,780,3,0,0,0,0,0,0,0,95150.0,CLARK AIRPORT,PAMPANGA,20.55526265,10/26/2022,10/31/2022,124.7,110,STS,109.2,230.7,990.5,1,6,6,0,3
PAENG,2022,3,TARLAC,RAMOS,7,43,4,0,0,0,0,5,5,0,0.0,CABANATUAN,NUEVA ECIJA,49.45543338,10/26/2022,10/31/2022,124.7,110,STS,54.2,77.8,992.5,1,6,6,0,3
PAENG,2022,3,TARLAC,SAN MANUEL,10,57,3,0,0,0,0,10,10,0,5000.0,CABANATUAN,NUEVA ECIJA,60.57052794,10/26/2022,10/31/2022,124.7,110,STS,54.2,77.8,992.5,1,6,6,0,3
QUINTA,2020,3,TARLAC,LA PAZ,599,2651,2,0,0,0,0,0,0,0,52879.0,CLARK AIRPORT,PAMPANGA,33.4680901,10/23/2020,10/27/2020,71.0,150,TY,65.0,119.6,1002.2,1,5,5,0,3
ROLLY,2020,3,TARLAC,BAMBAN,141,690,1,0,0,0,0,0,0,0,48500.0,CLARK AIRPORT,PAMPANGA,11.22915395,10/29/2020,11/3/2020,122.0,225,STY,22.4,40.3,1002.9,1,6,6,0,3
ROLLY,2020,3,TARLAC,CONCEPCION,1556,7829,5,0,0,0,0,0,0,0,544600.0,CLARK AIRPORT,PAMPANGA,20.55526265,10/29/2020,11/3/2020,122.0,225,STY,22.4,40.3,1002.9,1,6,6,0,3
ROLLY,2020,3,TARLAC,LA PAZ,622,2788,3,0,0,0,0,0,0,0,68387.0,CLARK AIRPORT,PAMPANGA,33.4680901,10/29/2020,11/3/2020,122.0,225,STY,22.4,40.3,1002.9,1,6,6,0,3
ROLLY,2020,3,TARLAC,MONCADA,33,106,2,0,0,0,0,0,0,0,23136.0,CABANATUAN,NUEVA ECIJA,59.62972214,10/29/2020,11/3/2020,122.0,225,STY,13.4,20.8,1003.5,1,6,6,0,3
DANTE,2021,3,ZAMBALES,SAN MARCELINO,4,13,1,0,0,0,0,0,0,0,0.0,SUBIC BAY,ZAMBALES,25.94837784,5/30/2021,6/5/2021,154.0,75,TS,60.3,137.71,1003.8,1,7,7,0,3
DODONG,2023,3,ZAMBALES,BOTOLAN,30,110,2,0,0,0,0,0,0,15,7025.7,IBA,ZAMBALES,26.45755076,7/13/2023,7/15/2023,47.0,65,TS,222.9,594.3,1000.4,1,3,3,0,3
DODONG,2023,3,ZAMBALES,CABANGAN,27,107,3,0,0,0,0,0,0,26,7025.7,IBA,ZAMBALES,24.33041104,7/13/2023,7/15/2023,47.0,65,TS,222.9,594.3,1000.4,1,3,3,0,3
DODONG,2023,3,ZAMBALES,CANDELARIA,1179,4000,10,0,0,0,0,0,0,0,0.0,IBA,ZAMBALES,36.44857094,7/13/2023,7/15/2023,47.0,65,TS,222.9,594.3,1000.4,1,3,3,0,3
DODONG,2023,3,ZAMBALES,CASTILLEJOS,13,33,1,0,0,0,0,0,0,0,0.0,SUBIC BAY,ZAMBALES,17.41924246,7/13/2023,7/15/2023,47.0,65,TS,124.5,273.9,1001.2,1,3,3,0,3
DODONG,2023,3,ZAMBALES,IBA,128,566,7,0,0,0,0,0,0,86,53830.92,IBA,ZAMBALES,9.748532873,7/13/2023,7/15/2023,47.0,65,TS,222.9,594.3,1000.4,1,3,3,0,3
DODONG,2023,3,ZAMBALES,MASINLOC,181,631,6,0,0,0,0,0,0,14,40280.68,IBA,ZAMBALES,21.38899741,7/13/2023,7/15/2023,47.0,65,TS,222.9,594.3,1000.4,1,3,3,0,3
DODONG,2023,3,ZAMBALES,PALAUIG,18,73,4,0,0,0,0,0,0,9,4215.42,IBA,ZAMBALES,15.65438684,7/13/2023,7/15/2023,47.0,65,TS,222.9,594.3,1000.4,1,3,3,0,3
DODONG,2023,3,ZAMBALES,SAN ANTONIO,51,185,4,0,0,0,0,0,0,0,0.0,SUBIC BAY,ZAMBALES,21.0950314,7/13/2023,7/15/2023,47.0,65,TS,124.5,273.9,1001.2,1,3,3,0,3
DODONG,2023,3,ZAMBALES,SAN FELIPE,47,238,2,0,0,0,0,0,0,0,0.0,IBA,ZAMBALES,32.48536772,7/13/2023,7/15/2023,47.0,65,TS,222.9,594.3,1000.4,1,3,3,0,3
DODONG,2023,3,ZAMBALES,SAN NARCISO,6,20,1,0,0,0,0,0,0,0,0.0,SUBIC BAY,ZAMBALES,29.69097508,7/13/2023,7/15/2023,47.0,65,TS,124.5,273.9,1001.2,1,3,3,0,3
DODONG,2023,3,ZAMBALES,SANTA CRUZ,8,28,0,0,0,0,0,0,0,0,0.0,IBA,ZAMBALES,54.7913215,7/13/2023,7/15/2023,47.0,65,TS,222.9,594.3,1000.4,1,3,3,0,3
DODONG,2023,3,ZAMBALES,SUBIC,38,148,2,0,0,0,0,0,0,0,0.0,SUBIC BAY,ZAMBALES,11.28006959,7/13/2023,7/15/2023,47.0,65,TS,124.5,273.9,1001.2,1,3,3,0,3
FABIAN,2021,3,ZAMBALES,CASTILLEJOS,18,58,1,0,0,0,0,0,0,0,7200.0,SUBIC BAY,ZAMBALES,17.41924246,7/16/2021,7/23/2021,188.0,150,TY,152.0,634.7,1001.2,1,8,8,0,3
FABIAN,2021,3,ZAMBALES,PALAUIG,11,40,2,0,0,0,0,0,0,0,0.0,IBA,ZAMBALES,15.65438684,7/16/2021,7/23/2021,188.0,150,TY,213.6,770.5,1001.3,1,8,8,0,3
FABIAN,2021,3,ZAMBALES,SAN ANTONIO,4,23,1,0,0,0,0,0,0,0,4200.0,SUBIC BAY,ZAMBALES,21.0950314,7/16/2021,7/23/2021,188.0,150,TY,152.0,634.7,1001.2,1,8,8,0,3
FABIAN,2021,3,ZAMBALES,SAN FELIPE,466,704,1,0,0,0,0,0,0,0,0.0,IBA,ZAMBALES,32.48536772,7/16/2021,7/23/2021,188.0,150,TY,213.6,770.5,1001.3,1,8,8,0,3
FABIAN,2021,3,ZAMBALES,SAN MARCELINO,2,10,1,0,0,0,0,0,0,0,0.0,SUBIC BAY,ZAMBALES,25.94837784,7/16/2021,7/23/2021,188.0,150,TY,152.0,634.7,1001.2,1,8,8,0,3
FABIAN,2021,3,ZAMBALES,SANTA CRUZ,28,107,2,0,0,0,0,0,0,0,2962.5,IBA,ZAMBALES,54.7913215,7/16/2021,7/23/2021,188.0,150,TY,213.6,770.5,1001.3,1,8,8,0,3
FABIAN,2021,3,ZAMBALES,SUBIC,97,385,6,0,0,0,0,0,0,0,0.0,SUBIC BAY,ZAMBALES,11.28006959,7/16/2021,7/23/2021,188.0,150,TY,152.0,634.7,1001.2,1,8,8,0,3
FLORITA,2022,3,ZAMBALES,BOTOLAN,75,275,2,0,0,0,0,0,0,0,0.0,IBA,ZAMBALES,26.45755076,8/21/2022,8/24/2022,74.0,110,STS,140.2,325.6,1003.6,1,4,4,0,3
FLORITA,2022,3,ZAMBALES,CANDELARIA,45,164,8,0,0,0,0,0,0,0,0.0,IBA,ZAMBALES,36.44857094,8/21/2022,8/24/2022,74.0,110,STS,140.2,325.6,1003.6,1,4,4,0,3
FLORITA,2022,3,ZAMBALES,IBA,11,30,1,0,0,0,0,0,0,0,0.0,IBA,ZAMBALES,9.748532873,8/21/2022,8/24/2022,74.0,110,STS,140.2,325.6,1003.6,1,4,4,0,3
FLORITA,2022,3,ZAMBALES,MASINLOC,124,437,6,0,0,0,2,2,4,0,0.0,IBA,ZAMBALES,21.38899741,8/21/2022,8/24/2022,74.0,110,STS,140.2,325.6,1003.6,1,4,4,0,3
FLORITA,2022,3,ZAMBALES,PALAUIG,16,52,1,0,0,0,16,14,30,0,0.0,IBA,ZAMBALES,15.65438684,8/21/2022,8/24/2022,74.0,110,STS,140.2,325.6,1003.6,1,4,4,0,3
FLORITA,2022,3,ZAMBALES,SAN ANTONIO,3,11,1,0,0,0,0,0,0,0,0.0,SUBIC BAY,ZAMBALES,21.0950314,8/21/2022,8/24/2022,74.0,110,STS,132.0,195.0,1004.1,1,4,4,0,3
FLORITA,2022,3,ZAMBALES,SAN NARCISO,1,1,1,0,0,0,2,0,2,0,0.0,SUBIC BAY,ZAMBALES,29.69097508,8/21/2022,8/24/2022,74.0,110,STS,132.0,195.0,1004.1,1,4,4,0,3
FLORITA,2022,3,ZAMBALES,SANTA CRUZ,115,398,6,0,0,0,0,0,0,0,0.0,IBA,ZAMBALES,54.7913215,8/21/2022,8/24/2022,74.0,110,STS,140.2,325.6,1003.6,1,4,4,0,3
HENRY,2022,3,ZAMBALES,SAN MARCELINO,3,13,1,0,0,0,0,0,0,0,0.0,SUBIC BAY,ZAMBALES,25.94837784,8/31/2022,9/4/2022,80.2,195,STY,141.8,271.6,1005.3,1,5,5,0,3
KARDING,2022,3,ZAMBALES,BOTOLAN,222,710,7,0,0,0,0,0,0,0,150000.0,IBA,ZAMBALES,26.45755076,9/22/2022,9/26/2022,114.0,195,STY,136.2,151.2,993.2,1,5,5,0,3
KARDING,2022,3,ZAMBALES,CABANGAN,121,364,8,0,0,0,0,0,0,0,400000.0,IBA,ZAMBALES,24.33041104,9/22/2022,9/26/2022,114.0,195,STY,136.2,151.2,993.2,1,5,5,0,3
KARDING,2022,3,ZAMBALES,CANDELARIA,78,224,5,0,0,0,0,0,0,0,0.0,IBA,ZAMBALES,36.44857094,9/22/2022,9/26/2022,114.0,195,STY,136.2,151.2,993.2,1,5,5,0,3
KARDING,2022,3,ZAMBALES,CASTILLEJOS,11,0,1,0,0,0,0,0,0,0,0.0,SUBIC BAY,ZAMBALES,17.41924246,9/22/2022,9/26/2022,114.0,195,STY,255.8,312.0,999.5,1,5,5,0,3
KARDING,2022,3,ZAMBALES,IBA,0,0,0,0,0,0,0,0,0,0,0.0,IBA,ZAMBALES,9.748532873,9/22/2022,9/26/2022,114.0,195,STY,136.2,151.2,993.2,1,5,5,0,3
KARDING,2022,3,ZAMBALES,MASINLOC,57,156,3,0,0,0,0,0,0,0,24926.1,IBA,ZAMBALES,21.38899741,9/22/2022,9/26/2022,114.0,195,STY,136.2,151.2,993.2,1,5,5,0,3
KARDING,2022,3,ZAMBALES,OLANGAPO CITY,44,151,7,0,0,0,0,0,0,0,12021.0,SUBIC BAY,ZAMBALES,12.82408758,9/22/2022,9/26/2022,114.0,195,STY,255.8,312.0,999.5,1,5,5,0,3
KARDING,2022,3,ZAMBALES,PALAUIG,5,16,2,0,0,0,0,0,0,0,0.0,IBA,ZAMBALES,15.65438684,9/22/2022,9/26/2022,114.0,195,STY,136.2,151.2,993.2,1,5,5,0,3
KARDING,2022,3,ZAMBALES,SAN ANTONIO,0,0,0,0,0,0,0,0,0,0,0.0,SUBIC BAY,ZAMBALES,21.0950314,9/22/2022,9/26/2022,114.0,195,STY,255.8,312.0,999.5,1,5,5,0,3
KARDING,2022,3,ZAMBALES,SAN FELIPE,0,0,0,0,0,0,0,0,0,0,0.0,IBA,ZAMBALES,32.48536772,9/22/2022,9/26/2022,114.0,195,STY,136.2,151.2,993.2,1,5,5,0,3
KARDING,2022,3,ZAMBALES,SAN MARCELINO,0,0,0,0,0,0,0,0,0,0,0.0,SUBIC BAY,ZAMBALES,25.94837784,9/22/2022,9/26/2022,114.0,195,STY,255.8,312.0,999.5,1,5,5,0,3
KARDING,2022,3,ZAMBALES,SAN NARCISO,7,14,1,0,0,0,0,0,0,0,3000.0,SUBIC BAY,ZAMBALES,29.69097508,9/22/2022,9/26/2022,114.0,195,STY,255.8,312.0,999.5,1,5,5,0,3
KARDING,2022,3,ZAMBALES,SANTA CRUZ,1440,4626,21,0,0,0,0,0,0,0,63478.0,IBA,ZAMBALES,54.7913215,9/22/2022,9/26/2022,114.0,195,STY,136.2,151.2,993.2,1,5,5,0,3
KARDING,2022,3,ZAMBALES,SUBIC,2,5,1,0,0,0,0,0,0,0,400.0,SUBIC BAY,ZAMBALES,11.28006959,9/22/2022,9/26/2022,114.0,195,STY,255.8,312.0,999.5,1,5,5,0,3
MARING,2021,3,ZAMBALES,BOTOLAN,1,5,1,0,0,0,0,1,1,0,0.0,IBA,ZAMBALES,26.45755076,10/7/2021,10/12/2021,118.0,100,STS,90.0,126.7,994.5,1,6,6,0,3
MARING,2021,3,ZAMBALES,IBA,2,10,2,0,0,0,0,0,0,0,0.0,IBA,ZAMBALES,9.748532873,10/7/2021,10/12/2021,118.0,100,STS,90.0,126.7,994.5,1,6,6,0,3
MARING,2021,3,ZAMBALES,SANTA CRUZ,0,0,0,0,2,0,0,0,0,0,0.0,IBA,ZAMBALES,54.7913215,10/7/2021,10/12/2021,118.0,100,STS,90.0,126.7,994.5,1,6,6,0,3
PAENG,2022,3,ZAMBALES,BOTOLAN,4,16,1,1,0,0,0,0,0,0,2880.0,IBA,ZAMBALES,26.45755076,10/26/2022,10/31/2022,124.7,110,STS,105.0,166.3,990.9,1,6,6,0,3
PAENG,2022,3,ZAMBALES,CABANGAN,29,121,4,0,0,0,2,0,2,0,0.0,IBA,ZAMBALES,24.33041104,10/26/2022,10/31/2022,124.7,110,STS,105.0,166.3,990.9,1,6,6,0,3
PAENG,2022,3,ZAMBALES,CASTILLEJOS,11,25,1,0,0,0,0,0,0,0,0.0,SUBIC BAY,ZAMBALES,17.41924246,10/26/2022,10/31/2022,124.7,110,STS,98.5,239.0,992.7,1,6,6,0,3
PAENG,2022,3,ZAMBALES,IBA,26,75,2,0,0,0,5,3,8,0,1950.0,IBA,ZAMBALES,9.748532873,10/26/2022,10/31/2022,124.7,110,STS,105.0,166.3,990.9,1,6,6,0,3
PAENG,2022,3,ZAMBALES,MASINLOC,5,13,0,0,0,0,0,0,0,0,0.0,IBA,ZAMBALES,21.38899741,10/26/2022,10/31/2022,124.7,110,STS,105.0,166.3,990.9,1,6,6,0,3
PAENG,2022,3,ZAMBALES,OLANGAPO CITY,0,0,0,0,0,0,0,0,0,0,0.0,SUBIC BAY,ZAMBALES,12.82408758,10/26/2022,10/31/2022,124.7,110,STS,98.5,239.0,992.7,1,6,6,0,3
PAENG,2022,3,ZAMBALES,SAN ANTONIO,75,297,2,0,0,0,4,55,59,0,7970.0,SUBIC BAY,ZAMBALES,21.0950314,10/26/2022,10/31/2022,124.7,110,STS,98.5,239.0,992.7,1,6,6,0,3
PAENG,2022,3,ZAMBALES,SAN FELIPE,6,16,0,0,0,0,0,0,0,0,0.0,IBA,ZAMBALES,32.48536772,10/26/2022,10/31/2022,124.7,110,STS,105.0,166.3,990.9,1,6,6,0,3
PAENG,2022,3,ZAMBALES,SAN MARCELINO,1,6,1,0,0,0,0,0,0,0,0.0,SUBIC BAY,ZAMBALES,25.94837784,10/26/2022,10/31/2022,124.7,110,STS,98.5,239.0,992.7,1,6,6,0,3
PAENG,2022,3,ZAMBALES,SANTA CRUZ,85,375,3,0,0,0,0,0,0,0,0.0,IBA,ZAMBALES,54.7913215,10/26/2022,10/31/2022,124.7,110,STS,105.0,166.3,990.9,1,6,6,0,3
PAENG,2022,3,ZAMBALES,SUBIC,223,796,4,0,0,0,110,146,256,0,253900.0,SUBIC BAY,ZAMBALES,11.28006959,10/26/2022,10/31/2022,124.7,110,STS,98.5,239.0,992.7,1,6,6,0,3
ROLLY,2020,3,ZAMBALES,CANDELARIA,69,182,5,0,0,0,0,0,0,0,0.0,IBA,ZAMBALES,36.44857094,10/29/2020,11/3/2020,122.0,225,STY,3.0,3.5,1002.4,1,6,6,0,3
ROLLY,2020,3,ZAMBALES,MASINLOC,40,180,1,0,0,0,0,0,0,0,0.0,IBA,ZAMBALES,21.38899741,10/29/2020,11/3/2020,122.0,225,STY,3.0,3.5,1002.4,1,6,6,0,3
ROLLY,2020,3,ZAMBALES,OLANGAPO CITY,192,763,7,0,0,0,0,0,0,0,0.0,SUBIC BAY,ZAMBALES,12.82408758,10/29/2020,11/3/2020,122.0,225,STY,28.0,34.0,1001.2,1,6,6,0,3
ROLLY,2020,3,ZAMBALES,SAN ANTONIO,6,18,1,0,0,0,0,0,0,0,0.0,SUBIC BAY,ZAMBALES,21.0950314,10/29/2020,11/3/2020,122.0,225,STY,28.0,34.0,1001.2,1,6,6,0,3
ROLLY,2020,3,ZAMBALES,SANTA CRUZ,325,1115,13,0,0,0,0,0,0,0,0.0,IBA,ZAMBALES,54.7913215,10/29/2020,11/3/2020,122.0,225,STY,3.0,3.5,1002.4,1,6,6,0,3
ROLLY,2020,3,ZAMBALES,SUBIC,59,262,3,0,0,0,0,0,0,0,0.0,SUBIC BAY,ZAMBALES,11.28006959,10/29/2020,11/3/2020,122.0,225,STY,28.0,34.0,1001.2,1,6,6,0,3
AGATON,2022,5,ALBAY,LEGAZPI CITY,0,0,0,0,0,0,0,0,0,0,0.0,LEGAZPI CITY,ALBAY,5.110872132,4/9/2022,4/12/2022,78.0,75,TS,84.2,172.4,1002.7,1,4,4,2,2
AMANG,2023,5,ALBAY,GUINOBATAN,57,199,1,0,0,0,0,0,0,0,0.0,LEGAZPI CITY,ALBAY,17.6321848,4/11/2023,4/13/2023,60.0,55,TD,94.5,130.1,1004.2,1,3,3,2,2
AMANG,2023,5,ALBAY,PIO DURAN,0,0,0,0,0,0,0,0,0,55,48298.8,LEGAZPI CITY,ALBAY,30.24121954,4/11/2023,4/13/2023,60.0,55,TD,94.5,130.1,1004.2,1,3,3,2,2
AMBO,2020,5,ALBAY,BACACAY,512,1708,4,0,0,0,0,0,0,0,0.0,LEGAZPI CITY,ALBAY,19.8189967,5/10/2020,5/17/2020,198.0,155,TY,117.4,181.21,1001.8,1,8,8,2,2
AMBO,2020,5,ALBAY,CAMALIG,145,536,5,0,0,0,0,0,0,0,0.0,LEGAZPI CITY,ALBAY,10.54478962,5/10/2020,5/17/2020,198.0,155,TY,117.4,181.21,1001.8,1,8,8,2,2
AMBO,2020,5,ALBAY,DARAGA,372,1456,4,0,0,0,0,0,0,0,0.0,LEGAZPI CITY,ALBAY,5.924450619,5/10/2020,5/17/2020,198.0,155,TY,117.4,181.21,1001.8,1,8,8,2,2
AMBO,2020,5,ALBAY,GUINOBATAN,1202,3829,12,0,0,0,0,0,0,0,0.0,LEGAZPI CITY,ALBAY,17.6321848,5/10/2020,5/17/2020,198.0,155,TY,117.4,181.21,1001.8,1,8,8,2,2
AMBO,2020,5,ALBAY,JOVELLAR,223,977,8,0,0,0,0,0,0,0,0.0,LEGAZPI CITY,ALBAY,19.72686013,5/10/2020,5/17/2020,198.0,155,TY,117.4,181.21,1001.8,1,8,8,2,2
AMBO,2020,5,ALBAY,LEGAZPI CITY,918,3590,16,0,0,0,0,0,0,0,0.0,LEGAZPI CITY,ALBAY,5.110872132,5/10/2020,5/17/2020,198.0,155,TY,117.4,181.21,1001.8,1,8,8,2,2
AMBO,2020,5,ALBAY,LIBON,475,1360,5,0,0,0,0,0,0,0,0.0,LEGAZPI CITY,ALBAY,41.14677247,5/10/2020,5/17/2020,198.0,155,TY,117.4,181.21,1001.8,1,8,8,2,2
AMBO,2020,5,ALBAY,LIGAO CITY,573,2175,16,0,0,0,0,0,0,0,0.0,LEGAZPI CITY,ALBAY,26.43094741,5/10/2020,5/17/2020,198.0,155,TY,117.4,181.21,1001.8,1,8,8,2,2
AMBO,2020,5,ALBAY,MALILIPOT,936,3095,11,0,0,0,0,0,0,0,0.0,LEGAZPI CITY,ALBAY,18.17181341,5/10/2020,5/17/2020,198.0,155,TY,117.4,181.21,1001.8,1,8,8,2,2
AMBO,2020,5,ALBAY,MALINAO,3151,11652,15,0,0,0,0,0,0,0,0.0,LEGAZPI CITY,ALBAY,28.4201642,5/10/2020,5/17/2020,198.0,155,TY,117.4,181.21,1001.8,1,8,8,2,2
AMBO,2020,5,ALBAY,MANITO,204,824,5,0,0,0,0,0,0,0,0.0,LEGAZPI CITY,ALBAY,16.68302942,5/10/2020,5/17/2020,198.0,155,TY,117.4,181.21,1001.8,1,8,8,2,2
AMBO,2020,5,ALBAY,OAS,1071,4235,27,0,0,0,0,0,0,0,0.0,LEGAZPI CITY,ALBAY,36.01751435,5/10/2020,5/17/2020,198.0,155,TY,117.4,181.21,1001.8,1,8,8,2,2
AMBO,2020,5,ALBAY,PIO DURAN,532,1899,10,0,0,0,0,0,0,0,0.0,LEGAZPI CITY,ALBAY,30.24121954,5/10/2020,5/17/2020,198.0,155,TY,117.4,181.21,1001.8,1,8,8,2,2
AMBO,2020,5,ALBAY,POLANGUI,259,1006,10,0,0,0,0,0,0,0,0.0,LEGAZPI CITY,ALBAY,32.68446743,5/10/2020,5/17/2020,198.0,155,TY,117.4,181.21,1001.8,1,8,8,2,2
AMBO,2020,5,ALBAY,RAPU RAPU,281,1043,8,0,0,0,0,0,0,0,0.0,LEGAZPI CITY,ALBAY,35.45076197,5/10/2020,5/17/2020,198.0,155,TY,117.4,181.21,1001.8,1,8,8,2,2
AMBO,2020,5,ALBAY,SANTO DOMINGO,1076,3566,22,0,0,0,0,0,0,0,0.0,LEGAZPI CITY,ALBAY,12.00588533,5/10/2020,5/17/2020,198.0,155,TY,117.4,181.21,1001.8,1,8,8,2,2
AMBO,2020,5,ALBAY,TABACO CITY,475,1874,5,0,0,0,0,0,0,0,0.0,LEGAZPI CITY,ALBAY,21.88471554,5/10/2020,5/17/2020,198.0,155,TY,117.4,181.21,1001.8,1,8,8,2,2
AMBO,2020,5,ALBAY,TIWI,765,3299,14,0,0,0,0,0,0,0,0.0,LEGAZPI CITY,ALBAY,37.95184602,5/10/2020,5/17/2020,198.0,155,TY,117.4,181.21,1001.8,1,8,8,2,2
DANTE,2021,5,ALBAY,BACACAY,53,182,1,0,0,0,0,0,0,0,0.0,LEGAZPI CITY,ALBAY,19.8189967,5/30/2021,6/5/2021,154.0,75,TS,50.0,61.4,1003.5,1,7,7,2,2
DANTE,2021,5,ALBAY,CAMALIG,146,705,2,0,0,0,0,0,0,0,0.0,LEGAZPI CITY,ALBAY,10.54478962,5/30/2021,6/5/2021,154.0,75,TS,50.0,61.4,1003.5,1,7,7,2,2
DANTE,2021,5,ALBAY,DARAGA,40,127,2,0,0,0,0,0,0,0,0.0,LEGAZPI CITY,ALBAY,5.924450619,5/30/2021,6/5/2021,154.0,75,TS,50.0,61.4,1003.5,1,7,7,2,2
DANTE,2021,5,ALBAY,GUINOBATAN,122,434,5,0,0,0,0,0,0,0,0.0,LEGAZPI CITY,ALBAY,17.6321848,5/30/2021,6/5/2021,154.0,75,TS,50.0,61.4,1003.5,1,7,7,2,2
DANTE,2021,5,ALBAY,JOVELLAR,40,162,3,0,0,0,0,0,0,0,0.0,LEGAZPI CITY,ALBAY,19.72686013,5/30/2021,6/5/2021,154.0,75,TS,50.0,61.4,1003.5,1,7,7,2,2
DANTE,2021,5,ALBAY,LEGAZPI CITY,0,0,0,0,0,0,0,0,0,0,0.0,LEGAZPI CITY,ALBAY,5.110872132,5/30/2021,6/5/2021,154.0,75,TS,50.0,61.4,1003.5,1,7,7,2,2
DANTE,2021,5,ALBAY,LIBON,0,0,0,0,0,0,0,0,0,0,0.0,LEGAZPI CITY,ALBAY,41.14677247,5/30/2021,6/5/2021,154.0,75,TS,50.0,61.4,1003.5,1,7,7,2,2
DANTE,2021,5,ALBAY,LIGAO CITY,279,942,15,0,0,0,0,0,0,0,0.0,LEGAZPI CITY,ALBAY,26.43094741,5/30/2021,6/5/2021,154.0,75,TS,50.0,61.4,1003.5,1,7,7,2,2
DANTE,2021,5,ALBAY,MALILIPOT,1095,4077,9,0,0,0,0,0,0,0,0.0,LEGAZPI CITY,ALBAY,18.17181341,5/30/2021,6/5/2021,154.0,75,TS,50.0,61.4,1003.5,1,7,7,2,2
DANTE,2021,5,ALBAY,MALINAO,0,0,0,0,0,0,0,0,0,0,0.0,LEGAZPI CITY,ALBAY,28.4201642,5/30/2021,6/5/2021,154.0,75,TS,50.0,61.4,1003.5,1,7,7,2,2
DANTE,2021,5,ALBAY,MANITO,0,0,0,0,0,0,0,0,0,0,0.0,LEGAZPI CITY,ALBAY,16.68302942,5/30/2021,6/5/2021,154.0,75,TS,50.0,61.4,1003.5,1,7,7,2,2
DANTE,2021,5,ALBAY,OAS,0,0,0,0,0,0,0,0,0,0,0.0,LEGAZPI CITY,ALBAY,36.01751435,5/30/2021,6/5/2021,154.0,75,TS,50.0,61.4,1003.5,1,7,7,2,2
DANTE,2021,5,ALBAY,PIO DURAN,0,0,0,0,0,0,0,0,0,0,0.0,LEGAZPI CITY,ALBAY,30.24121954,5/30/2021,6/5/2021,154.0,75,TS,50.0,61.4,1003.5,1,7,7,2,2
DANTE,2021,5,ALBAY,POLANGUI,63,266,2,0,0,0,0,0,0,0,0.0,LEGAZPI CITY,ALBAY,32.68446743,5/30/2021,6/5/2021,154.0,75,TS,50.0,61.4,1003.5,1,7,7,2,2
DANTE,2021,5,ALBAY,RAPU RAPU,0,0,0,0,0,0,0,0,0,0,0.0,LEGAZPI CITY,ALBAY,35.45076197,5/30/2021,6/5/2021,154.0,75,TS,50.0,61.4,1003.5,1,7,7,2,2
DANTE,2021,5,ALBAY,SANTO DOMINGO,20,65,2,0,0,0,0,0,0,0,0.0,LEGAZPI CITY,ALBAY,12.00588533,5/30/2021,6/5/2021,154.0,75,TS,50.0,61.4,1003.5,1,7,7,2,2
DANTE,2021,5,ALBAY,TABACO CITY,601,1581,0,0,0,0,0,0,0,0,0.0,LEGAZPI CITY,ALBAY,21.88471554,5/30/2021,6/5/2021,154.0,75,TS,50.0,61.4,1003.5,1,7,7,2,2
DANTE,2021,5,ALBAY,TIWI,50,3367,0,0,0,0,0,0,0,0,0.0,LEGAZPI CITY,ALBAY,37.95184602,5/30/2021,6/5/2021,154.0,75,TS,50.0,61.4,1003.5,1,7,7,2,2
FLORITA,2022,5,ALBAY,CAMALIG,0,0,0,0,0,0,0,0,0,210,105000.0,LEGAZPI CITY,ALBAY,10.54478962,8/21/2022,8/24/2022,74.0,110,STS,69.4,123.3,1003.9,1,4,4,2,2
JOLINA,2021,5,ALBAY,CAMALIG,681,2346,13,0,0,0,0,0,0,0,0.0,LEGAZPI CITY,ALBAY,10.54478962,9/6/2021,9/9/2021,103.0,120,TY,49.3,108.0,1004.5,1,4,4,2,2
JOLINA,2021,5,ALBAY,DARAGA,20,71,1,0,0,0,0,0,0,0,0.0,LEGAZPI CITY,ALBAY,5.924450619,9/6/2021,9/9/2021,103.0,120,TY,49.3,108.0,1004.5,1,4,4,2,2
JOLINA,2021,5,ALBAY,GUINOBATAN,472,1434,5,0,0,0,0,0,0,0,0.0,LEGAZPI CITY,ALBAY,17.6321848,9/6/2021,9/9/2021,103.0,120,TY,49.3,108.0,1004.5,1,4,4,2,2
JOLINA,2021,5,ALBAY,JOVELLAR,55,195,4,0,0,0,0,0,0,0,0.0,LEGAZPI CITY,ALBAY,19.72686013,9/6/2021,9/9/2021,103.0,120,TY,49.3,108.0,1004.5,1,4,4,2,2
JOLINA,2021,5,ALBAY,LEGAZPI CITY,215,760,1,0,0,0,0,0,0,0,0.0,LEGAZPI CITY,ALBAY,5.110872132,9/6/2021,9/9/2021,103.0,120,TY,49.3,108.0,1004.5,1,4,4,2,2
JOLINA,2021,5,ALBAY,LIBON,224,818,11,0,0,0,0,0,0,0,0.0,LEGAZPI CITY,ALBAY,41.14677247,9/6/2021,9/9/2021,103.0,120,TY,49.3,108.0,1004.5,1,4,4,2,2
JOLINA,2021,5,ALBAY,LIGAO CITY,400,1417,22,0,0,0,0,0,0,0,0.0,LEGAZPI CITY,ALBAY,26.43094741,9/6/2021,9/9/2021,103.0,120,TY,49.3,108.0,1004.5,1,4,4,2,2
JOLINA,2021,5,ALBAY,MALILIPOT,549,2247,5,0,0,0,0,0,0,0,0.0,LEGAZPI CITY,ALBAY,18.17181341,9/6/2021,9/9/2021,103.0,120,TY,49.3,108.0,1004.5,1,4,4,2,2
JOLINA,2021,5,ALBAY,MANITO,13,33,1,0,0,0,0,0,0,0,0.0,LEGAZPI CITY,ALBAY,16.68302942,9/6/2021,9/9/2021,103.0,120,TY,49.3,108.0,1004.5,1,4,4,2,2
JOLINA,2021,5,ALBAY,OAS,88,365,8,0,0,0,0,0,0,0,0.0,LEGAZPI CITY,ALBAY,36.01751435,9/6/2021,9/9/2021,103.0,120,TY,49.3,108.0,1004.5,1,4,4,2,2
JOLINA,2021,5,ALBAY,PIO DURAN,402,1378,5,0,0,0,0,0,0,0,0.0,LEGAZPI CITY,ALBAY,30.24121954,9/6/2021,9/9/2021,103.0,120,TY,49.3,108.0,1004.5,1,4,4,2,2
JOLINA,2021,5,ALBAY,POLANGUI,195,681,7,0,0,0,0,0,0,0,0.0,LEGAZPI CITY,ALBAY,32.68446743,9/6/2021,9/9/2021,103.0,120,TY,49.3,108.0,1004.5,1,4,4,2,2
JOLINA,2021,5,ALBAY,SANTO DOMINGO,4,18,1,0,0,0,0,0,0,0,0.0,LEGAZPI CITY,ALBAY,12.00588533,9/6/2021,9/9/2021,103.0,120,TY,49.3,108.0,1004.5,1,4,4,2,2
JOLINA,2021,5,ALBAY,TIWI,366,1175,5,0,0,0,0,0,0,0,0.0,LEGAZPI CITY,ALBAY,37.95184602,9/6/2021,9/9/2021,103.0,120,TY,49.3,108.0,1004.5,1,4,4,2,2
ODETTE,2021,5,ALBAY,GUINOBATAN,427,1184,5,0,0,0,0,0,0,0,0.0,LEGAZPI CITY,ALBAY,17.6321848,12/14/2021,12/18/2021,91.0,195,STY,35.2,40.9,1004.0,1,5,5,2,2
ODETTE,2021,5,ALBAY,LIGAO CITY,20,57,2,0,0,0,0,0,0,0,0.0,LEGAZPI CITY,ALBAY,26.43094741,12/14/2021,12/18/2021,91.0,195,STY,35.2,40.9,1004.0,1,5,5,2,2
PAENG,2022,5,ALBAY,BACACAY,967,3740,18,0,0,0,0,0,0,0,0.0,LEGAZPI CITY,ALBAY,19.8189967,10/26/2022,10/31/2022,124.7,110,STS,108.8,202.6,988.7,1,6,6,2,2
PAENG,2022,5,ALBAY,CAMALIG,900,3361,11,0,0,0,0,0,0,0,0.0,LEGAZPI CITY,ALBAY,10.54478962,10/26/2022,10/31/2022,124.7,110,STS,108.8,202.6,988.7,1,6,6,2,2
PAENG,2022,5,ALBAY,DARAGA,1339,5382,37,0,0,0,0,0,0,0,0.0,LEGAZPI CITY,ALBAY,5.924450619,10/26/2022,10/31/2022,124.7,110,STS,108.8,202.6,988.7,1,6,6,2,2
PAENG,2022,5,ALBAY,GUINOBATAN,1768,5992,18,0,0,0,0,0,0,0,0.0,LEGAZPI CITY,ALBAY,17.6321848,10/26/2022,10/31/2022,124.7,110,STS,108.8,202.6,988.7,1,6,6,2,2
PAENG,2022,5,ALBAY,JOVELLAR,980,2981,16,0,0,0,0,0,0,0,0.0,LEGAZPI CITY,ALBAY,19.72686013,10/26/2022,10/31/2022,124.7,110,STS,108.8,202.6,988.7,1,6,6,2,2
PAENG,2022,5,ALBAY,LEGAZPI CITY,4352,17837,37,0,0,0,0,0,0,0,0.0,LEGAZPI CITY,ALBAY,5.110872132,10/26/2022,10/31/2022,124.7,110,STS,108.8,202.6,988.7,1,6,6,2,2
PAENG,2022,5,ALBAY,LIBON,1514,5835,34,0,0,0,0,0,0,0,0.0,LEGAZPI CITY,ALBAY,41.14677247,10/26/2022,10/31/2022,124.7,110,STS,108.8,202.6,988.7,1,6,6,2,2
PAENG,2022,5,ALBAY,LIGAO CITY,827,3040,36,0,0,0,0,0,0,0,0.0,LEGAZPI CITY,ALBAY,26.43094741,10/26/2022,10/31/2022,124.7,110,STS,108.8,202.6,988.7,1,6,6,2,2
PAENG,2022,5,ALBAY,MALILIPOT,3048,12501,16,0,0,0,0,0,0,0,0.0,LEGAZPI CITY,ALBAY,18.17181341,10/26/2022,10/31/2022,124.7,110,STS,108.8,202.6,988.7,1,6,6,2,2
PAENG,2022,5,ALBAY,MALINAO,3215,11874,26,0,0,0,0,0,0,0,0.0,LEGAZPI CITY,ALBAY,28.4201642,10/26/2022,10/31/2022,124.7,110,STS,108.8,202.6,988.7,1,6,6,2,2
PAENG,2022,5,ALBAY,MANITO,443,1505,12,0,0,0,0,0,0,0,0.0,LEGAZPI CITY,ALBAY,16.68302942,10/26/2022,10/31/2022,124.7,110,STS,108.8,202.6,988.7,1,6,6,2,2
PAENG,2022,5,ALBAY,OAS,523,1921,25,0,0,0,0,0,0,0,0.0,LEGAZPI CITY,ALBAY,36.01751435,10/26/2022,10/31/2022,124.7,110,STS,108.8,202.6,988.7,1,6,6,2,2
PAENG,2022,5,ALBAY,PIO DURAN,260,917,5,0,0,0,0,0,0,0,0.0,LEGAZPI CITY,ALBAY,30.24121954,10/26/2022,10/31/2022,124.7,110,STS,108.8,202.6,988.7,1,6,6,2,2
PAENG,2022,5,ALBAY,POLANGUI,1978,6184,29,0,0,0,0,0,0,0,0.0,LEGAZPI CITY,ALBAY,32.68446743,10/26/2022,10/31/2022,124.7,110,STS,108.8,202.6,988.7,1,6,6,2,2
PAENG,2022,5,ALBAY,RAPU RAPU,1149,4715,15,0,0,0,0,0,0,0,0.0,LEGAZPI CITY,ALBAY,35.45076197,10/26/2022,10/31/2022,124.7,110,STS,108.8,202.6,988.7,1,6,6,2,2
PAENG,2022,5,ALBAY,SANTO DOMINGO,1826,6622,22,0,0,0,0,0,0,0,0.0,LEGAZPI CITY,ALBAY,12.00588533,10/26/2022,10/31/2022,124.7,110,STS,108.8,202.6,988.7,1,6,6,2,2
PAENG,2022,5,ALBAY,TABACO CITY,3851,15786,33,0,0,0,0,0,0,0,0.0,LEGAZPI CITY,ALBAY,21.88471554,10/26/2022,10/31/2022,124.7,110,STS,108.8,202.6,988.7,1,6,6,2,2
PAENG,2022,5,ALBAY,TIWI,1310,5009,20,0,0,0,0,0,0,0,0.0,LEGAZPI CITY,ALBAY,37.95184602,10/26/2022,10/31/2022,124.7,110,STS,108.8,202.6,988.7,1,6,6,2,2
QUINTA,2020,5,ALBAY,BACACAY,2266,8354,28,0,1,0,20,447,467,0,0.0,LEGAZPI CITY,ALBAY,19.8189967,10/23/2020,10/27/2020,71.0,150,TY,282.7,301.8,981.6,1,5,5,2,2
QUINTA,2020,5,ALBAY,CAMALIG,1167,3744,4,0,0,0,13,685,698,0,0.0,LEGAZPI CITY,ALBAY,10.54478962,10/23/2020,10/27/2020,71.0,150,TY,282.7,301.8,981.6,1,5,5,2,2
QUINTA,2020,5,ALBAY,DARAGA,25,149,2,0,0,0,4,1,5,0,0.0,LEGAZPI CITY,ALBAY,5.924450619,10/23/2020,10/27/2020,71.0,150,TY,282.7,301.8,981.6,1,5,5,2,2
QUINTA,2020,5,ALBAY,GUINOBATAN,1882,6120,17,0,0,0,11,339,350,0,0.0,LEGAZPI CITY,ALBAY,17.6321848,10/23/2020,10/27/2020,71.0,150,TY,282.7,301.8,981.6,1,5,5,2,2
QUINTA,2020,5,ALBAY,JOVELLAR,545,1222,4,0,0,0,9,278,287,0,0.0,LEGAZPI CITY,ALBAY,19.72686013,10/23/2020,10/27/2020,71.0,150,TY,282.7,301.8,981.6,1,5,5,2,2
QUINTA,2020,5,ALBAY,LEGAZPI CITY,1331,4913,5,0,0,0,13,304,317,0,0.0,LEGAZPI CITY,ALBAY,5.110872132,10/23/2020,10/27/2020,71.0,150,TY,282.7,301.8,981.6,1,5,5,2,2
QUINTA,2020,5,ALBAY,LIBON,346,1229,12,0,0,0,12,291,303,0,0.0,LEGAZPI CITY,ALBAY,41.14677247,10/23/2020,10/27/2020,71.0,150,TY,282.7,301.8,981.6,1,5,5,2,2
QUINTA,2020,5,ALBAY,LIGAO CITY,309,1214,8,0,0,0,11,259,270,0,0.0,LEGAZPI CITY,ALBAY,26.43094741,10/23/2020,10/27/2020,71.0,150,TY,282.7,301.8,981.6,1,5,5,2,2
QUINTA,2020,5,ALBAY,MALILIPOT,1383,4754,15,0,0,0,41,149,190,0,0.0,LEGAZPI CITY,ALBAY,18.17181341,10/23/2020,10/27/2020,71.0,150,TY,282.7,301.8,981.6,1,5,5,2,2
QUINTA,2020,5,ALBAY,MALINAO,1064,5320,21,0,0,0,101,957,1058,0,0.0,LEGAZPI CITY,ALBAY,28.4201642,10/23/2020,10/27/2020,71.0,150,TY,282.7,301.8,981.6,1,5,5,2,2
QUINTA,2020,5,ALBAY,MANITO,1698,8166,15,0,0,0,27,491,518,0,0.0,LEGAZPI CITY,ALBAY,16.68302942,10/23/2020,10/27/2020,71.0,150,TY,282.7,301.8,981.6,1,5,5,2,2
QUINTA,2020,5,ALBAY,OAS,1092,3766,11,0,0,0,31,1057,1088,0,0.0,LEGAZPI CITY,ALBAY,36.01751435,10/23/2020,10/27/2020,71.0,150,TY,282.7,301.8,981.6,1,5,5,2,2
QUINTA,2020,5,ALBAY,PIO DURAN,2202,8453,27,0,0,0,116,741,857,0,0.0,LEGAZPI CITY,ALBAY,30.24121954,10/23/2020,10/27/2020,71.0,150,TY,282.7,301.8,981.6,1,5,5,2,2
QUINTA,2020,5,ALBAY,POLANGUI,1036,5021,27,0,0,0,88,843,931,0,0.0,LEGAZPI CITY,ALBAY,32.68446743,10/23/2020,10/27/2020,71.0,150,TY,282.7,301.8,981.6,1,5,5,2,2
QUINTA,2020,5,ALBAY,RAPU RAPU,703,2987,9,0,0,0,14,611,625,0,0.0,LEGAZPI CITY,ALBAY,35.45076197,10/23/2020,10/27/2020,71.0,150,TY,282.7,301.8,981.6,1,5,5,2,2
QUINTA,2020,5,ALBAY,SANTO DOMINGO,1037,3813,17,0,0,0,32,985,1017,0,0.0,LEGAZPI CITY,ALBAY,12.00588533,10/23/2020,10/27/2020,71.0,150,TY,282.7,301.8,981.6,1,5,5,2,2
QUINTA,2020,5,ALBAY,TABACO CITY,3345,13258,9,0,6,0,98,2970,3068,0,0.0,LEGAZPI CITY,ALBAY,21.88471554,10/23/2020,10/27/2020,71.0,150,TY,282.7,301.8,981.6,1,5,5,2,2
QUINTA,2020,5,ALBAY,TIWI,3466,13895,23,0,0,0,24,1362,1386,0,0.0,LEGAZPI CITY,ALBAY,37.95184602,10/23/2020,10/27/2020,71.0,150,TY,282.7,301.8,981.6,1,5,5,2,2
ROLLY,2020,5,ALBAY,BACACAY,5968,22580,47,0,0,0,819,4738,5557,0,617000.0,LEGAZPI CITY,ALBAY,19.8189967,10/29/2020,11/3/2020,122.0,225,STY,166.7,287.9,981.0,1,6,6,1,1
ROLLY,2020,5,ALBAY,CAMALIG,5258,17284,34,0,0,0,246,2225,2471,0,164490.0,LEGAZPI CITY,ALBAY,10.54478962,10/29/2020,11/3/2020,122.0,225,STY,166.7,287.9,981.0,1,6,6,2,2
ROLLY,2020,5,ALBAY,DARAGA,5520,20941,52,0,0,0,1236,1064,2300,0,88495.62,LEGAZPI CITY,ALBAY,5.924450619,10/29/2020,11/3/2020,122.0,225,STY,166.7,287.9,981.0,1,6,6,2,2
ROLLY,2020,5,ALBAY,GUINOBATAN,7944,27372,37,0,0,0,885,3780,4665,0,2997732.64,LEGAZPI CITY,ALBAY,17.6321848,10/29/2020,11/3/2020,122.0,225,STY,166.7,287.9,981.0,1,6,6,1,1
ROLLY,2020,5,ALBAY,JOVELLAR,1368,4338,15,0,0,0,73,872,945,0,186860.64,LEGAZPI CITY,ALBAY,19.72686013,10/29/2020,11/3/2020,122.0,225,STY,166.7,287.9,981.0,1,6,6,2,2
ROLLY,2020,5,ALBAY,LEGAZPI CITY,20173,77148,60,0,0,0,147,2038,2185,0,5000000.0,LEGAZPI CITY,ALBAY,5.110872132,10/29/2020,11/3/2020,122.0,225,STY,166.7,287.9,981.0,1,6,6,1,1
ROLLY,2020,5,ALBAY,LIBON,4088,16390,39,0,0,0,303,1298,1601,0,981922.0,LEGAZPI CITY,ALBAY,41.14677247,10/29/2020,11/3/2020,122.0,225,STY,166.7,287.9,981.0,1,6,6,2,2
ROLLY,2020,5,ALBAY,LIGAO CITY,2620,9649,31,0,0,0,620,2000,2620,0,0.0,LEGAZPI CITY,ALBAY,26.43094741,10/29/2020,11/3/2020,122.0,225,STY,166.7,287.9,981.0,1,6,6,2,2
ROLLY,2020,5,ALBAY,MALILIPOT,3332,12691,18,0,0,0,332,3000,3332,0,164490.0,LEGAZPI CITY,ALBAY,18.17181341,10/29/2020,11/3/2020,122.0,225,STY,166.7,287.9,981.0,1,6,6,2,2
ROLLY,2020,5,ALBAY,MALINAO,10570,38530,29,0,0,0,3359,7203,10562,0,1017000.0,LEGAZPI CITY,ALBAY,28.4201642,10/29/2020,11/3/2020,122.0,225,STY,166.7,287.9,981.0,1,6,6,1,1
ROLLY,2020,5,ALBAY,MANITO,1801,7832,14,0,0,0,109,738,847,0,0.0,LEGAZPI CITY,ALBAY,16.68302942,10/29/2020,11/3/2020,122.0,225,STY,166.7,287.9,981.0,1,6,6,2,2
ROLLY,2020,5,ALBAY,OAS,5827,20709,53,0,0,0,827,5000,5827,0,2590525.0,LEGAZPI CITY,ALBAY,36.01751435,10/29/2020,11/3/2020,122.0,225,STY,166.7,287.9,981.0,1,6,6,1,1
ROLLY,2020,5,ALBAY,PIO DURAN,3069,11269,31,0,0,0,356,1628,1984,0,336500.0,LEGAZPI CITY,ALBAY,30.24121954,10/29/2020,11/3/2020,122.0,225,STY,166.7,287.9,981.0,1,6,6,2,2
ROLLY,2020,5,ALBAY,POLANGUI,1440,5279,28,0,0,0,440,1000,1440,0,632394.0,LEGAZPI CITY,ALBAY,32.68446743,10/29/2020,11/3/2020,122.0,225,STY,166.7,287.9,981.0,1,6,6,2,2
ROLLY,2020,5,ALBAY,RAPU RAPU,2052,7716,15,0,0,0,206,763,969,0,0.0,LEGAZPI CITY,ALBAY,35.45076197,10/29/2020,11/3/2020,122.0,225,STY,166.7,287.9,981.0,1,6,6,2,2
ROLLY,2020,5,ALBAY,SANTO DOMINGO,4211,13734,24,0,0,0,327,2781,3108,0,206490.0,LEGAZPI CITY,ALBAY,12.00588533,10/29/2020,11/3/2020,122.0,225,STY,166.7,287.9,981.0,1,6,6,2,2
ROLLY,2020,5,ALBAY,TABACO CITY,38967,146134,47,0,0,0,6520,16719,23239,0,4681525.0,LEGAZPI CITY,ALBAY,21.88471554,10/29/2020,11/3/2020,122.0,225,STY,166.7,287.9,981.0,1,6,6,1,1
ROLLY,2020,5,ALBAY,TIWI,3983,14805,22,0,0,0,494,2128,2622,0,1512925.0,LEGAZPI CITY,ALBAY,37.95184602,10/29/2020,11/3/2020,122.0,225,STY,166.7,287.9,981.0,1,6,6,2,2
AMANG,2023,5,CAMARINES NORTE,CAPALONGA,7,29,1,0,0,0,0,0,0,0,0.0,DAET,CAMARINES NORTE,52.61494541,4/11/2023,4/13/2023,60.0,55,TD,140.0,154.61,1004.3,1,3,3,2,2
AMANG,2023,5,CAMARINES NORTE,DAET,2,8,1,0,0,0,0,0,0,0,0.0,DAET,CAMARINES NORTE,1.128639745,4/11/2023,4/13/2023,60.0,55,TD,140.0,154.61,1004.3,1,3,3,2,2
AMANG,2023,5,CAMARINES NORTE,JOSE PANGANIBAN,4,20,2,0,0,0,0,0,0,0,0.0,DAET,CAMARINES NORTE,37.12701465,4/11/2023,4/13/2023,60.0,55,TD,140.0,154.61,1004.3,1,3,3,2,2
AMANG,2023,5,CAMARINES NORTE,LABO,0,0,0,0,0,0,0,0,0,0,0.0,DAET,CAMARINES NORTE,28.70957566,4/11/2023,4/13/2023,60.0,55,TD,140.0,154.61,1004.3,1,3,3,2,2
AMANG,2023,5,CAMARINES NORTE,MERCEDES,18,60,2,0,0,0,0,0,0,0,0.0,DAET,CAMARINES NORTE,8.858448504,4/11/2023,4/13/2023,60.0,55,TD,140.0,154.61,1004.3,1,3,3,2,2
AMANG,2023,5,CAMARINES NORTE,PARACALE,2,8,1,0,0,0,0,0,0,0,0.0,DAET,CAMARINES NORTE,22.71516993,4/11/2023,4/13/2023,60.0,55,TD,140.0,154.61,1004.3,1,3,3,2,2
AMANG,2023,5,CAMARINES NORTE,SAN VICENTE,2,7,1,0,0,0,0,0,0,0,0.0,DAET,CAMARINES NORTE,10.75356451,4/11/2023,4/13/2023,60.0,55,TD,140.0,154.61,1004.3,1,3,3,2,2
AMANG,2023,5,CAMARINES NORTE,SANTA ELENA,47,262,6,0,0,0,0,0,0,0,0.0,DAET,CAMARINES NORTE,65.61169932,4/11/2023,4/13/2023,60.0,55,TD,140.0,154.61,1004.3,1,3,3,2,2
AMANG,2023,5,CAMARINES NORTE,TALISAY CITY,1,1,1,0,0,0,0,0,0,0,0.0,DAET,CAMARINES NORTE,3.753907,4/11/2023,4/13/2023,60.0,55,TD,140.0,154.61,1004.3,1,3,3,2,2
AMBO,2020,5,CAMARINES NORTE,BASUD,119,367,10,0,0,0,0,0,0,0,0.0,DAET,CAMARINES NORTE,14.42229763,5/10/2020,5/17/2020,198.0,155,TY,75.8,133.42,1004.7,1,8,8,2,2
AMBO,2020,5,CAMARINES NORTE,CAPALONGA,38,184,4,0,0,0,0,0,0,0,0.0,DAET,CAMARINES NORTE,52.61494541,5/10/2020,5/17/2020,198.0,155,TY,75.8,133.42,1004.7,1,8,8,2,2
AMBO,2020,5,CAMARINES NORTE,DAET,116,492,10,0,0,0,0,0,0,0,0.0,DAET,CAMARINES NORTE,1.128639745,5/10/2020,5/17/2020,198.0,155,TY,75.8,133.42,1004.7,1,8,8,2,2
AMBO,2020,5,CAMARINES NORTE,JOSE PANGANIBAN,309,1181,16,0,0,0,0,0,0,0,0.0,DAET,CAMARINES NORTE,37.12701465,5/10/2020,5/17/2020,198.0,155,TY,75.8,133.42,1004.7,1,8,8,2,2
AMBO,2020,5,CAMARINES NORTE,LABO,398,1574,16,0,0,0,0,0,0,0,0.0,DAET,CAMARINES NORTE,28.70957566,5/10/2020,5/17/2020,198.0,155,TY,75.8,133.42,1004.7,1,8,8,2,2
AMBO,2020,5,CAMARINES NORTE,MERCEDES,95,417,9,0,0,0,0,0,0,0,0.0,DAET,CAMARINES NORTE,8.858448504,5/10/2020,5/17/2020,198.0,155,TY,75.8,133.42,1004.7,1,8,8,2,2
AMBO,2020,5,CAMARINES NORTE,PARACALE,17,63,3,0,0,0,0,0,0,0,0.0,DAET,CAMARINES NORTE,22.71516993,5/10/2020,5/17/2020,198.0,155,TY,75.8,133.42,1004.7,1,8,8,2,2
AMBO,2020,5,CAMARINES NORTE,SAN LORENZO RUIZ,18,76,1,0,0,0,0,0,0,0,0.0,DAET,CAMARINES NORTE,13.85232785,5/10/2020,5/17/2020,198.0,155,TY,75.8,133.42,1004.7,1,8,8,2,2
AMBO,2020,5,CAMARINES NORTE,SAN VICENTE,52,210,4,0,0,0,0,0,0,0,0.0,DAET,CAMARINES NORTE,10.75356451,5/10/2020,5/17/2020,198.0,155,TY,75.8,133.42,1004.7,1,8,8,2,2
AMBO,2020,5,CAMARINES NORTE,SANTA ELENA,34,140,6,0,0,0,0,0,0,0,0.0,DAET,CAMARINES NORTE,65.61169932,5/10/2020,5/17/2020,198.0,155,TY,75.8,133.42,1004.7,1,8,8,2,2
AMBO,2020,5,CAMARINES NORTE,TALISAY CITY,42,168,4,0,0,0,0,0,0,0,0.0,DAET,CAMARINES NORTE,3.753907,5/10/2020,5/17/2020,198.0,155,TY,75.8,133.42,1004.7,1,8,8,2,2
AMBO,2020,5,CAMARINES NORTE,VINZONS,176,663,6,0,0,0,0,0,0,0,0.0,DAET,CAMARINES NORTE,28.02470248,5/10/2020,5/17/2020,198.0,155,TY,75.8,133.42,1004.7,1,8,8,2,2
DANTE,2021,5,CAMARINES NORTE,BASUD,0,0,0,0,0,0,0,0,0,0,0.0,DAET,CAMARINES NORTE,14.42229763,5/30/2021,6/5/2021,154.0,75,TS,22.1,23.1,1004.7,1,7,7,2,2
DANTE,2021,5,CAMARINES NORTE,CAPALONGA,0,0,0,0,0,0,0,0,0,0,0.0,DAET,CAMARINES NORTE,52.61494541,5/30/2021,6/5/2021,154.0,75,TS,22.1,23.1,1004.7,1,7,7,2,2
DANTE,2021,5,CAMARINES NORTE,DAET,0,0,0,0,0,0,0,0,0,0,0.0,DAET,CAMARINES NORTE,1.128639745,5/30/2021,6/5/2021,154.0,75,TS,22.1,23.1,1004.7,1,7,7,2,2
DANTE,2021,5,CAMARINES NORTE,JOSE PANGANIBAN,0,0,0,0,0,0,0,0,0,0,0.0,DAET,CAMARINES NORTE,37.12701465,5/30/2021,6/5/2021,154.0,75,TS,22.1,23.1,1004.7,1,7,7,2,2
DANTE,2021,5,CAMARINES NORTE,LABO,0,0,0,0,0,0,0,0,0,0,0.0,DAET,CAMARINES NORTE,28.70957566,5/30/2021,6/5/2021,154.0,75,TS,22.1,23.1,1004.7,1,7,7,2,2
DANTE,2021,5,CAMARINES NORTE,MERCEDES,0,0,0,0,0,0,0,0,0,0,0.0,DAET,CAMARINES NORTE,8.858448504,5/30/2021,6/5/2021,154.0,75,TS,22.1,23.1,1004.7,1,7,7,2,2
DANTE,2021,5,CAMARINES NORTE,PARACALE,0,0,0,0,0,0,0,0,0,0,0.0,DAET,CAMARINES NORTE,22.71516993,5/30/2021,6/5/2021,154.0,75,TS,22.1,23.1,1004.7,1,7,7,2,2
DANTE,2021,5,CAMARINES NORTE,SAN LORENZO RUIZ,0,0,0,0,0,0,0,0,0,0,0.0,DAET,CAMARINES NORTE,13.85232785,5/30/2021,6/5/2021,154.0,75,TS,22.1,23.1,1004.7,1,7,7,2,2
DANTE,2021,5,CAMARINES NORTE,SAN VICENTE,0,0,0,0,0,0,0,0,0,0,0.0,DAET,CAMARINES NORTE,10.75356451,5/30/2021,6/5/2021,154.0,75,TS,22.1,23.1,1004.7,1,7,7,2,2
DANTE,2021,5,CAMARINES NORTE,SANTA ELENA,0,0,0,0,0,0,0,0,0,0,0.0,DAET,CAMARINES NORTE,65.61169932,5/30/2021,6/5/2021,154.0,75,TS,22.1,23.1,1004.7,1,7,7,2,2
DANTE,2021,5,CAMARINES NORTE,TALISAY CITY,0,0,0,0,0,0,0,0,0,0,0.0,DAET,CAMARINES NORTE,3.753907,5/30/2021,6/5/2021,154.0,75,TS,22.1,23.1,1004.7,1,7,7,2,2
DANTE,2021,5,CAMARINES NORTE,VINZONS,0,0,0,0,0,0,0,0,0,0,0.0,DAET,CAMARINES NORTE,28.02470248,5/30/2021,6/5/2021,154.0,75,TS,22.1,23.1,1004.7,1,7,7,2,2
JOLINA,2021,5,CAMARINES NORTE,VINZONS,7,17,2,0,0,0,0,0,0,0,0.0,DAET,CAMARINES NORTE,28.02470248,9/6/2021,9/9/2021,103.0,120,TY,50.6,95.61,1004.4,1,4,4,2,2
KARDING,2022,5,CAMARINES NORTE,BASUD,217,686,9,0,0,0,0,0,0,0,0.0,DAET,CAMARINES NORTE,14.42229763,9/22/2022,9/26/2022,114.0,195,STY,72.3,98.8,999.5,1,5,5,2,2
KARDING,2022,5,CAMARINES NORTE,CAPALONGA,114,453,7,0,0,0,0,0,0,0,0.0,DAET,CAMARINES NORTE,52.61494541,9/22/2022,9/26/2022,114.0,195,STY,72.3,98.8,999.5,1,5,5,2,2
KARDING,2022,5,CAMARINES NORTE,DAET,4,17,3,0,0,0,0,0,0,0,0.0,DAET,CAMARINES NORTE,1.128639745,9/22/2022,9/26/2022,114.0,195,STY,72.3,98.8,999.5,1,5,5,2,2
KARDING,2022,5,CAMARINES NORTE,JOSE PANGANIBAN,159,741,14,0,0,0,0,0,0,0,0.0,DAET,CAMARINES NORTE,37.12701465,9/22/2022,9/26/2022,114.0,195,STY,72.3,98.8,999.5,1,5,5,2,2
KARDING,2022,5,CAMARINES NORTE,LABO,21,73,4,0,0,0,0,0,0,0,0.0,DAET,CAMARINES NORTE,28.70957566,9/22/2022,9/26/2022,114.0,195,STY,72.3,98.8,999.5,1,5,5,2,2
KARDING,2022,5,CAMARINES NORTE,MERCEDES,16,70,3,0,0,0,0,0,0,0,0.0,DAET,CAMARINES NORTE,8.858448504,9/22/2022,9/26/2022,114.0,195,STY,72.3,98.8,999.5,1,5,5,2,2
KARDING,2022,5,CAMARINES NORTE,PARACALE,65,218,3,0,0,0,0,0,0,0,0.0,DAET,CAMARINES NORTE,22.71516993,9/22/2022,9/26/2022,114.0,195,STY,72.3,98.8,999.5,1,5,5,2,2
KARDING,2022,5,CAMARINES NORTE,SAN LORENZO RUIZ,1,3,1,0,0,0,0,0,0,0,0.0,DAET,CAMARINES NORTE,13.85232785,9/22/2022,9/26/2022,114.0,195,STY,72.3,98.8,999.5,1,5,5,2,2
KARDING,2022,5,CAMARINES NORTE,SAN VICENTE,13,44,2,0,0,0,0,0,0,0,0.0,DAET,CAMARINES NORTE,10.75356451,9/22/2022,9/26/2022,114.0,195,STY,72.3,98.8,999.5,1,5,5,2,2
KARDING,2022,5,CAMARINES NORTE,SANTA ELENA,106,476,8,0,0,0,0,0,0,0,0.0,DAET,CAMARINES NORTE,65.61169932,9/22/2022,9/26/2022,114.0,195,STY,72.3,98.8,999.5,1,5,5,2,2
KARDING,2022,5,CAMARINES NORTE,TALISAY CITY,75,377,11,0,0,0,0,0,0,0,0.0,DAET,CAMARINES NORTE,3.753907,9/22/2022,9/26/2022,114.0,195,STY,72.3,98.8,999.5,1,5,5,2,2
KARDING,2022,5,CAMARINES NORTE,VINZONS,151,568,6,0,0,0,0,0,0,0,0.0,DAET,CAMARINES NORTE,28.02470248,9/22/2022,9/26/2022,114.0,195,STY,72.3,98.8,999.5,1,5,5,2,2
OFEL,2020,5,CAMARINES NORTE,LABO,29,145,2,0,0,0,0,0,0,0,0.0,DAET,CAMARINES NORTE,28.70957566,10/13/2020,10/16/2020,61.0,45,TD,97.4,193.4,1003.5,1,4,4,2,2
PAENG,2022,5,CAMARINES NORTE,BASUD,1376,4862,28,0,1,0,17,97,114,0,0.0,DAET,CAMARINES NORTE,14.42229763,10/26/2022,10/31/2022,124.7,110,STS,105.6,267.0,989.5,1,6,6,2,2
PAENG,2022,5,CAMARINES NORTE,CAPALONGA,234,1113,15,0,0,0,23,207,230,0,0.0,DAET,CAMARINES NORTE,52.61494541,10/26/2022,10/31/2022,124.7,110,STS,105.6,267.0,989.5,1,6,6,2,2
PAENG,2022,5,CAMARINES NORTE,DAET,567,2393,23,0,4,0,33,283,316,0,0.0,DAET,CAMARINES NORTE,1.128639745,10/26/2022,10/31/2022,124.7,110,STS,105.6,267.0,989.5,1,6,6,2,2
PAENG,2022,5,CAMARINES NORTE,JOSE PANGANIBAN,1389,5989,26,0,0,0,39,1050,1089,0,0.0,DAET,CAMARINES NORTE,37.12701465,10/26/2022,10/31/2022,124.7,110,STS,105.6,267.0,989.5,1,6,6,2,2
PAENG,2022,5,CAMARINES NORTE,LABO,2080,7514,41,0,0,0,0,0,0,0,0.0,DAET,CAMARINES NORTE,28.70957566,10/26/2022,10/31/2022,124.7,110,STS,105.6,267.0,989.5,1,6,6,2,2
PAENG,2022,5,CAMARINES NORTE,MERCEDES,1209,4845,23,0,0,0,19,564,583,0,0.0,DAET,CAMARINES NORTE,8.858448504,10/26/2022,10/31/2022,124.7,110,STS,105.6,267.0,989.5,1,6,6,2,2
PAENG,2022,5,CAMARINES NORTE,PARACALE,541,2278,14,0,0,0,30,305,335,0,0.0,DAET,CAMARINES NORTE,22.71516993,10/26/2022,10/31/2022,124.7,110,STS,105.6,267.0,989.5,1,6,6,2,2
PAENG,2022,5,CAMARINES NORTE,SAN LORENZO RUIZ,124,422,7,0,0,0,0,0,0,0,0.0,DAET,CAMARINES NORTE,13.85232785,10/26/2022,10/31/2022,124.7,110,STS,105.6,267.0,989.5,1,6,6,2,2
PAENG,2022,5,CAMARINES NORTE,SAN VICENTE,238,709,8,0,0,0,2,40,42,0,0.0,DAET,CAMARINES NORTE,10.75356451,10/26/2022,10/31/2022,124.7,110,STS,105.6,267.0,989.5,1,6,6,2,2
PAENG,2022,5,CAMARINES NORTE,SANTA ELENA,667,2474,16,0,0,0,3,65,68,0,0.0,DAET,CAMARINES NORTE,65.61169932,10/26/2022,10/31/2022,124.7,110,STS,105.6,267.0,989.5,1,6,6,2,2
PAENG,2022,5,CAMARINES NORTE,TALISAY CITY,226,975,14,0,4,0,0,0,0,0,0.0,DAET,CAMARINES NORTE,3.753907,10/26/2022,10/31/2022,124.7,110,STS,105.6,267.0,989.5,1,6,6,2,2
PAENG,2022,5,CAMARINES NORTE,VINZONS,2740,10949,21,0,0,0,46,603,649,0,0.0,DAET,CAMARINES NORTE,28.02470248,10/26/2022,10/31/2022,124.7,110,STS,105.6,267.0,989.5,1,6,6,2,2
QUINTA,2020,5,CAMARINES NORTE,BASUD,9,30,1,0,0,0,0,9,9,0,0.0,DAET,CAMARINES NORTE,14.42229763,10/23/2020,10/27/2020,71.0,150,TY,41.4,89.0,989.0,1,5,5,2,2
QUINTA,2020,5,CAMARINES NORTE,CAPALONGA,21,86,5,0,0,0,0,0,0,0,0.0,DAET,CAMARINES NORTE,52.61494541,10/23/2020,10/27/2020,71.0,150,TY,41.4,89.0,989.0,1,5,5,2,2
QUINTA,2020,5,CAMARINES NORTE,DAET,54,248,4,0,0,0,0,0,0,0,0.0,DAET,CAMARINES NORTE,1.128639745,10/23/2020,10/27/2020,71.0,150,TY,41.4,89.0,989.0,1,5,5,2,2
QUINTA,2020,5,CAMARINES NORTE,JOSE PANGANIBAN,110,468,7,0,0,0,0,0,0,0,0.0,DAET,CAMARINES NORTE,37.12701465,10/23/2020,10/27/2020,71.0,150,TY,41.4,89.0,989.0,1,5,5,2,2
QUINTA,2020,5,CAMARINES NORTE,LABO,228,820,15,0,0,0,0,0,0,0,0.0,DAET,CAMARINES NORTE,28.70957566,10/23/2020,10/27/2020,71.0,150,TY,41.4,89.0,989.0,1,5,5,2,2
QUINTA,2020,5,CAMARINES NORTE,MERCEDES,201,781,10,0,0,0,0,0,0,0,0.0,DAET,CAMARINES NORTE,8.858448504,10/23/2020,10/27/2020,71.0,150,TY,41.4,89.0,989.0,1,5,5,2,2
QUINTA,2020,5,CAMARINES NORTE,PARACALE,49,177,4,0,1,0,0,0,0,0,0.0,DAET,CAMARINES NORTE,22.71516993,10/23/2020,10/27/2020,71.0,150,TY,41.4,89.0,989.0,1,5,5,2,2
QUINTA,2020,5,CAMARINES NORTE,SAN LORENZO RUIZ,41,162,6,0,1,0,0,0,0,0,0.0,DAET,CAMARINES NORTE,13.85232785,10/23/2020,10/27/2020,71.0,150,TY,41.4,89.0,989.0,1,5,5,2,2
QUINTA,2020,5,CAMARINES NORTE,SAN VICENTE,24,79,3,0,0,0,0,0,0,0,0.0,DAET,CAMARINES NORTE,10.75356451,10/23/2020,10/27/2020,71.0,150,TY,41.4,89.0,989.0,1,5,5,2,2
QUINTA,2020,5,CAMARINES NORTE,SANTA ELENA,21,73,3,0,0,0,0,0,0,0,0.0,DAET,CAMARINES NORTE,65.61169932,10/23/2020,10/27/2020,71.0,150,TY,41.4,89.0,989.0,1,5,5,2,2
QUINTA,2020,5,CAMARINES NORTE,TALISAY CITY,55,266,11,0,1,0,0,0,0,0,0.0,DAET,CAMARINES NORTE,3.753907,10/23/2020,10/27/2020,71.0,150,TY,41.4,89.0,989.0,1,5,5,2,2
QUINTA,2020,5,CAMARINES NORTE,VINZONS,273,1057,11,0,0,0,0,0,0,0,0.0,DAET,CAMARINES NORTE,28.02470248,10/23/2020,10/27/2020,71.0,150,TY,41.4,89.0,989.0,1,5,5,2,2
ROLLY,2020,5,CAMARINES NORTE,BASUD,409,1721,17,0,0,0,5,0,5,0,94698.56,DAET,CAMARINES NORTE,14.42229763,10/29/2020,11/3/2020,122.0,225,STY,53.5,107.8,995.0,1,6,6,2,2
ROLLY,2020,5,CAMARINES NORTE,CAPALONGA,696,3063,18,0,0,0,0,0,0,0,88636.0,DAET,CAMARINES NORTE,52.61494541,10/29/2020,11/3/2020,122.0,225,STY,53.5,107.8,995.0,1,6,6,2,2
ROLLY,2020,5,CAMARINES NORTE,DAET,328,1524,18,0,0,0,0,0,0,0,174688.38,DAET,CAMARINES NORTE,1.128639745,10/29/2020,11/3/2020,122.0,225,STY,53.5,107.8,995.0,1,6,6,2,2
ROLLY,2020,5,CAMARINES NORTE,JOSE PANGANIBAN,329,1268,6,0,0,0,0,0,0,0,0.0,DAET,CAMARINES NORTE,37.12701465,10/29/2020,11/3/2020,122.0,225,STY,53.5,107.8,995.0,1,6,6,2,2
ROLLY,2020,5,CAMARINES NORTE,LABO,2271,8862,46,0,0,0,0,0,0,0,347600.0,DAET,CAMARINES NORTE,28.70957566,10/29/2020,11/3/2020,122.0,225,STY,53.5,107.8,995.0,1,6,6,2,2
ROLLY,2020,5,CAMARINES NORTE,MERCEDES,331,1397,4,0,0,0,29,239,268,0,0.0,DAET,CAMARINES NORTE,8.858448504,10/29/2020,11/3/2020,122.0,225,STY,53.5,107.8,995.0,1,6,6,2,2
ROLLY,2020,5,CAMARINES NORTE,PARACALE,1496,5588,23,0,0,0,35,141,176,0,0.0,DAET,CAMARINES NORTE,22.71516993,10/29/2020,11/3/2020,122.0,225,STY,53.5,107.8,995.0,1,6,6,2,2
ROLLY,2020,5,CAMARINES NORTE,SAN LORENZO RUIZ,331,1129,12,0,0,0,1,19,20,0,58776.0,DAET,CAMARINES NORTE,13.85232785,10/29/2020,11/3/2020,122.0,225,STY,53.5,107.8,995.0,1,6,6,2,2
ROLLY,2020,5,CAMARINES NORTE,SAN VICENTE,222,646,8,0,0,0,4,108,112,0,0.0,DAET,CAMARINES NORTE,10.75356451,10/29/2020,11/3/2020,122.0,225,STY,53.5,107.8,995.0,1,6,6,2,2
ROLLY,2020,5,CAMARINES NORTE,SANTA ELENA,408,1610,14,0,0,0,0,0,0,0,0.0,DAET,CAMARINES NORTE,65.61169932,10/29/2020,11/3/2020,122.0,225,STY,53.5,107.8,995.0,1,6,6,2,2
ROLLY,2020,5,CAMARINES NORTE,TALISAY CITY,384,2132,18,0,0,0,0,0,0,0,95615.52,DAET,CAMARINES NORTE,3.753907,10/29/2020,11/3/2020,122.0,225,STY,53.5,107.8,995.0,1,6,6,2,2
ROLLY,2020,5,CAMARINES NORTE,VINZONS,2357,9796,20,0,0,0,42,427,469,0,987200.0,DAET,CAMARINES NORTE,28.02470248,10/29/2020,11/3/2020,122.0,225,STY,53.5,107.8,995.0,1,6,6,2,2
AMANG,2023,5,CAMARINES SUR,BAAO,1196,4424,9,0,0,0,0,0,0,0,0.0,LEGAZPI CITY,ALBAY,55.02861822,4/11/2023,4/13/2023,60.0,55,TD,94.5,130.1,1004.2,1,3,3,2,2
AMANG,2023,5,CAMARINES SUR,BOMBON,749,2770,5,0,0,0,0,0,0,0,0.0,DAET,CAMARINES NORTE,55.76191631,4/11/2023,4/13/2023,60.0,55,TD,140.0,154.61,1004.3,1,3,3,2,2
AMANG,2023,5,CAMARINES SUR,BUHI,608,2248,3,0,0,0,0,0,0,0,0.0,LEGAZPI CITY,ALBAY,40.57769578,4/11/2023,4/13/2023,60.0,55,TD,94.5,130.1,1004.2,1,3,3,2,2
AMANG,2023,5,CAMARINES SUR,BULA,1067,3948,6,0,0,0,0,0,0,0,0.0,LEGAZPI CITY,ALBAY,61.95097598,4/11/2023,4/13/2023,60.0,55,TD,94.5,130.1,1004.2,1,3,3,2,2
AMANG,2023,5,CAMARINES SUR,CALABANGA,102,376,8,0,0,0,0,0,0,0,0.0,DAET,CAMARINES NORTE,57.23822744,4/11/2023,4/13/2023,60.0,55,TD,140.0,154.61,1004.3,1,3,3,2,2
AMANG,2023,5,CAMARINES SUR,CANAMAN,935,3465,5,0,0,0,0,0,0,0,0.0,DAET,CAMARINES NORTE,56.51718527,4/11/2023,4/13/2023,60.0,55,TD,140.0,154.61,1004.3,1,3,3,2,2
AMANG,2023,5,CAMARINES SUR,GAINZA,663,2453,7,0,0,0,0,0,0,0,0.0,DAET,CAMARINES NORTE,60.22391053,4/11/2023,4/13/2023,60.0,55,TD,140.0,154.61,1004.3,1,3,3,2,2
AMANG,2023,5,CAMARINES SUR,GOA,58,214,1,0,0,0,0,0,0,0,0.0,DAET,CAMARINES NORTE,67.01694427,4/11/2023,4/13/2023,60.0,55,TD,140.0,154.61,1004.3,1,3,3,2,2
AMANG,2023,5,CAMARINES SUR,IRIGA CITY,437,1616,3,0,0,0,0,0,0,0,0.0,LEGAZPI CITY,ALBAY,47.18655354,4/11/2023,4/13/2023,60.0,55,TD,94.5,130.1,1004.2,1,3,3,2,2
AMANG,2023,5,CAMARINES SUR,LIBMANAN,1854,6854,16,0,0,0,0,0,0,0,0.0,DAET,CAMARINES NORTE,50.55338371,4/11/2023,4/13/2023,60.0,55,TD,140.0,154.61,1004.3,1,3,3,2,2
AMANG,2023,5,CAMARINES SUR,MAGARAO,1393,5171,9,0,0,0,0,0,0,0,0.0,DAET,CAMARINES NORTE,54.74940372,4/11/2023,4/13/2023,60.0,55,TD,140.0,154.61,1004.3,1,3,3,2,2
AMANG,2023,5,CAMARINES SUR,MILAOR,2897,10720,9,0,0,0,0,0,0,0,0.0,DAET,CAMARINES NORTE,63.45051821,4/11/2023,4/13/2023,60.0,55,TD,140.0,154.61,1004.3,1,3,3,2,2
AMANG,2023,5,CAMARINES SUR,MINALABAC,2887,10679,19,0,0,0,0,0,0,0,0.0,LEGAZPI CITY,ALBAY,71.67508685,4/11/2023,4/13/2023,60.0,55,TD,94.5,130.1,1004.2,1,3,3,2,2
AMANG,2023,5,CAMARINES SUR,NABUA,115,425,1,0,0,0,0,0,0,0,0.0,LEGAZPI CITY,ALBAY,51.17322659,4/11/2023,4/13/2023,60.0,55,TD,94.5,130.1,1004.2,1,3,3,2,2
AMANG,2023,5,CAMARINES SUR,PAMPLONA,3915,14486,17,0,0,0,0,0,0,0,0.0,DAET,CAMARINES NORTE,60.05243656,4/11/2023,4/13/2023,60.0,55,TD,140.0,154.61,1004.3,1,3,3,2,2
AMANG,2023,5,CAMARINES SUR,PASACAO,1871,6924,8,0,0,0,0,0,0,0,0.0,DAET,CAMARINES NORTE,63.44414424,4/11/2023,4/13/2023,60.0,55,TD,140.0,154.61,1004.3,1,3,3,2,2
AMANG,2023,5,CAMARINES SUR,PILI,1981,7330,5,0,0,0,0,0,0,0,0.0,LEGAZPI CITY,ALBAY,69.15830429,4/11/2023,4/13/2023,60.0,55,TD,94.5,130.1,1004.2,1,3,3,2,2
AMANG,2023,5,CAMARINES SUR,SAN FERNANDO,2891,10635,13,0,0,0,0,0,0,0,0.0,DAET,CAMARINES NORTE,68.89951535,4/11/2023,4/13/2023,60.0,55,TD,140.0,154.61,1004.3,1,3,3,2,2
AMBO,2020,5,CAMARINES SUR,BAAO,686,2945,12,0,0,0,0,0,0,0,0.0,LEGAZPI CITY,ALBAY,55.02861822,5/10/2020,5/17/2020,198.0,155,TY,117.4,181.21,1001.8,1,8,8,2,2
AMBO,2020,5,CAMARINES SUR,BALATAN,639,2932,11,0,0,0,0,0,0,0,0.0,LEGAZPI CITY,ALBAY,57.23338293,5/10/2020,5/17/2020,198.0,155,TY,117.4,181.21,1001.8,1,8,8,2,2
AMBO,2020,5,CAMARINES SUR,BATO,1891,8174,25,0,0,0,0,0,0,0,0.0,LEGAZPI CITY,ALBAY,49.6498711,5/10/2020,5/17/2020,198.0,155,TY,117.4,181.21,1001.8,1,8,8,2,2
AMBO,2020,5,CAMARINES SUR,BOMBON,145,579,6,0,0,0,0,0,0,0,0.0,DAET,CAMARINES NORTE,55.76191631,5/10/2020,5/17/2020,198.0,155,TY,75.8,133.42,1004.7,1,8,8,2,2
AMBO,2020,5,CAMARINES SUR,BUHI,405,1622,5,0,0,0,0,0,0,0,0.0,LEGAZPI CITY,ALBAY,40.57769578,5/10/2020,5/17/2020,198.0,155,TY,117.4,181.21,1001.8,1,8,8,2,2
AMBO,2020,5,CAMARINES SUR,BULA,474,1962,16,0,0,0,0,0,0,0,0.0,LEGAZPI CITY,ALBAY,61.95097598,5/10/2020,5/17/2020,198.0,155,TY,117.4,181.21,1001.8,1,8,8,2,2
AMBO,2020,5,CAMARINES SUR,CABUSAO,639,2380,9,0,0,0,0,0,0,0,0.0,DAET,CAMARINES NORTE,43.95103403,5/10/2020,5/17/2020,198.0,155,TY,75.8,133.42,1004.7,1,8,8,2,2
AMBO,2020,5,CAMARINES SUR,CALABANGA,778,3127,26,0,0,0,0,0,0,0,0.0,DAET,CAMARINES NORTE,57.23822744,5/10/2020,5/17/2020,198.0,155,TY,75.8,133.42,1004.7,1,8,8,2,2
AMBO,2020,5,CAMARINES SUR,CAMALIGAN,126,525,13,0,0,0,0,0,0,0,0.0,DAET,CAMARINES NORTE,59.58735431,5/10/2020,5/17/2020,198.0,155,TY,75.8,133.42,1004.7,1,8,8,2,2
AMBO,2020,5,CAMARINES SUR,CANAMAN,793,2723,25,0,0,0,0,0,0,0,0.0,DAET,CAMARINES NORTE,56.51718527,5/10/2020,5/17/2020,198.0,155,TY,75.8,133.42,1004.7,1,8,8,2,2
AMBO,2020,5,CAMARINES SUR,CARAMOAN,259,934,7,0,0,0,0,0,0,0,0.0,VIRAC,CATANDUANES,34.30182357,5/10/2020,5/17/2020,198.0,155,TY,162.1,206.0,1005.6,1,8,8,2,2
AMBO,2020,5,CAMARINES SUR,DEL GALLEGO,180,775,7,0,0,0,0,0,0,0,0.0,DAET,CAMARINES NORTE,32.4472955,5/10/2020,5/17/2020,198.0,155,TY,75.8,133.42,1004.7,1,8,8,2,2
AMBO,2020,5,CAMARINES SUR,GARCHITORENA,405,1574,8,0,0,0,0,0,0,0,0.0,VIRAC,CATANDUANES,63.59731153,5/10/2020,5/17/2020,198.0,155,TY,162.1,206.0,1005.6,1,8,8,2,2
AMBO,2020,5,CAMARINES SUR,GOA,624,2088,21,0,0,0,0,0,0,0,0.0,DAET,CAMARINES NORTE,67.01694427,5/10/2020,5/17/2020,198.0,155,TY,75.8,133.42,1004.7,1,8,8,2,2
AMBO,2020,5,CAMARINES SUR,IRIGA CITY,1636,5034,13,0,0,0,0,0,0,0,0.0,LEGAZPI CITY,ALBAY,47.18655354,5/10/2020,5/17/2020,198.0,155,TY,117.4,181.21,1001.8,1,8,8,2,2
AMBO,2020,5,CAMARINES SUR,LAGONOY,103,416,4,0,0,0,0,0,0,0,0.0,DAET,CAMARINES NORTE,67.82512985,5/10/2020,5/17/2020,198.0,155,TY,75.8,133.42,1004.7,1,8,8,2,2
AMBO,2020,5,CAMARINES SUR,LIBMANAN,1534,5752,41,0,0,0,0,0,0,0,0.0,DAET,CAMARINES NORTE,50.55338371,5/10/2020,5/17/2020,198.0,155,TY,75.8,133.42,1004.7,1,8,8,2,2
AMBO,2020,5,CAMARINES SUR,LUPI,309,1039,22,0,0,0,0,0,0,0,0.0,DAET,CAMARINES NORTE,30.96958136,5/10/2020,5/17/2020,198.0,155,TY,75.8,133.42,1004.7,1,8,8,2,2
AMBO,2020,5,CAMARINES SUR,MAGARAO,109,498,6,0,0,0,0,0,0,0,0.0,DAET,CAMARINES NORTE,54.74940372,5/10/2020,5/17/2020,198.0,155,TY,75.8,133.42,1004.7,1,8,8,2,2
AMBO,2020,5,CAMARINES SUR,MILAOR,42,154,3,0,0,0,0,0,0,0,0.0,DAET,CAMARINES NORTE,63.45051821,5/10/2020,5/17/2020,198.0,155,TY,75.8,133.42,1004.7,1,8,8,2,2
AMBO,2020,5,CAMARINES SUR,MINALABAC,129,552,5,0,0,0,0,0,0,0,0.0,LEGAZPI CITY,ALBAY,71.67508685,5/10/2020,5/17/2020,198.0,155,TY,117.4,181.21,1001.8,1,8,8,2,2
AMBO,2020,5,CAMARINES SUR,NABUA,47,221,6,0,0,0,0,0,0,0,0.0,LEGAZPI CITY,ALBAY,51.17322659,5/10/2020,5/17/2020,198.0,155,TY,117.4,181.21,1001.8,1,8,8,2,2
AMBO,2020,5,CAMARINES SUR,OCAMPO,507,2327,14,0,0,0,0,0,0,0,0.0,LEGAZPI CITY,ALBAY,61.99882741,5/10/2020,5/17/2020,198.0,155,TY,117.4,181.21,1001.8,1,8,8,2,2
AMBO,2020,5,CAMARINES SUR,PAMPLONA,314,1214,14,0,0,0,0,0,0,0,0.0,DAET,CAMARINES NORTE,60.05243656,5/10/2020,5/17/2020,198.0,155,TY,75.8,133.42,1004.7,1,8,8,2,2
AMBO,2020,5,CAMARINES SUR,PASACAO,1431,5042,12,0,0,0,0,0,0,0,0.0,DAET,CAMARINES NORTE,63.44414424,5/10/2020,5/17/2020,198.0,155,TY,75.8,133.42,1004.7,1,8,8,2,2
AMBO,2020,5,CAMARINES SUR,PILI,3153,12673,26,0,0,0,0,0,0,0,0.0,LEGAZPI CITY,ALBAY,69.15830429,5/10/2020,5/17/2020,198.0,155,TY,117.4,181.21,1001.8,1,8,8,2,2
AMBO,2020,5,CAMARINES SUR,PRESENTACION,1188,4272,13,0,0,0,0,0,0,0,0.0,VIRAC,CATANDUANES,58.00384448,5/10/2020,5/17/2020,198.0,155,TY,162.1,206.0,1005.6,1,8,8,2,2
AMBO,2020,5,CAMARINES SUR,RAGAY,424,1801,27,0,0,0,0,0,0,0,0.0,DAET,CAMARINES NORTE,43.39706628,5/10/2020,5/17/2020,198.0,155,TY,75.8,133.42,1004.7,1,8,8,2,2
AMBO,2020,5,CAMARINES SUR,SAN FERNANDO,42,175,6,0,0,0,0,0,0,0,0.0,DAET,CAMARINES NORTE,68.89951535,5/10/2020,5/17/2020,198.0,155,TY,75.8,133.42,1004.7,1,8,8,2,2
AMBO,2020,5,CAMARINES SUR,SAN JOSE,354,1391,19,0,0,0,0,0,0,0,0.0,LEGAZPI CITY,ALBAY,64.96142092,5/10/2020,5/17/2020,198.0,155,TY,117.4,181.21,1001.8,1,8,8,2,2
AMBO,2020,5,CAMARINES SUR,SIPOCOT,417,1647,28,0,0,0,0,0,0,0,0.0,DAET,CAMARINES NORTE,35.79568644,5/10/2020,5/17/2020,198.0,155,TY,75.8,133.42,1004.7,1,8,8,2,2
AMBO,2020,5,CAMARINES SUR,SIRUMA,83,282,2,0,0,0,0,0,0,0,0.0,DAET,CAMARINES NORTE,34.34045515,5/10/2020,5/17/2020,198.0,155,TY,75.8,133.42,1004.7,1,8,8,2,2
AMBO,2020,5,CAMARINES SUR,TIGAON,618,2400,22,0,0,0,0,0,0,0,0.0,LEGAZPI CITY,ALBAY,61.15181108,5/10/2020,5/17/2020,198.0,155,TY,117.4,181.21,1001.8,1,8,8,2,2
AMBO,2020,5,CAMARINES SUR,TINAMBAC,520,2204,6,0,0,0,0,0,0,0,0.0,DAET,CAMARINES NORTE,44.1440483,5/10/2020,5/17/2020,198.0,155,TY,75.8,133.42,1004.7,1,8,8,2,2
DANTE,2021,5,CAMARINES SUR,BAAO,0,0,0,0,0,0,0,0,0,0,0.0,LEGAZPI CITY,ALBAY,55.02861822,5/30/2021,6/5/2021,154.0,75,TS,50.0,61.4,1003.5,1,7,7,2,2
DANTE,2021,5,CAMARINES SUR,BALATAN,0,0,0,0,0,0,0,0,0,0,0.0,LEGAZPI CITY,ALBAY,57.23338293,5/30/2021,6/5/2021,154.0,75,TS,50.0,61.4,1003.5,1,7,7,2,2
DANTE,2021,5,CAMARINES SUR,BATO,0,0,0,0,0,0,0,0,0,0,0.0,LEGAZPI CITY,ALBAY,49.6498711,5/30/2021,6/5/2021,154.0,75,TS,50.0,61.4,1003.5,1,7,7,2,2
DANTE,2021,5,CAMARINES SUR,BOMBON,0,0,0,0,0,0,0,0,0,0,0.0,DAET,CAMARINES NORTE,55.76191631,5/30/2021,6/5/2021,154.0,75,TS,22.1,23.1,1004.7,1,7,7,2,2
DANTE,2021,5,CAMARINES SUR,BUHI,0,0,0,0,0,0,0,0,0,0,0.0,LEGAZPI CITY,ALBAY,40.57769578,5/30/2021,6/5/2021,154.0,75,TS,50.0,61.4,1003.5,1,7,7,2,2
DANTE,2021,5,CAMARINES SUR,BULA,0,0,0,0,0,0,0,0,0,0,0.0,LEGAZPI CITY,ALBAY,61.95097598,5/30/2021,6/5/2021,154.0,75,TS,50.0,61.4,1003.5,1,7,7,2,2
DANTE,2021,5,CAMARINES SUR,CABUSAO,0,0,0,0,0,0,0,0,0,0,0.0,DAET,CAMARINES NORTE,43.95103403,5/30/2021,6/5/2021,154.0,75,TS,22.1,23.1,1004.7,1,7,7,2,2
DANTE,2021,5,CAMARINES SUR,CALABANGA,0,0,0,0,0,0,0,0,0,0,0.0,DAET,CAMARINES NORTE,57.23822744,5/30/2021,6/5/2021,154.0,75,TS,22.1,23.1,1004.7,1,7,7,2,2
DANTE,2021,5,CAMARINES SUR,CAMALIGAN,0,0,0,0,0,0,0,0,0,0,0.0,DAET,CAMARINES NORTE,59.58735431,5/30/2021,6/5/2021,154.0,75,TS,22.1,23.1,1004.7,1,7,7,2,2
DANTE,2021,5,CAMARINES SUR,CANAMAN,0,0,0,0,0,0,0,0,0,0,0.0,DAET,CAMARINES NORTE,56.51718527,5/30/2021,6/5/2021,154.0,75,TS,22.1,23.1,1004.7,1,7,7,2,2
DANTE,2021,5,CAMARINES SUR,CARAMOAN,0,0,0,0,0,0,0,0,0,0,0.0,VIRAC,CATANDUANES,34.30182357,5/30/2021,6/5/2021,154.0,75,TS,17.0,31.4,1005.3,1,7,7,2,2
DANTE,2021,5,CAMARINES SUR,DEL GALLEGO,0,0,0,0,0,0,0,0,0,0,0.0,DAET,CAMARINES NORTE,32.4472955,5/30/2021,6/5/2021,154.0,75,TS,22.1,23.1,1004.7,1,7,7,2,2
DANTE,2021,5,CAMARINES SUR,GAINZA,0,0,0,0,0,0,0,0,0,0,0.0,DAET,CAMARINES NORTE,60.22391053,5/30/2021,6/5/2021,154.0,75,TS,22.1,23.1,1004.7,1,7,7,2,2
DANTE,2021,5,CAMARINES SUR,GARCHITORENA,0,0,0,0,0,0,0,0,0,0,0.0,VIRAC,CATANDUANES,63.59731153,5/30/2021,6/5/2021,154.0,75,TS,17.0,31.4,1005.3,1,7,7,2,2
DANTE,2021,5,CAMARINES SUR,GOA,0,0,0,0,0,0,0,0,0,0,0.0,DAET,CAMARINES NORTE,67.01694427,5/30/2021,6/5/2021,154.0,75,TS,22.1,23.1,1004.7,1,7,7,2,2
DANTE,2021,5,CAMARINES SUR,IRIGA CITY,0,0,0,0,0,0,0,0,0,0,0.0,LEGAZPI CITY,ALBAY,47.18655354,5/30/2021,6/5/2021,154.0,75,TS,50.0,61.4,1003.5,1,7,7,2,2
DANTE,2021,5,CAMARINES SUR,LAGONOY,0,0,0,0,0,0,0,0,0,0,0.0,DAET,CAMARINES NORTE,67.82512985,5/30/2021,6/5/2021,154.0,75,TS,22.1,23.1,1004.7,1,7,7,2,2
DANTE,2021,5,CAMARINES SUR,LIBMANAN,0,0,0,0,0,0,0,0,0,0,0.0,DAET,CAMARINES NORTE,50.55338371,5/30/2021,6/5/2021,154.0,75,TS,22.1,23.1,1004.7,1,7,7,2,2
DANTE,2021,5,CAMARINES SUR,LUPI,0,0,0,0,0,0,0,0,0,0,0.0,DAET,CAMARINES NORTE,30.96958136,5/30/2021,6/5/2021,154.0,75,TS,22.1,23.1,1004.7,1,7,7,2,2
DANTE,2021,5,CAMARINES SUR,MAGARAO,0,0,0,0,0,0,0,0,0,0,0.0,DAET,CAMARINES NORTE,54.74940372,5/30/2021,6/5/2021,154.0,75,TS,22.1,23.1,1004.7,1,7,7,2,2
DANTE,2021,5,CAMARINES SUR,MILAOR,0,0,0,0,0,0,0,0,0,0,0.0,DAET,CAMARINES NORTE,63.45051821,5/30/2021,6/5/2021,154.0,75,TS,22.1,23.1,1004.7,1,7,7,2,2
DANTE,2021,5,CAMARINES SUR,MINALABAC,0,0,0,0,0,0,0,0,0,0,0.0,LEGAZPI CITY,ALBAY,71.67508685,5/30/2021,6/5/2021,154.0,75,TS,50.0,61.4,1003.5,1,7,7,2,2
DANTE,2021,5,CAMARINES SUR,NABUA,0,0,0,0,0,0,0,0,0,0,0.0,LEGAZPI CITY,ALBAY,51.17322659,5/30/2021,6/5/2021,154.0,75,TS,50.0,61.4,1003.5,1,7,7,2,2
DANTE,2021,5,CAMARINES SUR,NAGA CITY,0,0,0,0,0,0,0,0,0,0,0.0,DAET,CAMARINES NORTE,62.61852112,5/30/2021,6/5/2021,154.0,75,TS,22.1,23.1,1004.7,1,7,7,2,2
DANTE,2021,5,CAMARINES SUR,OCAMPO,0,0,0,0,0,0,0,0,0,0,0.0,LEGAZPI CITY,ALBAY,61.99882741,5/30/2021,6/5/2021,154.0,75,TS,50.0,61.4,1003.5,1,7,7,2,2
DANTE,2021,5,CAMARINES SUR,PAMPLONA,0,0,0,0,0,0,0,0,0,0,0.0,DAET,CAMARINES NORTE,60.05243656,5/30/2021,6/5/2021,154.0,75,TS,22.1,23.1,1004.7,1,7,7,2,2
DANTE,2021,5,CAMARINES SUR,PASACAO,0,0,0,0,0,0,0,0,0,0,0.0,DAET,CAMARINES NORTE,63.44414424,5/30/2021,6/5/2021,154.0,75,TS,22.1,23.1,1004.7,1,7,7,2,2
DANTE,2021,5,CAMARINES SUR,PILI,0,0,0,0,0,0,0,0,0,0,0.0,LEGAZPI CITY,ALBAY,69.15830429,5/30/2021,6/5/2021,154.0,75,TS,50.0,61.4,1003.5,1,7,7,2,2
DANTE,2021,5,CAMARINES SUR,PRESENTACION,0,0,0,0,0,0,0,0,0,0,0.0,VIRAC,CATANDUANES,58.00384448,5/30/2021,6/5/2021,154.0,75,TS,17.0,31.4,1005.3,1,7,7,2,2
DANTE,2021,5,CAMARINES SUR,RAGAY,0,0,0,0,0,0,0,0,0,0,0.0,DAET,CAMARINES NORTE,43.39706628,5/30/2021,6/5/2021,154.0,75,TS,22.1,23.1,1004.7,1,7,7,2,2
DANTE,2021,5,CAMARINES SUR,SAN FERNANDO,0,0,0,0,0,0,0,0,0,0,0.0,DAET,CAMARINES NORTE,68.89951535,5/30/2021,6/5/2021,154.0,75,TS,22.1,23.1,1004.7,1,7,7,2,2
DANTE,2021,5,CAMARINES SUR,SAN JOSE,0,0,0,0,0,0,0,0,0,0,0.0,LEGAZPI CITY,ALBAY,64.96142092,5/30/2021,6/5/2021,154.0,75,TS,50.0,61.4,1003.5,1,7,7,2,2
DANTE,2021,5,CAMARINES SUR,SIPOCOT,0,0,0,0,0,0,0,0,0,0,0.0,DAET,CAMARINES NORTE,35.79568644,5/30/2021,6/5/2021,154.0,75,TS,22.1,23.1,1004.7,1,7,7,2,2
DANTE,2021,5,CAMARINES SUR,SIRUMA,0,0,0,0,0,0,0,0,0,0,0.0,DAET,CAMARINES NORTE,34.34045515,5/30/2021,6/5/2021,154.0,75,TS,22.1,23.1,1004.7,1,7,7,2,2
DANTE,2021,5,CAMARINES SUR,TIGAON,0,0,0,0,0,0,0,0,0,0,0.0,LEGAZPI CITY,ALBAY,61.15181108,5/30/2021,6/5/2021,154.0,75,TS,50.0,61.4,1003.5,1,7,7,2,2
DANTE,2021,5,CAMARINES SUR,TINAMBAC,0,0,0,0,0,0,0,0,0,0,0.0,DAET,CAMARINES NORTE,44.1440483,5/30/2021,6/5/2021,154.0,75,TS,22.1,23.1,1004.7,1,7,7,2,2
FLORITA,2022,5,CAMARINES SUR,BATO,0,0,0,1,1,0,0,0,0,0,0.0,LEGAZPI CITY,ALBAY,49.6498711,8/21/2022,8/24/2022,74.0,110,STS,69.4,123.3,1003.9,1,4,4,2,2
JOLINA,2021,5,CAMARINES SUR,BAAO,67,251,1,0,0,0,0,0,0,0,0.0,LEGAZPI CITY,ALBAY,55.02861822,9/6/2021,9/9/2021,103.0,120,TY,49.3,108.0,1004.5,1,4,4,2,2
JOLINA,2021,5,CAMARINES SUR,DEL GALLEGO,36,160,2,0,0,0,0,0,0,0,0.0,DAET,CAMARINES NORTE,32.4472955,9/6/2021,9/9/2021,103.0,120,TY,50.6,95.61,1004.4,1,4,4,2,2
JOLINA,2021,5,CAMARINES SUR,MAGARAO,1,5,1,0,0,0,0,0,0,0,0.0,DAET,CAMARINES NORTE,54.74940372,9/6/2021,9/9/2021,103.0,120,TY,50.6,95.61,1004.4,1,4,4,2,2
JOLINA,2021,5,CAMARINES SUR,PASACAO,270,1003,5,0,0,0,0,0,0,0,0.0,DAET,CAMARINES NORTE,63.44414424,9/6/2021,9/9/2021,103.0,120,TY,50.6,95.61,1004.4,1,4,4,2,2
KARDING,2022,5,CAMARINES SUR,CABUSAO,9,27,1,0,0,0,0,0,0,0,0.0,DAET,CAMARINES NORTE,43.95103403,9/22/2022,9/26/2022,114.0,195,STY,72.3,98.8,999.5,1,5,5,2,2
KARDING,2022,5,CAMARINES SUR,CALABANGA,21,69,1,0,0,0,0,0,0,0,0.0,DAET,CAMARINES NORTE,57.23822744,9/22/2022,9/26/2022,114.0,195,STY,72.3,98.8,999.5,1,5,5,2,2
KARDING,2022,5,CAMARINES SUR,GOA,5,25,1,0,0,0,0,0,0,0,0.0,DAET,CAMARINES NORTE,67.01694427,9/22/2022,9/26/2022,114.0,195,STY,72.3,98.8,999.5,1,5,5,2,2
KARDING,2022,5,CAMARINES SUR,LIBMANAN,1,5,1,0,0,0,0,0,0,0,0.0,DAET,CAMARINES NORTE,50.55338371,9/22/2022,9/26/2022,114.0,195,STY,72.3,98.8,999.5,1,5,5,2,2
KARDING,2022,5,CAMARINES SUR,LUPI,13,52,1,0,0,0,0,0,0,0,0.0,DAET,CAMARINES NORTE,30.96958136,9/22/2022,9/26/2022,114.0,195,STY,72.3,98.8,999.5,1,5,5,2,2
KARDING,2022,5,CAMARINES SUR,MAGARAO,2,8,1,0,0,0,0,0,0,0,0.0,DAET,CAMARINES NORTE,54.74940372,9/22/2022,9/26/2022,114.0,195,STY,72.3,98.8,999.5,1,5,5,2,2
KARDING,2022,5,CAMARINES SUR,TINAMBAC,22,71,2,0,0,0,0,0,0,0,0.0,DAET,CAMARINES NORTE,44.1440483,9/22/2022,9/26/2022,114.0,195,STY,72.3,98.8,999.5,1,5,5,2,2
OFEL,2020,5,CAMARINES SUR,BUHI,32,143,2,0,0,0,0,0,0,0,0.0,LEGAZPI CITY,ALBAY,40.57769578,10/13/2020,10/16/2020,61.0,45,TD,126.9,215.0,1004.1,1,4,4,2,2
OFEL,2020,5,CAMARINES SUR,DEL GALLEGO,6,48,1,0,0,0,0,0,0,0,0.0,DAET,CAMARINES NORTE,32.4472955,10/13/2020,10/16/2020,61.0,45,TD,97.4,193.4,1003.5,1,4,4,2,2
OFEL,2020,5,CAMARINES SUR,LUPI,29,130,1,0,0,0,0,0,0,0,0.0,DAET,CAMARINES NORTE,30.96958136,10/13/2020,10/16/2020,61.0,45,TD,97.4,193.4,1003.5,1,4,4,2,2
OFEL,2020,5,CAMARINES SUR,RAGAY,15,76,2,0,0,0,0,0,0,0,0.0,DAET,CAMARINES NORTE,43.39706628,10/13/2020,10/16/2020,61.0,45,TD,97.4,193.4,1003.5,1,4,4,2,2
OFEL,2020,5,CAMARINES SUR,SIRUMA,2,10,1,0,0,0,0,0,0,0,0.0,DAET,CAMARINES NORTE,34.34045515,10/13/2020,10/16/2020,61.0,45,TD,97.4,193.4,1003.5,1,4,4,2,2
PAENG,2022,5,CAMARINES SUR,BAAO,2070,8500,28,0,0,0,0,0,0,0,0.0,LEGAZPI CITY,ALBAY,55.02861822,10/26/2022,10/31/2022,124.7,110,STS,108.8,202.6,988.7,1,6,6,2,2
PAENG,2022,5,CAMARINES SUR,BALATAN,280,1334,5,0,0,0,0,0,0,0,0.0,LEGAZPI CITY,ALBAY,57.23338293,10/26/2022,10/31/2022,124.7,110,STS,108.8,202.6,988.7,1,6,6,2,2
PAENG,2022,5,CAMARINES SUR,BATO,280,1169,13,0,0,0,0,0,0,0,0.0,LEGAZPI CITY,ALBAY,49.6498711,10/26/2022,10/31/2022,124.7,110,STS,108.8,202.6,988.7,1,6,6,2,2
PAENG,2022,5,CAMARINES SUR,BOMBON,258,784,7,0,0,0,0,0,0,0,0.0,DAET,CAMARINES NORTE,55.76191631,10/26/2022,10/31/2022,124.7,110,STS,105.6,267.0,989.5,1,6,6,2,2
PAENG,2022,5,CAMARINES SUR,BUHI,845,3243,13,0,0,0,0,0,0,0,0.0,LEGAZPI CITY,ALBAY,40.57769578,10/26/2022,10/31/2022,124.7,110,STS,108.8,202.6,988.7,1,6,6,2,2
PAENG,2022,5,CAMARINES SUR,BULA,631,2220,22,0,0,0,0,0,0,0,0.0,LEGAZPI CITY,ALBAY,61.95097598,10/26/2022,10/31/2022,124.7,110,STS,108.8,202.6,988.7,1,6,6,2,2
PAENG,2022,5,CAMARINES SUR,CABUSAO,647,2164,7,0,0,0,0,0,0,0,0.0,DAET,CAMARINES NORTE,43.95103403,10/26/2022,10/31/2022,124.7,110,STS,105.6,267.0,989.5,1,6,6,2,2
PAENG,2022,5,CAMARINES SUR,CALABANGA,1684,6155,34,0,0,0,0,0,0,0,0.0,DAET,CAMARINES NORTE,57.23822744,10/26/2022,10/31/2022,124.7,110,STS,105.6,267.0,989.5,1,6,6,2,2
PAENG,2022,5,CAMARINES SUR,CAMALIGAN,1226,5033,13,0,0,0,0,0,0,0,0.0,DAET,CAMARINES NORTE,59.58735431,10/26/2022,10/31/2022,124.7,110,STS,105.6,267.0,989.5,1,6,6,2,2
PAENG,2022,5,CAMARINES SUR,CANAMAN,975,2682,23,0,0,0,0,0,0,0,0.0,DAET,CAMARINES NORTE,56.51718527,10/26/2022,10/31/2022,124.7,110,STS,105.6,267.0,989.5,1,6,6,2,2
PAENG,2022,5,CAMARINES SUR,CARAMOAN,1870,7545,38,0,0,0,0,0,0,0,0.0,VIRAC,CATANDUANES,34.30182357,10/26/2022,10/31/2022,124.7,110,STS,95.8,175.8,984.2,1,6,6,2,2
PAENG,2022,5,CAMARINES SUR,DEL GALLEGO,1240,4411,10,0,0,0,0,9,9,0,0.0,DAET,CAMARINES NORTE,32.4472955,10/26/2022,10/31/2022,124.7,110,STS,105.6,267.0,989.5,1,6,6,2,2
PAENG,2022,5,CAMARINES SUR,GAINZA,420,1692,8,0,0,0,0,0,0,0,0.0,DAET,CAMARINES NORTE,60.22391053,10/26/2022,10/31/2022,124.7,110,STS,105.6,267.0,989.5,1,6,6,2,2
PAENG,2022,5,CAMARINES SUR,GARCHITORENA,619,2747,14,0,0,0,0,0,0,0,0.0,VIRAC,CATANDUANES,63.59731153,10/26/2022,10/31/2022,124.7,110,STS,95.8,175.8,984.2,1,6,6,2,2
PAENG,2022,5,CAMARINES SUR,GOA,684,2827,32,0,0,0,1,1,2,0,0.0,DAET,CAMARINES NORTE,67.01694427,10/26/2022,10/31/2022,124.7,110,STS,105.6,267.0,989.5,1,6,6,2,2
PAENG,2022,5,CAMARINES SUR,IRIGA CITY,2186,8910,33,0,0,0,0,0,0,0,0.0,LEGAZPI CITY,ALBAY,47.18655354,10/26/2022,10/31/2022,124.7,110,STS,108.8,202.6,988.7,1,6,6,2,2
PAENG,2022,5,CAMARINES SUR,LAGONOY,597,2307,21,0,0,0,0,0,0,0,0.0,DAET,CAMARINES NORTE,67.82512985,10/26/2022,10/31/2022,124.7,110,STS,105.6,267.0,989.5,1,6,6,2,2
PAENG,2022,5,CAMARINES SUR,LIBMANAN,2792,11356,41,0,0,0,1,5,6,0,0.0,DAET,CAMARINES NORTE,50.55338371,10/26/2022,10/31/2022,124.7,110,STS,105.6,267.0,989.5,1,6,6,2,2
PAENG,2022,5,CAMARINES SUR,LUPI,980,3562,37,0,0,0,4,17,21,0,0.0,DAET,CAMARINES NORTE,30.96958136,10/26/2022,10/31/2022,124.7,110,STS,105.6,267.0,989.5,1,6,6,2,2
PAENG,2022,5,CAMARINES SUR,MAGARAO,439,1724,14,0,0,0,0,0,0,0,0.0,DAET,CAMARINES NORTE,54.74940372,10/26/2022,10/31/2022,124.7,110,STS,105.6,267.0,989.5,1,6,6,2,2
PAENG,2022,5,CAMARINES SUR,MILAOR,206,834,12,0,0,0,0,0,0,0,0.0,DAET,CAMARINES NORTE,63.45051821,10/26/2022,10/31/2022,124.7,110,STS,105.6,267.0,989.5,1,6,6,2,2
PAENG,2022,5,CAMARINES SUR,MINALABAC,1621,6540,21,0,0,0,0,0,0,0,0.0,LEGAZPI CITY,ALBAY,71.67508685,10/26/2022,10/31/2022,124.7,110,STS,108.8,202.6,988.7,1,6,6,2,2
PAENG,2022,5,CAMARINES SUR,NABUA,412,1716,24,0,0,0,0,0,0,0,0.0,LEGAZPI CITY,ALBAY,51.17322659,10/26/2022,10/31/2022,124.7,110,STS,108.8,202.6,988.7,1,6,6,2,2
PAENG,2022,5,CAMARINES SUR,OCAMPO,498,2017,16,0,0,0,0,0,0,0,0.0,LEGAZPI CITY,ALBAY,61.99882741,10/26/2022,10/31/2022,124.7,110,STS,108.8,202.6,988.7,1,6,6,2,2
PAENG,2022,5,CAMARINES SUR,PAMPLONA,528,2285,17,0,0,0,0,0,0,0,0.0,DAET,CAMARINES NORTE,60.05243656,10/26/2022,10/31/2022,124.7,110,STS,105.6,267.0,989.5,1,6,6,2,2
PAENG,2022,5,CAMARINES SUR,PASACAO,542,2258,7,0,0,0,0,0,0,0,0.0,DAET,CAMARINES NORTE,63.44414424,10/26/2022,10/31/2022,124.7,110,STS,105.6,267.0,989.5,1,6,6,2,2
PAENG,2022,5,CAMARINES SUR,PILI,328,1358,19,0,0,0,0,0,0,0,0.0,LEGAZPI CITY,ALBAY,69.15830429,10/26/2022,10/31/2022,124.7,110,STS,108.8,202.6,988.7,1,6,6,2,2
PAENG,2022,5,CAMARINES SUR,PRESENTACION,1271,5171,16,0,0,0,1,14,15,0,0.0,VIRAC,CATANDUANES,58.00384448,10/26/2022,10/31/2022,124.7,110,STS,95.8,175.8,984.2,1,6,6,2,2
PAENG,2022,5,CAMARINES SUR,RAGAY,581,2612,27,0,0,0,6,40,46,0,0.0,DAET,CAMARINES NORTE,43.39706628,10/26/2022,10/31/2022,124.7,110,STS,105.6,267.0,989.5,1,6,6,2,2
PAENG,2022,5,CAMARINES SUR,SAN FERNANDO,601,2576,19,0,0,0,0,0,0,0,0.0,DAET,CAMARINES NORTE,68.89951535,10/26/2022,10/31/2022,124.7,110,STS,105.6,267.0,989.5,1,6,6,2,2
PAENG,2022,5,CAMARINES SUR,SAN JOSE,419,1739,21,0,0,0,0,0,0,0,0.0,LEGAZPI CITY,ALBAY,64.96142092,10/26/2022,10/31/2022,124.7,110,STS,108.8,202.6,988.7,1,6,6,2,2
PAENG,2022,5,CAMARINES SUR,SIPOCOT,465,1926,20,0,0,0,0,0,0,0,0.0,DAET,CAMARINES NORTE,35.79568644,10/26/2022,10/31/2022,124.7,110,STS,105.6,267.0,989.5,1,6,6,2,2
PAENG,2022,5,CAMARINES SUR,SIRUMA,871,3646,20,0,0,0,3,23,26,0,0.0,DAET,CAMARINES NORTE,34.34045515,10/26/2022,10/31/2022,124.7,110,STS,105.6,267.0,989.5,1,6,6,2,2
PAENG,2022,5,CAMARINES SUR,TIGAON,415,1691,21,0,0,0,0,0,0,0,0.0,LEGAZPI CITY,ALBAY,61.15181108,10/26/2022,10/31/2022,124.7,110,STS,108.8,202.6,988.7,1,6,6,2,2
PAENG,2022,5,CAMARINES SUR,TINAMBAC,1628,6552,24,0,0,0,0,0,0,0,0.0,DAET,CAMARINES NORTE,44.1440483,10/26/2022,10/31/2022,124.7,110,STS,105.6,267.0,989.5,1,6,6,2,2
QUINTA,2020,5,CAMARINES SUR,BAAO,2658,10856,30,0,0,0,42,635,677,0,0.0,LEGAZPI CITY,ALBAY,55.02861822,10/23/2020,10/27/2020,71.0,150,TY,282.7,301.8,981.6,1,5,5,2,2
QUINTA,2020,5,CAMARINES SUR,BALATAN,402,1643,11,0,0,0,0,0,0,0,0.0,LEGAZPI CITY,ALBAY,57.23338293,10/23/2020,10/27/2020,71.0,150,TY,282.7,301.8,981.6,1,5,5,2,2
QUINTA,2020,5,CAMARINES SUR,BATO,2355,9798,19,0,0,0,10,77,87,0,0.0,LEGAZPI CITY,ALBAY,49.6498711,10/23/2020,10/27/2020,71.0,150,TY,282.7,301.8,981.6,1,5,5,2,2
QUINTA,2020,5,CAMARINES SUR,BOMBON,137,561,7,0,0,0,0,0,0,0,0.0,DAET,CAMARINES NORTE,55.76191631,10/23/2020,10/27/2020,71.0,150,TY,41.4,89.0,989.0,1,5,5,2,2
QUINTA,2020,5,CAMARINES SUR,BUHI,800,3735,122,0,0,0,36,649,685,0,0.0,LEGAZPI CITY,ALBAY,40.57769578,10/23/2020,10/27/2020,71.0,150,TY,282.7,301.8,981.6,1,5,5,2,2
QUINTA,2020,5,CAMARINES SUR,BULA,1169,4940,22,0,0,0,10,283,293,0,0.0,LEGAZPI CITY,ALBAY,61.95097598,10/23/2020,10/27/2020,71.0,150,TY,282.7,301.8,981.6,1,5,5,2,2
QUINTA,2020,5,CAMARINES SUR,CABUSAO,620,2227,9,0,0,0,3,77,80,0,0.0,DAET,CAMARINES NORTE,43.95103403,10/23/2020,10/27/2020,71.0,150,TY,41.4,89.0,989.0,1,5,5,2,2
QUINTA,2020,5,CAMARINES SUR,CALABANGA,906,3473,24,1,0,0,16,301,317,0,0.0,DAET,CAMARINES NORTE,57.23822744,10/23/2020,10/27/2020,71.0,150,TY,41.4,89.0,989.0,1,5,5,2,2
QUINTA,2020,5,CAMARINES SUR,CAMALIGAN,142,587,8,0,0,0,3,76,79,0,0.0,DAET,CAMARINES NORTE,59.58735431,10/23/2020,10/27/2020,71.0,150,TY,41.4,89.0,989.0,1,5,5,2,2
QUINTA,2020,5,CAMARINES SUR,CANAMAN,685,3425,18,0,0,0,7,678,685,0,0.0,DAET,CAMARINES NORTE,56.51718527,10/23/2020,10/27/2020,71.0,150,TY,41.4,89.0,989.0,1,5,5,2,2
QUINTA,2020,5,CAMARINES SUR,CARAMOAN,214,976,12,0,0,0,5,60,65,0,0.0,VIRAC,CATANDUANES,34.30182357,10/23/2020,10/27/2020,71.0,150,TY,108.0,197.2,978.4,1,5,5,2,2
QUINTA,2020,5,CAMARINES SUR,DEL GALLEGO,143,700,4,0,0,0,0,0,0,0,0.0,DAET,CAMARINES NORTE,32.4472955,10/23/2020,10/27/2020,71.0,150,TY,41.4,89.0,989.0,1,5,5,2,2
QUINTA,2020,5,CAMARINES SUR,GAINZA,232,723,8,0,0,0,3,1,4,0,0.0,DAET,CAMARINES NORTE,60.22391053,10/23/2020,10/27/2020,71.0,150,TY,41.4,89.0,989.0,1,5,5,2,2
QUINTA,2020,5,CAMARINES SUR,GARCHITORENA,608,2635,9,0,0,0,0,0,0,0,0.0,VIRAC,CATANDUANES,63.59731153,10/23/2020,10/27/2020,71.0,150,TY,108.0,197.2,978.4,1,5,5,2,2
QUINTA,2020,5,CAMARINES SUR,GOA,1843,8603,31,0,0,0,24,1816,1840,0,0.0,DAET,CAMARINES NORTE,67.01694427,10/23/2020,10/27/2020,71.0,150,TY,41.4,89.0,989.0,1,5,5,2,2
QUINTA,2020,5,CAMARINES SUR,IRIGA CITY,357,996,3,0,0,0,7,2,9,0,0.0,LEGAZPI CITY,ALBAY,47.18655354,10/23/2020,10/27/2020,71.0,150,TY,282.7,301.8,981.6,1,5,5,2,2
QUINTA,2020,5,CAMARINES SUR,LAGONOY,294,1216,12,0,0,0,0,7,7,0,0.0,DAET,CAMARINES NORTE,67.82512985,10/23/2020,10/27/2020,71.0,150,TY,41.4,89.0,989.0,1,5,5,2,2
QUINTA,2020,5,CAMARINES SUR,LIBMANAN,1333,5771,42,0,0,0,39,1246,1285,0,0.0,DAET,CAMARINES NORTE,50.55338371,10/23/2020,10/27/2020,71.0,150,TY,41.4,89.0,989.0,1,5,5,2,2
QUINTA,2020,5,CAMARINES SUR,LUPI,49,203,3,0,0,0,1,40,41,0,0.0,DAET,CAMARINES NORTE,30.96958136,10/23/2020,10/27/2020,71.0,150,TY,41.4,89.0,989.0,1,5,5,2,2
QUINTA,2020,5,CAMARINES SUR,MAGARAO,173,772,12,0,0,0,8,44,52,0,0.0,DAET,CAMARINES NORTE,54.74940372,10/23/2020,10/27/2020,71.0,150,TY,41.4,89.0,989.0,1,5,5,2,2
QUINTA,2020,5,CAMARINES SUR,MILAOR,919,4630,20,0,0,0,1,64,65,0,0.0,DAET,CAMARINES NORTE,63.45051821,10/23/2020,10/27/2020,71.0,150,TY,41.4,89.0,989.0,1,5,5,2,2
QUINTA,2020,5,CAMARINES SUR,MINALABAC,464,1891,9,0,0,0,20,6,26,0,0.0,LEGAZPI CITY,ALBAY,71.67508685,10/23/2020,10/27/2020,71.0,150,TY,282.7,301.8,981.6,1,5,5,2,2
QUINTA,2020,5,CAMARINES SUR,NABUA,737,3019,30,0,0,0,12,333,345,0,0.0,LEGAZPI CITY,ALBAY,51.17322659,10/23/2020,10/27/2020,71.0,150,TY,282.7,301.8,981.6,1,5,5,2,2
QUINTA,2020,5,CAMARINES SUR,NAGA CITY,831,3212,15,0,0,0,0,0,0,0,0.0,DAET,CAMARINES NORTE,62.61852112,10/23/2020,10/27/2020,71.0,150,TY,41.4,89.0,989.0,1,5,5,2,2
QUINTA,2020,5,CAMARINES SUR,OCAMPO,0,0,0,0,0,0,0,0,0,0,0.0,LEGAZPI CITY,ALBAY,61.99882741,10/23/2020,10/27/2020,71.0,150,TY,282.7,301.8,981.6,1,5,5,2,2
QUINTA,2020,5,CAMARINES SUR,PAMPLONA,405,1784,16,0,0,0,0,0,0,0,0.0,DAET,CAMARINES NORTE,60.05243656,10/23/2020,10/27/2020,71.0,150,TY,41.4,89.0,989.0,1,5,5,2,2
QUINTA,2020,5,CAMARINES SUR,PASACAO,732,3192,11,0,0,0,44,685,729,0,0.0,DAET,CAMARINES NORTE,63.44414424,10/23/2020,10/27/2020,71.0,150,TY,41.4,89.0,989.0,1,5,5,2,2
QUINTA,2020,5,CAMARINES SUR,PILI,1964,9820,13,0,0,0,79,1867,1946,0,0.0,LEGAZPI CITY,ALBAY,69.15830429,10/23/2020,10/27/2020,71.0,150,TY,282.7,301.8,981.6,1,5,5,2,2
QUINTA,2020,5,CAMARINES SUR,PRESENTACION,421,1643,7,0,0,0,9,360,369,0,0.0,VIRAC,CATANDUANES,58.00384448,10/23/2020,10/27/2020,71.0,150,TY,108.0,197.2,978.4,1,5,5,2,2
QUINTA,2020,5,CAMARINES SUR,RAGAY,406,1803,24,0,0,0,1,1,2,0,0.0,DAET,CAMARINES NORTE,43.39706628,10/23/2020,10/27/2020,71.0,150,TY,41.4,89.0,989.0,1,5,5,2,2
QUINTA,2020,5,CAMARINES SUR,SAN FERNANDO,160,757,17,0,0,0,8,126,134,0,0.0,DAET,CAMARINES NORTE,68.89951535,10/23/2020,10/27/2020,71.0,150,TY,41.4,89.0,989.0,1,5,5,2,2
QUINTA,2020,5,CAMARINES SUR,SAN JOSE,1074,4345,24,0,0,0,64,904,968,0,0.0,LEGAZPI CITY,ALBAY,64.96142092,10/23/2020,10/27/2020,71.0,150,TY,282.7,301.8,981.6,1,5,5,2,2
QUINTA,2020,5,CAMARINES SUR,SIPOCOT,557,2196,23,0,0,0,1,116,117,0,0.0,DAET,CAMARINES NORTE,35.79568644,10/23/2020,10/27/2020,71.0,150,TY,41.4,89.0,989.0,1,5,5,2,2
QUINTA,2020,5,CAMARINES SUR,SIRUMA,25,94,2,0,0,0,0,23,23,0,0.0,DAET,CAMARINES NORTE,34.34045515,10/23/2020,10/27/2020,71.0,150,TY,41.4,89.0,989.0,1,5,5,2,2
QUINTA,2020,5,CAMARINES SUR,TIGAON,350,1363,18,0,0,0,0,0,0,0,0.0,LEGAZPI CITY,ALBAY,61.15181108,10/23/2020,10/27/2020,71.0,150,TY,282.7,301.8,981.6,1,5,5,2,2
QUINTA,2020,5,CAMARINES SUR,TINAMBAC,1347,5837,27,0,0,0,5,555,560,0,0.0,DAET,CAMARINES NORTE,44.1440483,10/23/2020,10/27/2020,71.0,150,TY,41.4,89.0,989.0,1,5,5,2,2
ROLLY,2020,5,CAMARINES SUR,BAAO,192,800,11,0,0,0,92,100,192,0,260000.0,LEGAZPI CITY,ALBAY,55.02861822,10/29/2020,11/3/2020,122.0,225,STY,166.7,287.9,981.0,1,6,6,2,2
ROLLY,2020,5,CAMARINES SUR,BALATAN,576,2693,10,0,0,0,0,0,0,0,754625.0,LEGAZPI CITY,ALBAY,57.23338293,10/29/2020,11/3/2020,122.0,225,STY,166.7,287.9,981.0,1,6,6,2,2
ROLLY,2020,5,CAMARINES SUR,BATO,7760,26515,33,0,0,0,908,5002,5910,0,2439754.0,LEGAZPI CITY,ALBAY,49.6498711,10/29/2020,11/3/2020,122.0,225,STY,166.7,287.9,981.0,1,6,6,1,1
ROLLY,2020,5,CAMARINES SUR,BOMBON,554,2023,8,0,0,0,0,0,0,0,0.0,DAET,CAMARINES NORTE,55.76191631,10/29/2020,11/3/2020,122.0,225,STY,53.5,107.8,995.0,1,6,6,2,2
ROLLY,2020,5,CAMARINES SUR,BUHI,612,2264,7,0,0,0,0,0,0,0,1315217.0,LEGAZPI CITY,ALBAY,40.57769578,10/29/2020,11/3/2020,122.0,225,STY,166.7,287.9,981.0,1,6,6,2,2
ROLLY,2020,5,CAMARINES SUR,BULA,269,1160,14,0,0,0,100,169,269,0,0.0,LEGAZPI CITY,ALBAY,61.95097598,10/29/2020,11/3/2020,122.0,225,STY,166.7,287.9,981.0,1,6,6,2,2
ROLLY,2020,5,CAMARINES SUR,CABUSAO,898,3274,9,0,0,0,98,800,898,0,2000000.0,DAET,CAMARINES NORTE,43.95103403,10/29/2020,11/3/2020,122.0,225,STY,53.5,107.8,995.0,1,6,6,2,2
ROLLY,2020,5,CAMARINES SUR,CALABANGA,2790,10802,42,0,0,0,790,2000,2790,0,1129640.0,DAET,CAMARINES NORTE,57.23822744,10/29/2020,11/3/2020,122.0,225,STY,53.5,107.8,995.0,1,6,6,2,2
ROLLY,2020,5,CAMARINES SUR,CAMALIGAN,279,1003,11,0,0,0,0,0,0,0,783300.0,DAET,CAMARINES NORTE,59.58735431,10/29/2020,11/3/2020,122.0,225,STY,53.5,107.8,995.0,1,6,6,2,2
ROLLY,2020,5,CAMARINES SUR,CANAMAN,371,1481,18,0,0,0,0,0,0,0,0.0,DAET,CAMARINES NORTE,56.51718527,10/29/2020,11/3/2020,122.0,225,STY,53.5,107.8,995.0,1,6,6,2,2
ROLLY,2020,5,CAMARINES SUR,CARAMOAN,308,1402,8,0,0,0,0,0,0,0,0.0,VIRAC,CATANDUANES,34.30182357,10/29/2020,11/3/2020,122.0,225,STY,238.0,245.8,924.9,1,6,6,2,2
ROLLY,2020,5,CAMARINES SUR,DEL GALLEGO,548,2359,24,0,0,0,0,0,0,0,0.0,DAET,CAMARINES NORTE,32.4472955,10/29/2020,11/3/2020,122.0,225,STY,53.5,107.8,995.0,1,6,6,2,2
ROLLY,2020,5,CAMARINES SUR,GAINZA,162,595,8,0,0,0,0,0,0,0,0.0,DAET,CAMARINES NORTE,60.22391053,10/29/2020,11/3/2020,122.0,225,STY,53.5,107.8,995.0,1,6,6,2,2
ROLLY,2020,5,CAMARINES SUR,GARCHITORENA,54,256,2,0,0,0,0,0,0,0,0.0,VIRAC,CATANDUANES,63.59731153,10/29/2020,11/3/2020,122.0,225,STY,238.0,245.8,924.9,1,6,6,2,2
ROLLY,2020,5,CAMARINES SUR,GOA,461,2093,15,0,0,0,0,0,0,0,308500.0,DAET,CAMARINES NORTE,67.01694427,10/29/2020,11/3/2020,122.0,225,STY,53.5,107.8,995.0,1,6,6,2,2
ROLLY,2020,5,CAMARINES SUR,IRIGA CITY,8317,34462,37,0,0,0,937,7380,8317,0,479395.48,LEGAZPI CITY,ALBAY,47.18655354,10/29/2020,11/3/2020,122.0,225,STY,166.7,287.9,981.0,1,6,6,1,1
ROLLY,2020,5,CAMARINES SUR,LAGONOY,107,451,3,0,0,0,0,0,0,0,541419.0,DAET,CAMARINES NORTE,67.82512985,10/29/2020,11/3/2020,122.0,225,STY,53.5,107.8,995.0,1,6,6,2,2
ROLLY,2020,5,CAMARINES SUR,LIBMANAN,0,0,0,0,0,0,0,0,0,0,938700.0,DAET,CAMARINES NORTE,50.55338371,10/29/2020,11/3/2020,122.0,225,STY,53.5,107.8,995.0,1,6,6,2,2
ROLLY,2020,5,CAMARINES SUR,LUPI,502,1838,20,0,0,0,0,0,0,0,0.0,DAET,CAMARINES NORTE,30.96958136,10/29/2020,11/3/2020,122.0,225,STY,53.5,107.8,995.0,1,6,6,2,2
ROLLY,2020,5,CAMARINES SUR,MAGARAO,1212,4718,15,0,0,0,500,712,1212,0,1047970.0,DAET,CAMARINES NORTE,54.74940372,10/29/2020,11/3/2020,122.0,225,STY,53.5,107.8,995.0,1,6,6,2,2
ROLLY,2020,5,CAMARINES SUR,MILAOR,1587,5894,19,0,0,0,0,0,0,0,308500.0,DAET,CAMARINES NORTE,63.45051821,10/29/2020,11/3/2020,122.0,225,STY,53.5,107.8,995.0,1,6,6,2,2
ROLLY,2020,5,CAMARINES SUR,MINALABAC,2253,8500,25,0,0,0,0,0,0,0,308500.0,LEGAZPI CITY,ALBAY,71.67508685,10/29/2020,11/3/2020,122.0,225,STY,166.7,287.9,981.0,1,6,6,2,2
ROLLY,2020,5,CAMARINES SUR,NABUA,1857,8937,42,0,0,0,0,0,0,0,617000.0,LEGAZPI CITY,ALBAY,51.17322659,10/29/2020,11/3/2020,122.0,225,STY,166.7,287.9,981.0,1,6,6,2,2
ROLLY,2020,5,CAMARINES SUR,NAGA CITY,304,1171,5,0,0,0,150,154,304,0,0.0,DAET,CAMARINES NORTE,62.61852112,10/29/2020,11/3/2020,122.0,225,STY,53.5,107.8,995.0,1,6,6,2,2
ROLLY,2020,5,CAMARINES SUR,OCAMPO,950,3815,24,0,0,0,0,0,0,0,0.0,LEGAZPI CITY,ALBAY,61.99882741,10/29/2020,11/3/2020,122.0,225,STY,166.7,287.9,981.0,1,6,6,2,2
ROLLY,2020,5,CAMARINES SUR,PAMPLONA,886,3607,16,0,0,0,300,586,886,0,0.0,DAET,CAMARINES NORTE,60.05243656,10/29/2020,11/3/2020,122.0,225,STY,53.5,107.8,995.0,1,6,6,2,2
ROLLY,2020,5,CAMARINES SUR,PASACAO,451,2022,6,0,0,0,100,351,451,0,493600.0,DAET,CAMARINES NORTE,63.44414424,10/29/2020,11/3/2020,122.0,225,STY,53.5,107.8,995.0,1,6,6,2,2
ROLLY,2020,5,CAMARINES SUR,PILI,145,592,4,0,0,0,60,85,145,0,0.0,LEGAZPI CITY,ALBAY,69.15830429,10/29/2020,11/3/2020,122.0,225,STY,166.7,287.9,981.0,1,6,6,2,2
ROLLY,2020,5,CAMARINES SUR,RAGAY,1156,4590,36,0,0,0,0,0,0,0,0.0,DAET,CAMARINES NORTE,43.39706628,10/29/2020,11/3/2020,122.0,225,STY,53.5,107.8,995.0,1,6,6,2,2
ROLLY,2020,5,CAMARINES SUR,SAN FERNANDO,285,1400,16,0,0,0,100,185,285,0,308500.0,DAET,CAMARINES NORTE,68.89951535,10/29/2020,11/3/2020,122.0,225,STY,53.5,107.8,995.0,1,6,6,2,2
ROLLY,2020,5,CAMARINES SUR,SAN JOSE,1082,4383,26,0,0,0,0,0,0,0,308500.0,LEGAZPI CITY,ALBAY,64.96142092,10/29/2020,11/3/2020,122.0,225,STY,166.7,287.9,981.0,1,6,6,2,2
ROLLY,2020,5,CAMARINES SUR,SIRUMA,2735,10517,22,0,0,0,42,271,313,0,1126305.0,DAET,CAMARINES NORTE,34.34045515,10/29/2020,11/3/2020,122.0,225,STY,53.5,107.8,995.0,1,6,6,2,2
ROLLY,2020,5,CAMARINES SUR,TIGAON,0,0,0,0,0,0,0,0,0,0,796980.0,LEGAZPI CITY,ALBAY,61.15181108,10/29/2020,11/3/2020,122.0,225,STY,166.7,287.9,981.0,1,6,6,2,2
ROLLY,2020,5,CAMARINES SUR,TINAMBAC,2845,12399,37,0,0,0,408,2437,2845,0,724000.0,DAET,CAMARINES NORTE,44.1440483,10/29/2020,11/3/2020,122.0,225,STY,53.5,107.8,995.0,1,6,6,2,2
AMANG,2023,5,CATANDUANES,SAN ANDRES,3,5,2,0,0,0,0,0,0,0,0.0,VIRAC,CATANDUANES,9.232823198,4/11/2023,4/13/2023,60.0,55,TD,63.8,65.4,1003.6,1,3,3,2,2
AMBO,2020,5,CATANDUANES,BAGAMANOC,14,68,0,0,0,0,0,0,0,0,0.0,VIRAC,CATANDUANES,40.91081334,5/10/2020,5/17/2020,198.0,155,TY,162.1,206.0,1005.6,1,8,8,2,2
AMBO,2020,5,CATANDUANES,BATO,469,1979,0,0,0,0,0,0,0,0,0.0,VIRAC,CATANDUANES,8.469894437,5/10/2020,5/17/2020,198.0,155,TY,162.1,206.0,1005.6,1,8,8,2,2
AMBO,2020,5,CATANDUANES,CARAMOAN,30,126,0,0,0,0,0,0,0,0,0.0,VIRAC,CATANDUANES,30.17101167,5/10/2020,5/17/2020,198.0,155,TY,162.1,206.0,1005.6,1,8,8,2,2
AMBO,2020,5,CATANDUANES,GIGMOTO,72,284,0,0,0,0,0,0,0,0,0.0,VIRAC,CATANDUANES,25.79813241,5/10/2020,5/17/2020,198.0,155,TY,162.1,206.0,1005.6,1,8,8,2,2
AMBO,2020,5,CATANDUANES,PANDAN,47,213,0,0,0,0,0,0,0,0,0.0,VIRAC,CATANDUANES,52.50108347,5/10/2020,5/17/2020,198.0,155,TY,162.1,206.0,1005.6,1,8,8,2,2
AMBO,2020,5,CATANDUANES,PANGANIBAN,11,31,0,0,0,0,0,0,0,0,0.0,VIRAC,CATANDUANES,35.15943664,5/10/2020,5/17/2020,198.0,155,TY,162.1,206.0,1005.6,1,8,8,2,2
AMBO,2020,5,CATANDUANES,SAN ANDRES,376,1359,0,0,0,0,0,0,0,0,0.0,VIRAC,CATANDUANES,9.232823198,5/10/2020,5/17/2020,198.0,155,TY,162.1,206.0,1005.6,1,8,8,2,2
AMBO,2020,5,CATANDUANES,SAN MIGUEL,2,7,0,0,0,0,0,0,0,0,0.0,VIRAC,CATANDUANES,13.31866097,5/10/2020,5/17/2020,198.0,155,TY,162.1,206.0,1005.6,1,8,8,2,2
AMBO,2020,5,CATANDUANES,VIRAC,1159,5415,0,0,0,0,0,0,0,0,0.0,VIRAC,CATANDUANES,5.600760593,5/10/2020,5/17/2020,198.0,155,TY,162.1,206.0,1005.6,1,8,8,2,2
DANTE,2021,5,CATANDUANES,BAGAMANOC,0,0,0,0,0,0,0,0,0,0,0.0,VIRAC,CATANDUANES,40.91081334,5/30/2021,6/5/2021,154.0,75,TS,17.0,31.4,1005.3,1,7,7,2,2
DANTE,2021,5,CATANDUANES,BARAS,0,0,0,0,0,0,0,0,0,0,0.0,VIRAC,CATANDUANES,18.34840468,5/30/2021,6/5/2021,154.0,75,TS,17.0,31.4,1005.3,1,7,7,2,2
DANTE,2021,5,CATANDUANES,BATO,0,0,0,0,0,0,0,0,0,0,0.0,VIRAC,CATANDUANES,8.469894437,5/30/2021,6/5/2021,154.0,75,TS,17.0,31.4,1005.3,1,7,7,2,2
DANTE,2021,5,CATANDUANES,CARAMOAN,0,0,0,0,0,0,0,0,0,0,0.0,VIRAC,CATANDUANES,30.17101167,5/30/2021,6/5/2021,154.0,75,TS,17.0,31.4,1005.3,1,7,7,2,2
DANTE,2021,5,CATANDUANES,GIGMOTO,0,0,0,0,0,0,0,0,0,0,0.0,VIRAC,CATANDUANES,25.79813241,5/30/2021,6/5/2021,154.0,75,TS,17.0,31.4,1005.3,1,7,7,2,2
DANTE,2021,5,CATANDUANES,PANDAN,0,0,0,0,0,0,0,0,0,0,0.0,VIRAC,CATANDUANES,52.50108347,5/30/2021,6/5/2021,154.0,75,TS,17.0,31.4,1005.3,1,7,7,2,2
DANTE,2021,5,CATANDUANES,PANGANIBAN,0,0,0,0,0,0,0,0,0,0,0.0,VIRAC,CATANDUANES,35.15943664,5/30/2021,6/5/2021,154.0,75,TS,17.0,31.4,1005.3,1,7,7,2,2
DANTE,2021,5,CATANDUANES,SAN ANDRES,0,0,0,0,0,0,0,0,0,0,0.0,VIRAC,CATANDUANES,9.232823198,5/30/2021,6/5/2021,154.0,75,TS,17.0,31.4,1005.3,1,7,7,2,2
DANTE,2021,5,CATANDUANES,SAN MIGUEL,0,0,0,0,0,0,0,0,0,0,0.0,VIRAC,CATANDUANES,13.31866097,5/30/2021,6/5/2021,154.0,75,TS,17.0,31.4,1005.3,1,7,7,2,2
DANTE,2021,5,CATANDUANES,VIGA,0,0,0,0,0,0,0,0,0,0,0.0,VIRAC,CATANDUANES,30.28583536,5/30/2021,6/5/2021,154.0,75,TS,17.0,31.4,1005.3,1,7,7,2,2
DANTE,2021,5,CATANDUANES,VIRAC,0,0,0,0,0,0,0,0,0,0,0.0,VIRAC,CATANDUANES,5.600760593,5/30/2021,6/5/2021,154.0,75,TS,17.0,31.4,1005.3,1,7,7,2,2
PAENG,2022,5,CATANDUANES,BAGAMANOC,451,1646,16,0,0,0,0,0,0,0,0.0,VIRAC,CATANDUANES,40.91081334,10/26/2022,10/31/2022,124.7,110,STS,95.8,175.8,984.2,1,6,6,2,2
PAENG,2022,5,CATANDUANES,BARAS,1033,3973,26,0,0,0,11,40,51,0,0.0,VIRAC,CATANDUANES,18.34840468,10/26/2022,10/31/2022,124.7,110,STS,95.8,175.8,984.2,1,6,6,2,2
PAENG,2022,5,CATANDUANES,BATO,2049,7836,22,1,0,0,1,2,3,0,0.0,VIRAC,CATANDUANES,8.469894437,10/26/2022,10/31/2022,124.7,110,STS,95.8,175.8,984.2,1,6,6,2,2
PAENG,2022,5,CATANDUANES,CARAMOAN,501,2326,17,0,0,0,0,0,0,0,0.0,VIRAC,CATANDUANES,30.17101167,10/26/2022,10/31/2022,124.7,110,STS,95.8,175.8,984.2,1,6,6,2,2
PAENG,2022,5,CATANDUANES,GIGMOTO,328,1142,8,0,0,0,0,0,0,0,0.0,VIRAC,CATANDUANES,25.79813241,10/26/2022,10/31/2022,124.7,110,STS,95.8,175.8,984.2,1,6,6,2,2
PAENG,2022,5,CATANDUANES,PANDAN,1094,4605,25,0,0,0,6,240,246,0,0.0,VIRAC,CATANDUANES,52.50108347,10/26/2022,10/31/2022,124.7,110,STS,95.8,175.8,984.2,1,6,6,2,2
PAENG,2022,5,CATANDUANES,PANGANIBAN,346,1398,17,0,0,0,2,18,20,0,0.0,VIRAC,CATANDUANES,35.15943664,10/26/2022,10/31/2022,124.7,110,STS,95.8,175.8,984.2,1,6,6,2,2
PAENG,2022,5,CATANDUANES,SAN ANDRES,569,2336,17,0,0,0,0,0,0,0,0.0,VIRAC,CATANDUANES,9.232823198,10/26/2022,10/31/2022,124.7,110,STS,95.8,175.8,984.2,1,6,6,2,2
PAENG,2022,5,CATANDUANES,SAN MIGUEL,2245,7693,19,0,4,0,0,0,0,0,0.0,VIRAC,CATANDUANES,13.31866097,10/26/2022,10/31/2022,124.7,110,STS,95.8,175.8,984.2,1,6,6,2,2
PAENG,2022,5,CATANDUANES,VIGA,324,1246,14,0,0,0,5,28,33,0,0.0,VIRAC,CATANDUANES,30.28583536,10/26/2022,10/31/2022,124.7,110,STS,95.8,175.8,984.2,1,6,6,2,2
PAENG,2022,5,CATANDUANES,VIRAC,3350,12239,38,0,0,0,0,0,0,0,0.0,VIRAC,CATANDUANES,5.600760593,10/26/2022,10/31/2022,124.7,110,STS,95.8,175.8,984.2,1,6,6,2,2
QUINTA,2020,5,CATANDUANES,BAGAMANOC,602,3637,17,0,0,0,26,552,578,0,0.0,VIRAC,CATANDUANES,40.91081334,10/23/2020,10/27/2020,71.0,150,TY,108.0,197.2,978.4,1,5,5,2,2
QUINTA,2020,5,CATANDUANES,BARAS,1868,6151,26,0,0,0,108,1083,1191,0,0.0,VIRAC,CATANDUANES,18.34840468,10/23/2020,10/27/2020,71.0,150,TY,108.0,197.2,978.4,1,5,5,2,2
QUINTA,2020,5,CATANDUANES,BATO,1920,7410,22,0,0,0,0,0,0,0,0.0,VIRAC,CATANDUANES,8.469894437,10/23/2020,10/27/2020,71.0,150,TY,108.0,197.2,978.4,1,5,5,2,2
QUINTA,2020,5,CATANDUANES,CARAMOAN,714,3460,26,0,1,0,13,77,90,0,0.0,VIRAC,CATANDUANES,30.17101167,10/23/2020,10/27/2020,71.0,150,TY,108.0,197.2,978.4,1,5,5,2,2
QUINTA,2020,5,CATANDUANES,GIGMOTO,957,3509,8,3,0,1,0,0,0,0,0.0,VIRAC,CATANDUANES,25.79813241,10/23/2020,10/27/2020,71.0,150,TY,108.0,197.2,978.4,1,5,5,2,2
QUINTA,2020,5,CATANDUANES,PANDAN,448,1796,18,0,0,0,6,0,6,0,0.0,VIRAC,CATANDUANES,52.50108347,10/23/2020,10/27/2020,71.0,150,TY,108.0,197.2,978.4,1,5,5,2,2
QUINTA,2020,5,CATANDUANES,PANGANIBAN,255,994,15,1,0,0,0,0,0,0,0.0,VIRAC,CATANDUANES,35.15943664,10/23/2020,10/27/2020,71.0,150,TY,108.0,197.2,978.4,1,5,5,2,2
QUINTA,2020,5,CATANDUANES,SAN ANDRES,2837,11425,29,0,1,0,0,0,0,0,0.0,VIRAC,CATANDUANES,9.232823198,10/23/2020,10/27/2020,71.0,150,TY,108.0,197.2,978.4,1,5,5,2,2
QUINTA,2020,5,CATANDUANES,SAN MIGUEL,916,4380,21,0,1,0,42,847,889,0,0.0,VIRAC,CATANDUANES,13.31866097,10/23/2020,10/27/2020,71.0,150,TY,108.0,197.2,978.4,1,5,5,2,2
QUINTA,2020,5,CATANDUANES,VIGA,814,3428,23,0,0,0,117,2,119,0,0.0,VIRAC,CATANDUANES,30.28583536,10/23/2020,10/27/2020,71.0,150,TY,108.0,197.2,978.4,1,5,5,2,2
QUINTA,2020,5,CATANDUANES,VIRAC,4056,15885,47,0,13,0,0,0,0,0,0.0,VIRAC,CATANDUANES,5.600760593,10/23/2020,10/27/2020,71.0,150,TY,108.0,197.2,978.4,1,5,5,2,2
ROLLY,2020,5,CATANDUANES,BAGAMANOC,827,4159,18,0,0,0,300,617,917,0,0.0,VIRAC,CATANDUANES,40.91081334,10/29/2020,11/3/2020,122.0,225,STY,238.0,245.8,924.9,1,6,6,2,2
ROLLY,2020,5,CATANDUANES,BARAS,4309,8930,1,0,0,0,1972,1311,3283,0,0.0,VIRAC,CATANDUANES,18.34840468,10/29/2020,11/3/2020,122.0,225,STY,238.0,245.8,924.9,1,6,6,2,2
ROLLY,2020,5,CATANDUANES,BATO,4594,19161,27,0,0,0,1133,1754,2887,0,0.0,VIRAC,CATANDUANES,8.469894437,10/29/2020,11/3/2020,122.0,225,STY,238.0,245.8,924.9,1,6,6,1,1
ROLLY,2020,5,CATANDUANES,CARAMOAN,1730,7258,1,0,0,0,730,1000,1730,0,0.0,VIRAC,CATANDUANES,30.17101167,10/29/2020,11/3/2020,122.0,225,STY,238.0,245.8,924.9,1,6,6,2,2
ROLLY,2020,5,CATANDUANES,GIGMOTO,2432,10120,9,0,0,0,741,1458,2199,0,0.0,VIRAC,CATANDUANES,25.79813241,10/29/2020,11/3/2020,122.0,225,STY,238.0,245.8,924.9,1,6,6,2,2
ROLLY,2020,5,CATANDUANES,PANDAN,1484,6470,25,0,0,0,88,508,596,0,0.0,VIRAC,CATANDUANES,52.50108347,10/29/2020,11/3/2020,122.0,225,STY,238.0,245.8,924.9,1,6,6,2,2
ROLLY,2020,5,CATANDUANES,PANGANIBAN,624,2594,23,0,0,0,73,551,624,0,0.0,VIRAC,CATANDUANES,35.15943664,10/29/2020,11/3/2020,122.0,225,STY,238.0,245.8,924.9,1,6,6,2,2
ROLLY,2020,5,CATANDUANES,SAN ANDRES,3337,14336,1,0,0,0,1045,1404,2449,0,0.0,VIRAC,CATANDUANES,9.232823198,10/29/2020,11/3/2020,122.0,225,STY,238.0,245.8,924.9,1,6,6,2,2
ROLLY,2020,5,CATANDUANES,SAN MIGUEL,4029,11797,24,0,0,0,1210,2450,3660,0,0.0,VIRAC,CATANDUANES,13.31866097,10/29/2020,11/3/2020,122.0,225,STY,238.0,245.8,924.9,1,6,6,1,1
ROLLY,2020,5,CATANDUANES,VIGA,6406,25048,31,0,0,0,475,2305,2780,0,0.0,VIRAC,CATANDUANES,30.28583536,10/29/2020,11/3/2020,122.0,225,STY,238.0,245.8,924.9,1,6,6,1,1
ROLLY,2020,5,CATANDUANES,VIRAC,22856,94356,63,0,0,0,5262,8718,13980,0,10339000.0,VIRAC,CATANDUANES,5.600760593,10/29/2020,11/3/2020,122.0,225,STY,238.0,245.8,924.9,1,6,6,1,1
AGATON,2022,5,MASBATE,MOBO,0,0,0,0,0,0,0,5,5,0,0.0,MASBATE,MASBATE,11.29564539,4/9/2022,4/12/2022,78.0,75,TS,99.8,230.8,1003.2,1,4,4,2,2
AGATON,2022,5,MASBATE,PALANAS,0,0,0,0,0,0,0,0,0,0,0.0,MASBATE,MASBATE,41.91139669,4/9/2022,4/12/2022,78.0,75,TS,99.8,230.8,1003.2,1,4,4,2,2
AMANG,2023,5,MASBATE,MOBO,0,0,0,0,0,0,0,0,0,8,5000.0,MASBATE,MASBATE,11.29564539,4/11/2023,4/13/2023,60.0,55,TD,12.4,15.0,1006.5,1,3,3,2,2
AMBO,2020,5,MASBATE,AROROY,69,302,4,0,0,0,0,0,0,0,0.0,MASBATE,MASBATE,45.52889672,5/10/2020,5/17/2020,198.0,155,TY,111.8,119.0,995.8,1,8,8,2,2
AMBO,2020,5,MASBATE,BALENO,41,157,2,0,0,0,0,0,0,0,0.0,MASBATE,MASBATE,17.11096635,5/10/2020,5/17/2020,198.0,155,TY,111.8,119.0,995.8,1,8,8,2,2
AMBO,2020,5,MASBATE,BALUD,123,453,8,0,0,0,0,0,0,0,0.0,MASBATE,MASBATE,46.74052299,5/10/2020,5/17/2020,198.0,155,TY,111.8,119.0,995.8,1,8,8,2,2
AMBO,2020,5,MASBATE,BATUAN,65,276,4,0,0,0,0,0,0,0,0.0,MASBATE,MASBATE,15.45927441,5/10/2020,5/17/2020,198.0,155,TY,111.8,119.0,995.8,1,8,8,2,2
AMBO,2020,5,MASBATE,CATAINGAN,109,329,3,0,0,0,0,0,0,0,0.0,MASBATE,MASBATE,55.29871233,5/10/2020,5/17/2020,198.0,155,TY,111.8,119.0,995.8,1,8,8,2,2
AMBO,2020,5,MASBATE,CAWAYAN,683,2294,13,0,0,0,0,0,0,0,0.0,MASBATE,MASBATE,50.34503929,5/10/2020,5/17/2020,198.0,155,TY,111.8,119.0,995.8,1,8,8,2,2
AMBO,2020,5,MASBATE,CLAVERIA,693,3123,10,0,0,0,0,0,0,0,0.0,LEGAZPI CITY,ALBAY,58.16925099,5/10/2020,5/17/2020,198.0,155,TY,117.4,181.21,1001.8,1,8,8,2,2
AMBO,2020,5,MASBATE,DIMASALANG,339,1207,12,0,0,0,0,0,0,0,0.0,MASBATE,MASBATE,33.38633305,5/10/2020,5/17/2020,198.0,155,TY,111.8,119.0,995.8,1,8,8,2,2
AMBO,2020,5,MASBATE,ESPERANZA,33,1346,11,0,0,0,0,0,0,0,0.0,MASBATE,MASBATE,74.95432486,5/10/2020,5/17/2020,198.0,155,TY,111.8,119.0,995.8,1,8,8,2,2
AMBO,2020,5,MASBATE,MANDAON,280,1400,0,0,0,0,0,0,0,0,0.0,MASBATE,MASBATE,42.83492295,5/10/2020,5/17/2020,198.0,155,TY,111.8,119.0,995.8,1,8,8,2,2
AMBO,2020,5,MASBATE,MASBATE CITY,30,138,2,0,0,0,0,0,0,0,0.0,MASBATE,MASBATE,7.357577836,5/10/2020,5/17/2020,198.0,155,TY,111.8,119.0,995.8,1,8,8,2,2
AMBO,2020,5,MASBATE,MILAGROS,324,1293,3,0,0,0,0,0,0,0,0.0,MASBATE,MASBATE,32.53212989,5/10/2020,5/17/2020,198.0,155,TY,111.8,119.0,995.8,1,8,8,2,2
AMBO,2020,5,MASBATE,MOBO,526,2118,13,0,0,0,0,0,0,0,0.0,MASBATE,MASBATE,11.29564539,5/10/2020,5/17/2020,198.0,155,TY,111.8,119.0,995.8,1,8,8,2,2
AMBO,2020,5,MASBATE,MONREAL,177,670,0,0,0,0,0,0,0,0,0.0,MASBATE,MASBATE,25.57285072,5/10/2020,5/17/2020,198.0,155,TY,111.8,119.0,995.8,1,8,8,2,2
AMBO,2020,5,MASBATE,PALANAS,243,882,0,0,0,0,0,0,0,0,0.0,MASBATE,MASBATE,41.91139669,5/10/2020,5/17/2020,198.0,155,TY,111.8,119.0,995.8,1,8,8,2,2
AMBO,2020,5,MASBATE,PIO V CORPUZ,478,1682,11,0,0,0,0,0,0,0,0.0,MASBATE,MASBATE,73.01773625,5/10/2020,5/17/2020,198.0,155,TY,111.8,119.0,995.8,1,8,8,2,2
AMBO,2020,5,MASBATE,PLACER,67,315,2,0,0,0,0,0,0,0,0.0,MASBATE,MASBATE,54.32910375,5/10/2020,5/17/2020,198.0,155,TY,111.8,119.0,995.8,1,8,8,2,2
AMBO,2020,5,MASBATE,SAN FERNANDO,60,143,0,0,0,0,0,0,0,0,0.0,MASBATE,MASBATE,16.61247962,5/10/2020,5/17/2020,198.0,155,TY,111.8,119.0,995.8,1,8,8,2,2
AMBO,2020,5,MASBATE,SAN PASCUAL,3873,14414,16,0,0,0,0,0,0,0,0.0,LEGAZPI CITY,ALBAY,77.71023111,5/10/2020,5/17/2020,198.0,155,TY,117.4,181.21,1001.8,1,8,8,2,2
AMBO,2020,5,MASBATE,USON,185,726,12,0,0,0,0,0,0,0,0.0,MASBATE,MASBATE,24.87394104,5/10/2020,5/17/2020,198.0,155,TY,111.8,119.0,995.8,1,8,8,2,2
DANTE,2021,5,MASBATE,AROROY,0,0,0,0,0,0,0,0,0,0,0.0,MASBATE,MASBATE,45.52889672,5/30/2021,6/5/2021,154.0,75,TS,9.6,18.8,1002.6,1,7,7,2,2
DANTE,2021,5,MASBATE,BALENO,0,0,0,0,0,0,0,0,0,0,0.0,MASBATE,MASBATE,17.11096635,5/30/2021,6/5/2021,154.0,75,TS,9.6,18.8,1002.6,1,7,7,2,2
DANTE,2021,5,MASBATE,BALUD,11,55,2,0,0,0,0,0,0,0,0.0,MASBATE,MASBATE,46.74052299,5/30/2021,6/5/2021,154.0,75,TS,9.6,18.8,1002.6,1,7,7,2,2
DANTE,2021,5,MASBATE,BATUAN,0,0,0,0,0,0,0,0,0,0,0.0,MASBATE,MASBATE,15.45927441,5/30/2021,6/5/2021,154.0,75,TS,9.6,18.8,1002.6,1,7,7,2,2
DANTE,2021,5,MASBATE,CATAINGAN,0,0,0,0,0,0,0,0,0,0,0.0,MASBATE,MASBATE,55.29871233,5/30/2021,6/5/2021,154.0,75,TS,9.6,18.8,1002.6,1,7,7,2,2
DANTE,2021,5,MASBATE,CAWAYAN,0,0,0,0,0,0,0,0,0,0,0.0,MASBATE,MASBATE,50.34503929,5/30/2021,6/5/2021,154.0,75,TS,9.6,18.8,1002.6,1,7,7,2,2
DANTE,2021,5,MASBATE,CLAVERIA,0,0,0,0,0,0,0,0,0,0,0.0,LEGAZPI CITY,ALBAY,58.16925099,5/30/2021,6/5/2021,154.0,75,TS,50.0,61.4,1003.5,1,7,7,2,2
DANTE,2021,5,MASBATE,DIMASALANG,0,0,0,0,0,0,0,0,0,0,0.0,MASBATE,MASBATE,33.38633305,5/30/2021,6/5/2021,154.0,75,TS,9.6,18.8,1002.6,1,7,7,2,2
DANTE,2021,5,MASBATE,ESPERANZA,151,535,11,0,0,0,0,256,256,0,0.0,MASBATE,MASBATE,74.95432486,5/30/2021,6/5/2021,154.0,75,TS,9.6,18.8,1002.6,1,7,7,2,2
DANTE,2021,5,MASBATE,MANDAON,3,12,1,0,0,0,3,0,3,0,0.0,MASBATE,MASBATE,42.83492295,5/30/2021,6/5/2021,154.0,75,TS,9.6,18.8,1002.6,1,7,7,2,2
DANTE,2021,5,MASBATE,MASBATE CITY,0,0,0,0,0,0,0,0,0,0,0.0,MASBATE,MASBATE,7.357577836,5/30/2021,6/5/2021,154.0,75,TS,9.6,18.8,1002.6,1,7,7,2,2
DANTE,2021,5,MASBATE,MILAGROS,0,0,0,0,0,0,0,0,0,0,0.0,MASBATE,MASBATE,32.53212989,5/30/2021,6/5/2021,154.0,75,TS,9.6,18.8,1002.6,1,7,7,2,2
DANTE,2021,5,MASBATE,MOBO,0,0,0,0,0,0,0,0,0,0,0.0,MASBATE,MASBATE,11.29564539,5/30/2021,6/5/2021,154.0,75,TS,9.6,18.8,1002.6,1,7,7,2,2
DANTE,2021,5,MASBATE,MONREAL,0,0,0,0,0,0,0,0,0,0,0.0,MASBATE,MASBATE,25.57285072,5/30/2021,6/5/2021,154.0,75,TS,9.6,18.8,1002.6,1,7,7,2,2
DANTE,2021,5,MASBATE,PALANAS,0,0,0,0,0,0,0,0,0,0,0.0,MASBATE,MASBATE,41.91139669,5/30/2021,6/5/2021,154.0,75,TS,9.6,18.8,1002.6,1,7,7,2,2
DANTE,2021,5,MASBATE,PIO V CORPUZ,115,436,8,0,0,0,0,0,0,0,0.0,MASBATE,MASBATE,73.01773625,5/30/2021,6/5/2021,154.0,75,TS,9.6,18.8,1002.6,1,7,7,2,2
DANTE,2021,5,MASBATE,PLACER,0,0,0,0,0,0,0,0,0,0,0.0,MASBATE,MASBATE,54.32910375,5/30/2021,6/5/2021,154.0,75,TS,9.6,18.8,1002.6,1,7,7,2,2
DANTE,2021,5,MASBATE,SAN FERNANDO,0,0,0,0,0,0,0,0,0,0,0.0,MASBATE,MASBATE,16.61247962,5/30/2021,6/5/2021,154.0,75,TS,9.6,18.8,1002.6,1,7,7,2,2
DANTE,2021,5,MASBATE,SAN PASCUAL,0,0,0,0,0,0,0,0,0,0,0.0,LEGAZPI CITY,ALBAY,77.71023111,5/30/2021,6/5/2021,154.0,75,TS,50.0,61.4,1003.5,1,7,7,2,2
DANTE,2021,5,MASBATE,USON,0,0,0,0,0,0,0,0,0,0,0.0,MASBATE,MASBATE,24.87394104,5/30/2021,6/5/2021,154.0,75,TS,9.6,18.8,1002.6,1,7,7,2,2
ESTER,2022,5,MASBATE,MOBO,495,2567,4,0,0,0,3,25,28,0,0.0,MASBATE,MASBATE,11.29564539,7/29/2022,7/31/2022,39.0,45,TD,10.0,17.41,1005.5,1,3,3,2,2
JOLINA,2021,5,MASBATE,BALUD,0,0,0,3,1,1,0,0,0,0,0.0,MASBATE,MASBATE,46.74052299,9/6/2021,9/9/2021,103.0,120,TY,95.6,143.61,997.2,1,4,4,2,2
JOLINA,2021,5,MASBATE,BATUAN,307,1196,5,0,0,0,0,0,0,0,0.0,MASBATE,MASBATE,15.45927441,9/6/2021,9/9/2021,103.0,120,TY,95.6,143.61,997.2,1,4,4,2,2
JOLINA,2021,5,MASBATE,CATAINGAN,18,89,3,0,0,0,3,8,11,0,0.0,MASBATE,MASBATE,55.29871233,9/6/2021,9/9/2021,103.0,120,TY,95.6,143.61,997.2,1,4,4,2,2
JOLINA,2021,5,MASBATE,CAWAYAN,92,337,7,2,0,0,4,18,22,0,0.0,MASBATE,MASBATE,50.34503929,9/6/2021,9/9/2021,103.0,120,TY,95.6,143.61,997.2,1,4,4,2,2
JOLINA,2021,5,MASBATE,ESPERANZA,16,47,3,0,0,0,0,0,0,0,0.0,MASBATE,MASBATE,74.95432486,9/6/2021,9/9/2021,103.0,120,TY,95.6,143.61,997.2,1,4,4,2,2
JOLINA,2021,5,MASBATE,MASBATE CITY,867,4335,25,0,0,0,107,630,737,0,0.0,MASBATE,MASBATE,7.357577836,9/6/2021,9/9/2021,103.0,120,TY,95.6,143.61,997.2,1,4,4,2,2
JOLINA,2021,5,MASBATE,MOBO,1008,5644,14,0,0,0,88,382,470,0,0.0,MASBATE,MASBATE,11.29564539,9/6/2021,9/9/2021,103.0,120,TY,95.6,143.61,997.2,1,4,4,2,2
JOLINA,2021,5,MASBATE,MONREAL,7,38,2,0,0,0,0,0,0,0,0.0,MASBATE,MASBATE,25.57285072,9/6/2021,9/9/2021,103.0,120,TY,95.6,143.61,997.2,1,4,4,2,2
JOLINA,2021,5,MASBATE,PALANAS,355,1705,13,0,0,0,33,258,291,0,0.0,MASBATE,MASBATE,41.91139669,9/6/2021,9/9/2021,103.0,120,TY,95.6,143.61,997.2,1,4,4,2,2
JOLINA,2021,5,MASBATE,PIO V CORPUZ,583,2012,11,0,0,0,0,0,0,0,0.0,MASBATE,MASBATE,73.01773625,9/6/2021,9/9/2021,103.0,120,TY,95.6,143.61,997.2,1,4,4,2,2
JOLINA,2021,5,MASBATE,PLACER,0,0,0,1,0,0,0,0,0,0,0.0,MASBATE,MASBATE,54.32910375,9/6/2021,9/9/2021,103.0,120,TY,95.6,143.61,997.2,1,4,4,2,2
JOLINA,2021,5,MASBATE,SAN FERNANDO,16,78,2,0,0,0,0,0,0,0,0.0,MASBATE,MASBATE,16.61247962,9/6/2021,9/9/2021,103.0,120,TY,95.6,143.61,997.2,1,4,4,2,2
JOLINA,2021,5,MASBATE,SAN JACINTO,56,217,4,0,0,0,0,0,0,0,0.0,MASBATE,MASBATE,21.47576285,9/6/2021,9/9/2021,103.0,120,TY,95.6,143.61,997.2,1,4,4,2,2
JOLINA,2021,5,MASBATE,SAN PASCUAL,3047,12718,16,0,0,0,0,0,0,0,0.0,LEGAZPI CITY,ALBAY,77.71023111,9/6/2021,9/9/2021,103.0,120,TY,49.3,108.0,1004.5,1,4,4,2,2
JOLINA,2021,5,MASBATE,USON,621,2752,25,0,0,0,92,410,502,0,0.0,MASBATE,MASBATE,24.87394104,9/6/2021,9/9/2021,103.0,120,TY,95.6,143.61,997.2,1,4,4,2,2
ODETTE,2021,5,MASBATE,AROROY,83,373,3,0,0,0,0,0,0,0,0.0,MASBATE,MASBATE,45.52889672,12/14/2021,12/18/2021,91.0,195,STY,15.6,21.2,1002.9,1,5,5,2,2
ODETTE,2021,5,MASBATE,BALENO,23,62,1,0,0,0,0,0,0,0,0.0,MASBATE,MASBATE,17.11096635,12/14/2021,12/18/2021,91.0,195,STY,15.6,21.2,1002.9,1,5,5,2,2
ODETTE,2021,5,MASBATE,CATAINGAN,64,206,1,0,0,0,0,0,0,0,0.0,MASBATE,MASBATE,55.29871233,12/14/2021,12/18/2021,91.0,195,STY,15.6,21.2,1002.9,1,5,5,2,2
ODETTE,2021,5,MASBATE,ESPERANZA,585,1706,15,0,0,0,0,0,0,0,0.0,MASBATE,MASBATE,74.95432486,12/14/2021,12/18/2021,91.0,195,STY,15.6,21.2,1002.9,1,5,5,2,2
ODETTE,2021,5,MASBATE,MASBATE CITY,7,32,1,0,0,0,0,0,0,0,0.0,MASBATE,MASBATE,7.357577836,12/14/2021,12/18/2021,91.0,195,STY,15.6,21.2,1002.9,1,5,5,2,2
ODETTE,2021,5,MASBATE,PALANAS,53,193,3,0,0,0,0,0,0,0,0.0,MASBATE,MASBATE,41.91139669,12/14/2021,12/18/2021,91.0,195,STY,15.6,21.2,1002.9,1,5,5,2,2
ODETTE,2021,5,MASBATE,PIO V CORPUZ,66,248,2,0,0,0,0,0,0,0,0.0,MASBATE,MASBATE,73.01773625,12/14/2021,12/18/2021,91.0,195,STY,15.6,21.2,1002.9,1,5,5,2,2
ODETTE,2021,5,MASBATE,PLACER,29,120,3,0,0,0,0,0,0,0,0.0,MASBATE,MASBATE,54.32910375,12/14/2021,12/18/2021,91.0,195,STY,15.6,21.2,1002.9,1,5,5,2,2
ODETTE,2021,5,MASBATE,SAN JACINTO,36,143,2,0,0,0,0,0,0,0,0.0,MASBATE,MASBATE,21.47576285,12/14/2021,12/18/2021,91.0,195,STY,15.6,21.2,1002.9,1,5,5,2,2
ODETTE,2021,5,MASBATE,USON,4,13,1,0,0,0,0,0,0,0,0.0,MASBATE,MASBATE,24.87394104,12/14/2021,12/18/2021,91.0,195,STY,15.6,21.2,1002.9,1,5,5,2,2
PAENG,2022,5,MASBATE,AROROY,184,682,7,0,0,0,0,0,0,0,0.0,MASBATE,MASBATE,45.52889672,10/26/2022,10/31/2022,124.7,110,STS,77.6,208.6,991.7,1,6,6,2,2
PAENG,2022,5,MASBATE,BALENO,18,58,2,0,0,0,0,1,1,0,0.0,MASBATE,MASBATE,17.11096635,10/26/2022,10/31/2022,124.7,110,STS,77.6,208.6,991.7,1,6,6,2,2
PAENG,2022,5,MASBATE,BALUD,45,161,5,0,0,0,0,6,6,0,0.0,MASBATE,MASBATE,46.74052299,10/26/2022,10/31/2022,124.7,110,STS,77.6,208.6,991.7,1,6,6,2,2
PAENG,2022,5,MASBATE,BATUAN,17,55,3,0,0,0,0,6,6,0,0.0,MASBATE,MASBATE,15.45927441,10/26/2022,10/31/2022,124.7,110,STS,77.6,208.6,991.7,1,6,6,2,2
PAENG,2022,5,MASBATE,CATAINGAN,0,0,0,0,0,0,0,0,0,0,0.0,MASBATE,MASBATE,55.29871233,10/26/2022,10/31/2022,124.7,110,STS,77.6,208.6,991.7,1,6,6,2,2
PAENG,2022,5,MASBATE,CAWAYAN,0,0,0,0,0,0,0,0,0,0,0.0,MASBATE,MASBATE,50.34503929,10/26/2022,10/31/2022,124.7,110,STS,77.6,208.6,991.7,1,6,6,2,2
PAENG,2022,5,MASBATE,CLAVERIA,74,307,5,0,0,0,0,0,0,0,0.0,LEGAZPI CITY,ALBAY,58.16925099,10/26/2022,10/31/2022,124.7,110,STS,108.8,202.6,988.7,1,6,6,2,2
PAENG,2022,5,MASBATE,DIMASALANG,0,0,0,0,0,0,0,0,0,0,0.0,MASBATE,MASBATE,33.38633305,10/26/2022,10/31/2022,124.7,110,STS,77.6,208.6,991.7,1,6,6,2,2
PAENG,2022,5,MASBATE,ESPERANZA,62,188,4,0,0,0,0,1,1,0,0.0,MASBATE,MASBATE,74.95432486,10/26/2022,10/31/2022,124.7,110,STS,77.6,208.6,991.7,1,6,6,2,2
PAENG,2022,5,MASBATE,MANDAON,0,0,0,0,0,0,0,0,0,0,0.0,MASBATE,MASBATE,42.83492295,10/26/2022,10/31/2022,124.7,110,STS,77.6,208.6,991.7,1,6,6,2,2
PAENG,2022,5,MASBATE,MASBATE CITY,106,477,3,0,0,0,0,0,0,0,0.0,MASBATE,MASBATE,7.357577836,10/26/2022,10/31/2022,124.7,110,STS,77.6,208.6,991.7,1,6,6,2,2
PAENG,2022,5,MASBATE,MILAGROS,267,1335,7,0,0,0,0,43,43,0,0.0,MASBATE,MASBATE,32.53212989,10/26/2022,10/31/2022,124.7,110,STS,77.6,208.6,991.7,1,6,6,2,2
PAENG,2022,5,MASBATE,MOBO,137,659,7,0,0,0,0,5,5,0,0.0,MASBATE,MASBATE,11.29564539,10/26/2022,10/31/2022,124.7,110,STS,77.6,208.6,991.7,1,6,6,2,2
PAENG,2022,5,MASBATE,MONREAL,177,805,5,0,0,0,0,7,7,0,0.0,MASBATE,MASBATE,25.57285072,10/26/2022,10/31/2022,124.7,110,STS,77.6,208.6,991.7,1,6,6,2,2
PAENG,2022,5,MASBATE,PALANAS,83,275,5,0,0,0,0,12,12,0,0.0,MASBATE,MASBATE,41.91139669,10/26/2022,10/31/2022,124.7,110,STS,77.6,208.6,991.7,1,6,6,2,2
PAENG,2022,5,MASBATE,PIO V CORPUZ,186,592,5,0,0,0,0,0,0,0,0.0,MASBATE,MASBATE,73.01773625,10/26/2022,10/31/2022,124.7,110,STS,77.6,208.6,991.7,1,6,6,2,2
PAENG,2022,5,MASBATE,PLACER,0,0,0,0,0,0,0,0,0,0,0.0,MASBATE,MASBATE,54.32910375,10/26/2022,10/31/2022,124.7,110,STS,77.6,208.6,991.7,1,6,6,2,2
PAENG,2022,5,MASBATE,SAN FERNANDO,17,56,1,0,0,0,0,0,0,0,0.0,MASBATE,MASBATE,16.61247962,10/26/2022,10/31/2022,124.7,110,STS,77.6,208.6,991.7,1,6,6,2,2
PAENG,2022,5,MASBATE,SAN JACINTO,36,157,1,0,0,0,0,0,0,0,0.0,MASBATE,MASBATE,21.47576285,10/26/2022,10/31/2022,124.7,110,STS,77.6,208.6,991.7,1,6,6,2,2
PAENG,2022,5,MASBATE,SAN PASCUAL,2002,7076,12,0,0,0,0,0,0,0,0.0,LEGAZPI CITY,ALBAY,77.71023111,10/26/2022,10/31/2022,124.7,110,STS,108.8,202.6,988.7,1,6,6,2,2
PAENG,2022,5,MASBATE,USON,11,57,2,0,0,0,0,0,0,0,0.0,MASBATE,MASBATE,24.87394104,10/26/2022,10/31/2022,124.7,110,STS,77.6,208.6,991.7,1,6,6,2,2
QUINTA,2020,5,MASBATE,AROROY,0,0,0,0,0,0,0,0,0,0,0.0,MASBATE,MASBATE,45.52889672,10/23/2020,10/27/2020,71.0,150,TY,72.8,106.2,998.5,1,5,5,2,2
QUINTA,2020,5,MASBATE,BALENO,30,123,1,0,0,0,0,0,0,0,0.0,MASBATE,MASBATE,17.11096635,10/23/2020,10/27/2020,71.0,150,TY,72.8,106.2,998.5,1,5,5,2,2
QUINTA,2020,5,MASBATE,BALUD,0,0,0,0,0,0,0,0,0,0,0.0,MASBATE,MASBATE,46.74052299,10/23/2020,10/27/2020,71.0,150,TY,72.8,106.2,998.5,1,5,5,2,2
QUINTA,2020,5,MASBATE,BATUAN,8,38,2,0,0,0,0,0,0,0,0.0,MASBATE,MASBATE,15.45927441,10/23/2020,10/27/2020,71.0,150,TY,72.8,106.2,998.5,1,5,5,2,2
QUINTA,2020,5,MASBATE,CATAINGAN,16,53,1,0,0,0,0,0,0,0,0.0,MASBATE,MASBATE,55.29871233,10/23/2020,10/27/2020,71.0,150,TY,72.8,106.2,998.5,1,5,5,2,2
QUINTA,2020,5,MASBATE,CAWAYAN,289,1221,17,0,0,0,0,2,2,0,0.0,MASBATE,MASBATE,50.34503929,10/23/2020,10/27/2020,71.0,150,TY,72.8,106.2,998.5,1,5,5,2,2
QUINTA,2020,5,MASBATE,CLAVERIA,68,318,5,0,0,0,0,3,3,0,0.0,LEGAZPI CITY,ALBAY,58.16925099,10/23/2020,10/27/2020,71.0,150,TY,282.7,301.8,981.6,1,5,5,2,2
QUINTA,2020,5,MASBATE,DIMASALANG,0,0,0,0,0,0,0,0,0,0,0.0,MASBATE,MASBATE,33.38633305,10/23/2020,10/27/2020,71.0,150,TY,72.8,106.2,998.5,1,5,5,2,2
QUINTA,2020,5,MASBATE,ESPERANZA,259,1063,14,0,0,0,0,0,0,0,0.0,MASBATE,MASBATE,74.95432486,10/23/2020,10/27/2020,71.0,150,TY,72.8,106.2,998.5,1,5,5,2,2
QUINTA,2020,5,MASBATE,MANDAON,0,0,0,0,0,0,0,0,0,0,0.0,MASBATE,MASBATE,42.83492295,10/23/2020,10/27/2020,71.0,150,TY,72.8,106.2,998.5,1,5,5,2,2
QUINTA,2020,5,MASBATE,MASBATE CITY,0,0,0,0,0,0,0,0,0,0,0.0,MASBATE,MASBATE,7.357577836,10/23/2020,10/27/2020,71.0,150,TY,72.8,106.2,998.5,1,5,5,2,2
QUINTA,2020,5,MASBATE,MILAGROS,0,0,0,0,0,0,0,0,0,0,0.0,MASBATE,MASBATE,32.53212989,10/23/2020,10/27/2020,71.0,150,TY,72.8,106.2,998.5,1,5,5,2,2
QUINTA,2020,5,MASBATE,MOBO,0,0,0,0,0,0,0,0,0,0,0.0,MASBATE,MASBATE,11.29564539,10/23/2020,10/27/2020,71.0,150,TY,72.8,106.2,998.5,1,5,5,2,2
QUINTA,2020,5,MASBATE,MONREAL,72,322,3,0,0,0,0,0,0,0,0.0,MASBATE,MASBATE,25.57285072,10/23/2020,10/27/2020,71.0,150,TY,72.8,106.2,998.5,1,5,5,2,2
QUINTA,2020,5,MASBATE,PALANAS,101,347,4,0,0,0,0,0,0,0,0.0,MASBATE,MASBATE,41.91139669,10/23/2020,10/27/2020,71.0,150,TY,72.8,106.2,998.5,1,5,5,2,2
QUINTA,2020,5,MASBATE,PIO V CORPUZ,98,340,6,0,0,0,0,0,0,0,0.0,MASBATE,MASBATE,73.01773625,10/23/2020,10/27/2020,71.0,150,TY,72.8,106.2,998.5,1,5,5,2,2
QUINTA,2020,5,MASBATE,PLACER,0,0,0,0,0,0,0,0,0,0,0.0,MASBATE,MASBATE,54.32910375,10/23/2020,10/27/2020,71.0,150,TY,72.8,106.2,998.5,1,5,5,2,2
QUINTA,2020,5,MASBATE,SAN FERNANDO,29,123,1,0,0,0,0,0,0,0,0.0,MASBATE,MASBATE,16.61247962,10/23/2020,10/27/2020,71.0,150,TY,72.8,106.2,998.5,1,5,5,2,2
QUINTA,2020,5,MASBATE,SAN JACINTO,209,639,6,0,0,0,0,0,0,0,0.0,MASBATE,MASBATE,21.47576285,10/23/2020,10/27/2020,71.0,150,TY,72.8,106.2,998.5,1,5,5,2,2
QUINTA,2020,5,MASBATE,SAN PASCUAL,2916,12427,12,0,0,0,188,1508,1696,0,0.0,LEGAZPI CITY,ALBAY,77.71023111,10/23/2020,10/27/2020,71.0,150,TY,282.7,301.8,981.6,1,5,5,2,2
QUINTA,2020,5,MASBATE,USON,34,128,7,0,0,0,0,0,0,0,0.0,MASBATE,MASBATE,24.87394104,10/23/2020,10/27/2020,71.0,150,TY,72.8,106.2,998.5,1,5,5,2,2
ROLLY,2020,5,MASBATE,AROROY,99,294,4,0,0,0,0,0,0,0,0.0,MASBATE,MASBATE,45.52889672,10/29/2020,11/3/2020,122.0,225,STY,39.6,55.82,1000.6,1,6,6,2,2
ROLLY,2020,5,MASBATE,BALENO,39,123,2,0,0,0,0,0,0,0,36000.0,MASBATE,MASBATE,17.11096635,10/29/2020,11/3/2020,122.0,225,STY,39.6,55.82,1000.6,1,6,6,2,2
ROLLY,2020,5,MASBATE,BALUD,177,758,14,0,0,0,0,0,0,0,0.0,MASBATE,MASBATE,46.74052299,10/29/2020,11/3/2020,122.0,225,STY,39.6,55.82,1000.6,1,6,6,2,2
ROLLY,2020,5,MASBATE,BATUAN,103,360,7,0,0,0,0,0,0,0,0.0,MASBATE,MASBATE,15.45927441,10/29/2020,11/3/2020,122.0,225,STY,39.6,55.82,1000.6,1,6,6,2,2
ROLLY,2020,5,MASBATE,CATAINGAN,14,53,1,0,0,0,0,0,0,0,0.0,MASBATE,MASBATE,55.29871233,10/29/2020,11/3/2020,122.0,225,STY,39.6,55.82,1000.6,1,6,6,2,2
ROLLY,2020,5,MASBATE,CAWAYAN,286,1258,12,0,0,0,0,0,0,0,0.0,MASBATE,MASBATE,50.34503929,10/29/2020,11/3/2020,122.0,225,STY,39.6,55.82,1000.6,1,6,6,2,2
ROLLY,2020,5,MASBATE,CLAVERIA,932,3166,9,0,0,0,0,2,2,0,0.0,LEGAZPI CITY,ALBAY,58.16925099,10/29/2020,11/3/2020,122.0,225,STY,166.7,287.9,981.0,1,6,6,2,2
ROLLY,2020,5,MASBATE,ESPERANZA,471,1753,12,0,0,0,0,0,0,0,0.0,MASBATE,MASBATE,74.95432486,10/29/2020,11/3/2020,122.0,225,STY,39.6,55.82,1000.6,1,6,6,2,2
ROLLY,2020,5,MASBATE,MANDAON,69,210,4,0,0,0,0,0,0,0,0.0,MASBATE,MASBATE,42.83492295,10/29/2020,11/3/2020,122.0,225,STY,39.6,55.82,1000.6,1,6,6,2,2
ROLLY,2020,5,MASBATE,MASBATE CITY,11,55,1,0,0,0,0,0,0,0,0.0,MASBATE,MASBATE,7.357577836,10/29/2020,11/3/2020,122.0,225,STY,39.6,55.82,1000.6,1,6,6,2,2
ROLLY,2020,5,MASBATE,MILAGROS,405,1963,9,0,0,0,0,0,0,0,0.0,MASBATE,MASBATE,32.53212989,10/29/2020,11/3/2020,122.0,225,STY,39.6,55.82,1000.6,1,6,6,2,2
ROLLY,2020,5,MASBATE,MOBO,118,474,4,0,0,0,0,0,0,0,53100.0,MASBATE,MASBATE,11.29564539,10/29/2020,11/3/2020,122.0,225,STY,39.6,55.82,1000.6,1,6,6,2,2
ROLLY,2020,5,MASBATE,MONREAL,458,2068,8,0,0,0,0,0,0,0,0.0,MASBATE,MASBATE,25.57285072,10/29/2020,11/3/2020,122.0,225,STY,39.6,55.82,1000.6,1,6,6,2,2
ROLLY,2020,5,MASBATE,PALANAS,134,527,8,0,0,0,0,0,0,0,0.0,MASBATE,MASBATE,41.91139669,10/29/2020,11/3/2020,122.0,225,STY,39.6,55.82,1000.6,1,6,6,2,2
ROLLY,2020,5,MASBATE,PIO V CORPUZ,498,1773,11,0,0,0,0,0,0,0,0.0,MASBATE,MASBATE,73.01773625,10/29/2020,11/3/2020,122.0,225,STY,39.6,55.82,1000.6,1,6,6,2,2
ROLLY,2020,5,MASBATE,SAN FERNANDO,191,775,12,0,0,0,0,0,0,0,14430.0,MASBATE,MASBATE,16.61247962,10/29/2020,11/3/2020,122.0,225,STY,39.6,55.82,1000.6,1,6,6,2,2
ROLLY,2020,5,MASBATE,SAN JACINTO,205,760,7,0,0,0,0,0,0,0,0.0,MASBATE,MASBATE,21.47576285,10/29/2020,11/3/2020,122.0,225,STY,39.6,55.82,1000.6,1,6,6,2,2
ROLLY,2020,5,MASBATE,SAN PASCUAL,5763,24819,17,0,0,0,0,0,0,0,0.0,LEGAZPI CITY,ALBAY,77.71023111,10/29/2020,11/3/2020,122.0,225,STY,166.7,287.9,981.0,1,6,6,2,2
ROLLY,2020,5,MASBATE,USON,62,218,5,0,0,0,0,0,0,0,62500.0,MASBATE,MASBATE,24.87394104,10/29/2020,11/3/2020,122.0,225,STY,39.6,55.82,1000.6,1,6,6,2,2
AGATON,2022,5,SORSOGON,JUBAN,0,0,0,0,0,0,0,0,0,0,0.0,JUBAN,SORSOGON,4.455329035,4/9/2022,4/12/2022,78.0,75,TS,138.0,199.6,1003.0,1,4,4,2,2
AGATON,2022,5,SORSOGON,MATNOG,0,0,0,0,0,0,0,0,0,1244,553038.2,JUBAN,SORSOGON,35.65157298,4/9/2022,4/12/2022,78.0,75,TS,138.0,199.6,1003.0,1,4,4,2,2
AGATON,2022,5,SORSOGON,PILAR,0,0,0,0,0,0,0,0,0,0,47250.0,LEGAZPI CITY,ALBAY,27.73766198,4/9/2022,4/12/2022,78.0,75,TS,84.2,172.4,1002.7,1,4,4,2,2
AMANG,2023,5,SORSOGON,MATNOG,0,0,0,0,0,0,0,0,0,500,240000.0,JUBAN,SORSOGON,35.65157298,4/11/2023,4/13/2023,60.0,55,TD,80.4,84.8,1004.5,1,3,3,2,2
AMBO,2020,5,SORSOGON,BARCELONA,988,3566,25,0,0,0,59,2,61,0,0.0,JUBAN,SORSOGON,14.06569061,5/10/2020,5/17/2020,198.0,155,TY,260.8,278.8,1000.0,1,8,8,2,2
AMBO,2020,5,SORSOGON,BULAN,5089,20207,52,0,0,0,32,318,350,0,0.0,JUBAN,SORSOGON,19.80504297,5/10/2020,5/17/2020,198.0,155,TY,260.8,278.8,1000.0,1,8,8,2,2
AMBO,2020,5,SORSOGON,BULUSAN,1182,1302,19,0,0,0,2,607,609,0,0.0,JUBAN,SORSOGON,16.23266905,5/10/2020,5/17/2020,198.0,155,TY,260.8,278.8,1000.0,1,8,8,2,2
AMBO,2020,5,SORSOGON,CASIGURAN,3102,10935,25,0,0,0,0,0,0,0,0.0,JUBAN,SORSOGON,6.183404627,5/10/2020,5/17/2020,198.0,155,TY,260.8,278.8,1000.0,1,8,8,2,2
AMBO,2020,5,SORSOGON,CASTILLA,1773,5378,19,0,0,0,0,0,0,0,0.0,JUBAN,SORSOGON,24.10486478,5/10/2020,5/17/2020,198.0,155,TY,260.8,278.8,1000.0,1,8,8,2,2
AMBO,2020,5,SORSOGON,DONSOL,2054,8451,2,0,0,0,1,244,245,0,0.0,LEGAZPI CITY,ALBAY,25.64203873,5/10/2020,5/17/2020,198.0,155,TY,117.4,181.21,1001.8,1,8,8,2,2
AMBO,2020,5,SORSOGON,GUBAT,1153,3384,12,0,0,0,0,0,0,0,0.0,JUBAN,SORSOGON,15.67885908,5/10/2020,5/17/2020,198.0,155,TY,260.8,278.8,1000.0,1,8,8,2,2
AMBO,2020,5,SORSOGON,IROSIN,1390,5893,23,0,0,0,123,1332,1455,0,0.0,JUBAN,SORSOGON,15.6565474,5/10/2020,5/17/2020,198.0,155,TY,260.8,278.8,1000.0,1,8,8,2,2
AMBO,2020,5,SORSOGON,JUBAN,924,3433,14,0,0,0,0,0,0,0,0.0,JUBAN,SORSOGON,4.455329035,5/10/2020,5/17/2020,198.0,155,TY,260.8,278.8,1000.0,1,8,8,2,2
AMBO,2020,5,SORSOGON,MAGALLANES,961,3700,12,0,0,0,6,62,68,0,0.0,JUBAN,SORSOGON,21.3218526,5/10/2020,5/17/2020,198.0,155,TY,260.8,278.8,1000.0,1,8,8,2,2
AMBO,2020,5,SORSOGON,MATNOG,705,2107,20,0,0,0,9,8,17,0,0.0,JUBAN,SORSOGON,35.65157298,5/10/2020,5/17/2020,198.0,155,TY,260.8,278.8,1000.0,1,8,8,2,2
AMBO,2020,5,SORSOGON,PILAR,4996,20180,44,0,0,0,0,0,0,0,0.0,LEGAZPI CITY,ALBAY,27.73766198,5/10/2020,5/17/2020,198.0,155,TY,117.4,181.21,1001.8,1,8,8,2,2
AMBO,2020,5,SORSOGON,PRIETO DIAZ,2871,10493,23,0,0,0,0,2280,2280,0,0.0,JUBAN,SORSOGON,28.28597206,5/10/2020,5/17/2020,198.0,155,TY,260.8,278.8,1000.0,1,8,8,2,2
AMBO,2020,5,SORSOGON,SANTA MAGDALENA,1418,7090,14,0,0,0,50,569,619,0,0.0,JUBAN,SORSOGON,24.07427718,5/10/2020,5/17/2020,198.0,155,TY,260.8,278.8,1000.0,1,8,8,2,2
AMBO,2020,5,SORSOGON,SORSOGON CITY,7426,44556,64,0,0,0,0,0,0,0,0.0,JUBAN,SORSOGON,24.10577479,5/10/2020,5/17/2020,198.0,155,TY,260.8,278.8,1000.0,1,8,8,2,2
DANTE,2021,5,SORSOGON,BARCELONA,0,0,0,0,0,0,0,0,0,0,0.0,JUBAN,SORSOGON,14.06569061,5/30/2021,6/5/2021,154.0,75,TS,38.8,40.6,1003.5,1,7,7,2,2
DANTE,2021,5,SORSOGON,BULAN,0,0,0,0,0,0,0,0,0,0,0.0,JUBAN,SORSOGON,19.80504297,5/30/2021,6/5/2021,154.0,75,TS,38.8,40.6,1003.5,1,7,7,2,2
DANTE,2021,5,SORSOGON,BULUSAN,0,0,0,0,0,0,0,0,0,0,0.0,JUBAN,SORSOGON,16.23266905,5/30/2021,6/5/2021,154.0,75,TS,38.8,40.6,1003.5,1,7,7,2,2
DANTE,2021,5,SORSOGON,CASIGURAN,0,0,0,0,0,0,0,0,0,0,0.0,JUBAN,SORSOGON,6.183404627,5/30/2021,6/5/2021,154.0,75,TS,38.8,40.6,1003.5,1,7,7,2,2
DANTE,2021,5,SORSOGON,CASTILLA,0,0,0,0,0,0,0,0,0,0,0.0,JUBAN,SORSOGON,24.10486478,5/30/2021,6/5/2021,154.0,75,TS,38.8,40.6,1003.5,1,7,7,2,2
DANTE,2021,5,SORSOGON,DONSOL,0,0,0,0,0,0,0,0,0,0,0.0,LEGAZPI CITY,ALBAY,25.64203873,5/30/2021,6/5/2021,154.0,75,TS,50.0,61.4,1003.5,1,7,7,2,2
DANTE,2021,5,SORSOGON,GUBAT,0,0,0,0,0,0,0,0,0,0,0.0,JUBAN,SORSOGON,15.67885908,5/30/2021,6/5/2021,154.0,75,TS,38.8,40.6,1003.5,1,7,7,2,2
DANTE,2021,5,SORSOGON,IROSIN,5,9,1,0,0,0,0,0,0,0,0.0,JUBAN,SORSOGON,15.6565474,5/30/2021,6/5/2021,154.0,75,TS,38.8,40.6,1003.5,1,7,7,2,2
DANTE,2021,5,SORSOGON,JUBAN,102,342,6,0,0,0,0,0,0,0,0.0,JUBAN,SORSOGON,4.455329035,5/30/2021,6/5/2021,154.0,75,TS,38.8,40.6,1003.5,1,7,7,2,2
DANTE,2021,5,SORSOGON,MAGALLANES,0,0,0,0,0,0,0,0,0,0,0.0,JUBAN,SORSOGON,21.3218526,5/30/2021,6/5/2021,154.0,75,TS,38.8,40.6,1003.5,1,7,7,2,2
DANTE,2021,5,SORSOGON,MATNOG,0,0,0,0,0,0,0,0,0,0,0.0,JUBAN,SORSOGON,35.65157298,5/30/2021,6/5/2021,154.0,75,TS,38.8,40.6,1003.5,1,7,7,2,2
DANTE,2021,5,SORSOGON,PILAR,0,0,0,0,0,0,0,0,0,0,0.0,LEGAZPI CITY,ALBAY,27.73766198,5/30/2021,6/5/2021,154.0,75,TS,50.0,61.4,1003.5,1,7,7,2,2
DANTE,2021,5,SORSOGON,PRIETO DIAZ,0,0,0,0,0,0,0,0,0,0,0.0,JUBAN,SORSOGON,28.28597206,5/30/2021,6/5/2021,154.0,75,TS,38.8,40.6,1003.5,1,7,7,2,2
DANTE,2021,5,SORSOGON,SANTA MAGDALENA,27,97,4,0,0,0,0,0,0,0,0.0,JUBAN,SORSOGON,24.07427718,5/30/2021,6/5/2021,154.0,75,TS,38.8,40.6,1003.5,1,7,7,2,2
DANTE,2021,5,SORSOGON,SORSOGON CITY,1,4,1,0,0,0,0,0,0,0,0.0,JUBAN,SORSOGON,24.10577479,5/30/2021,6/5/2021,154.0,75,TS,38.8,40.6,1003.5,1,7,7,2,2
JOLINA,2021,5,SORSOGON,IROSIN,40,186,7,0,0,0,0,0,0,0,0.0,JUBAN,SORSOGON,15.6565474,9/6/2021,9/9/2021,103.0,120,TY,71.0,135.8,1004.3,1,4,4,2,2
OFEL,2020,5,SORSOGON,CASIGURAN,14,59,1,0,0,0,0,0,0,0,0.0,JUBAN,SORSOGON,6.183404627,10/13/2020,10/16/2020,61.0,45,TD,106.0,134.0,1004.2,1,4,4,2,2
PAENG,2022,5,SORSOGON,BARCELONA,183,641,11,0,0,0,0,0,0,0,0.0,JUBAN,SORSOGON,14.06569061,10/26/2022,10/31/2022,124.7,110,STS,208.0,377.21,991.2,1,6,6,2,2
PAENG,2022,5,SORSOGON,BULAN,23,139,5,0,0,0,0,0,0,0,0.0,JUBAN,SORSOGON,19.80504297,10/26/2022,10/31/2022,124.7,110,STS,208.0,377.21,991.2,1,6,6,2,2
PAENG,2022,5,SORSOGON,BULUSAN,139,524,9,0,0,0,0,0,0,0,0.0,JUBAN,SORSOGON,16.23266905,10/26/2022,10/31/2022,124.7,110,STS,208.0,377.21,991.2,1,6,6,2,2
PAENG,2022,5,SORSOGON,CASIGURAN,89,326,12,0,0,0,0,0,0,0,0.0,JUBAN,SORSOGON,6.183404627,10/26/2022,10/31/2022,124.7,110,STS,208.0,377.21,991.2,1,6,6,2,2
PAENG,2022,5,SORSOGON,CASTILLA,53,187,6,1,0,0,0,0,0,0,0.0,JUBAN,SORSOGON,24.10486478,10/26/2022,10/31/2022,124.7,110,STS,208.0,377.21,991.2,1,6,6,2,2
PAENG,2022,5,SORSOGON,DONSOL,112,458,6,0,0,0,0,0,0,0,0.0,LEGAZPI CITY,ALBAY,25.64203873,10/26/2022,10/31/2022,124.7,110,STS,108.8,202.6,988.7,1,6,6,2,2
PAENG,2022,5,SORSOGON,GUBAT,168,632,13,0,0,0,0,0,0,0,0.0,JUBAN,SORSOGON,15.67885908,10/26/2022,10/31/2022,124.7,110,STS,208.0,377.21,991.2,1,6,6,2,2
PAENG,2022,5,SORSOGON,IROSIN,144,579,13,0,0,0,0,0,0,0,0.0,JUBAN,SORSOGON,15.6565474,10/26/2022,10/31/2022,124.7,110,STS,208.0,377.21,991.2,1,6,6,2,2
PAENG,2022,5,SORSOGON,JUBAN,241,815,9,0,0,0,0,0,0,0,0.0,JUBAN,SORSOGON,4.455329035,10/26/2022,10/31/2022,124.7,110,STS,208.0,377.21,991.2,1,6,6,2,2
PAENG,2022,5,SORSOGON,MAGALLANES,75,321,5,0,0,0,0,0,0,0,0.0,JUBAN,SORSOGON,21.3218526,10/26/2022,10/31/2022,124.7,110,STS,208.0,377.21,991.2,1,6,6,2,2
PAENG,2022,5,SORSOGON,MATNOG,0,0,0,0,0,0,0,0,0,0,0.0,JUBAN,SORSOGON,35.65157298,10/26/2022,10/31/2022,124.7,110,STS,208.0,377.21,991.2,1,6,6,2,2
PAENG,2022,5,SORSOGON,PILAR,0,0,0,0,0,0,0,0,0,0,0.0,LEGAZPI CITY,ALBAY,27.73766198,10/26/2022,10/31/2022,124.7,110,STS,108.8,202.6,988.7,1,6,6,2,2
PAENG,2022,5,SORSOGON,PRIETO DIAZ,1650,5669,20,0,0,0,0,0,0,0,0.0,JUBAN,SORSOGON,28.28597206,10/26/2022,10/31/2022,124.7,110,STS,208.0,377.21,991.2,1,6,6,2,2
PAENG,2022,5,SORSOGON,SANTA MAGDALENA,163,654,9,0,0,0,0,0,0,0,0.0,JUBAN,SORSOGON,24.07427718,10/26/2022,10/31/2022,124.7,110,STS,208.0,377.21,991.2,1,6,6,2,2
PAENG,2022,5,SORSOGON,SORSOGON CITY,246,919,12,1,3,0,0,0,0,0,0.0,JUBAN,SORSOGON,24.10577479,10/26/2022,10/31/2022,124.7,110,STS,208.0,377.21,991.2,1,6,6,2,2
QUINTA,2020,5,SORSOGON,BARCELONA,283,1107,21,0,0,0,0,0,0,0,0.0,JUBAN,SORSOGON,14.06569061,10/23/2020,10/27/2020,71.0,150,TY,197.8,237.2,992.2,1,5,5,2,2
QUINTA,2020,5,SORSOGON,BULAN,289,1257,9,0,0,0,0,0,0,0,0.0,JUBAN,SORSOGON,19.80504297,10/23/2020,10/27/2020,71.0,150,TY,197.8,237.2,992.2,1,5,5,2,2
QUINTA,2020,5,SORSOGON,BULUSAN,181,703,22,0,0,0,0,0,0,0,0.0,JUBAN,SORSOGON,16.23266905,10/23/2020,10/27/2020,71.0,150,TY,197.8,237.2,992.2,1,5,5,2,2
QUINTA,2020,5,SORSOGON,CASIGURAN,153,637,7,0,0,0,0,74,74,0,0.0,JUBAN,SORSOGON,6.183404627,10/23/2020,10/27/2020,71.0,150,TY,197.8,237.2,992.2,1,5,5,2,2
QUINTA,2020,5,SORSOGON,CASTILLA,887,3041,15,0,0,0,0,0,0,0,0.0,JUBAN,SORSOGON,24.10486478,10/23/2020,10/27/2020,71.0,150,TY,197.8,237.2,992.2,1,5,5,2,2
QUINTA,2020,5,SORSOGON,DONSOL,899,3574,23,0,0,0,8,211,219,0,0.0,LEGAZPI CITY,ALBAY,25.64203873,10/23/2020,10/27/2020,71.0,150,TY,282.7,301.8,981.6,1,5,5,2,2
QUINTA,2020,5,SORSOGON,GUBAT,546,2152,17,0,0,0,0,0,0,0,0.0,JUBAN,SORSOGON,15.67885908,10/23/2020,10/27/2020,71.0,150,TY,197.8,237.2,992.2,1,5,5,2,2
QUINTA,2020,5,SORSOGON,IROSIN,236,1086,12,0,0,0,0,0,0,0,0.0,JUBAN,SORSOGON,15.6565474,10/23/2020,10/27/2020,71.0,150,TY,197.8,237.2,992.2,1,5,5,2,2
QUINTA,2020,5,SORSOGON,JUBAN,1393,5175,14,0,0,0,0,0,0,0,0.0,JUBAN,SORSOGON,4.455329035,10/23/2020,10/27/2020,71.0,150,TY,197.8,237.2,992.2,1,5,5,2,2
QUINTA,2020,5,SORSOGON,MAGALLANES,471,1913,12,0,0,0,0,0,0,0,0.0,JUBAN,SORSOGON,21.3218526,10/23/2020,10/27/2020,71.0,150,TY,197.8,237.2,992.2,1,5,5,2,2
QUINTA,2020,5,SORSOGON,MATNOG,275,1215,14,0,0,0,0,0,0,0,0.0,JUBAN,SORSOGON,35.65157298,10/23/2020,10/27/2020,71.0,150,TY,197.8,237.2,992.2,1,5,5,2,2
QUINTA,2020,5,SORSOGON,PILAR,1049,4530,18,0,5,0,0,0,0,0,0.0,LEGAZPI CITY,ALBAY,27.73766198,10/23/2020,10/27/2020,71.0,150,TY,282.7,301.8,981.6,1,5,5,2,2
QUINTA,2020,5,SORSOGON,PRIETO DIAZ,328,1094,8,0,0,0,0,40,40,0,0.0,JUBAN,SORSOGON,28.28597206,10/23/2020,10/27/2020,71.0,150,TY,197.8,237.2,992.2,1,5,5,2,2
QUINTA,2020,5,SORSOGON,SANTA MAGDALENA,165,685,10,0,0,0,0,0,0,0,0.0,JUBAN,SORSOGON,24.07427718,10/23/2020,10/27/2020,71.0,150,TY,197.8,237.2,992.2,1,5,5,2,2
QUINTA,2020,5,SORSOGON,SORSOGON CITY,1498,9148,25,0,0,0,0,0,0,0,0.0,JUBAN,SORSOGON,24.10577479,10/23/2020,10/27/2020,71.0,150,TY,197.8,237.2,992.2,1,5,5,2,2
ROLLY,2020,5,SORSOGON,BARCELONA,1109,4240,25,0,0,0,45,0,45,0,0.0,JUBAN,SORSOGON,14.06569061,10/29/2020,11/3/2020,122.0,225,STY,149.4,173.0,992.0,1,6,6,2,2
ROLLY,2020,5,SORSOGON,BULAN,2715,8054,33,0,0,0,0,0,0,0,0.0,JUBAN,SORSOGON,19.80504297,10/29/2020,11/3/2020,122.0,225,STY,149.4,173.0,992.0,1,6,6,2,2
ROLLY,2020,5,SORSOGON,BULUSAN,478,1847,18,0,0,0,0,25,25,0,0.0,JUBAN,SORSOGON,16.23266905,10/29/2020,11/3/2020,122.0,225,STY,149.4,173.0,992.0,1,6,6,2,2
ROLLY,2020,5,SORSOGON,CASIGURAN,2454,8307,24,0,0,0,111,2,113,0,550410.0,JUBAN,SORSOGON,6.183404627,10/29/2020,11/3/2020,122.0,225,STY,149.4,173.0,992.0,1,6,6,2,2
ROLLY,2020,5,SORSOGON,CASTILLA,1876,7313,25,0,0,0,25,313,338,0,0.0,JUBAN,SORSOGON,24.10486478,10/29/2020,11/3/2020,122.0,225,STY,149.4,173.0,992.0,1,6,6,2,2
ROLLY,2020,5,SORSOGON,DONSOL,3358,12618,47,0,0,0,60,1307,1367,0,0.0,LEGAZPI CITY,ALBAY,25.64203873,10/29/2020,11/3/2020,122.0,225,STY,166.7,287.9,981.0,1,6,6,2,2
ROLLY,2020,5,SORSOGON,GUBAT,1175,3631,20,0,0,0,0,8,8,0,0.0,JUBAN,SORSOGON,15.67885908,10/29/2020,11/3/2020,122.0,225,STY,149.4,173.0,992.0,1,6,6,2,2
ROLLY,2020,5,SORSOGON,IROSIN,731,2995,20,0,0,0,0,0,0,0,135845.0,JUBAN,SORSOGON,15.6565474,10/29/2020,11/3/2020,122.0,225,STY,149.4,173.0,992.0,1,6,6,2,2
ROLLY,2020,5,SORSOGON,JUBAN,3289,13036,23,0,0,0,3,48,51,0,0.0,JUBAN,SORSOGON,4.455329035,10/29/2020,11/3/2020,122.0,225,STY,149.4,173.0,992.0,1,6,6,2,2
ROLLY,2020,5,SORSOGON,MAGALLANES,1124,4592,21,0,0,0,9,113,122,0,0.0,JUBAN,SORSOGON,21.3218526,10/29/2020,11/3/2020,122.0,225,STY,149.4,173.0,992.0,1,6,6,2,2
ROLLY,2020,5,SORSOGON,MATNOG,269,1407,19,0,0,0,0,0,0,0,0.0,JUBAN,SORSOGON,35.65157298,10/29/2020,11/3/2020,122.0,225,STY,149.4,173.0,992.0,1,6,6,2,2
ROLLY,2020,5,SORSOGON,PILAR,6045,24747,47,0,0,0,82,1205,1287,0,0.0,LEGAZPI CITY,ALBAY,27.73766198,10/29/2020,11/3/2020,122.0,225,STY,166.7,287.9,981.0,1,6,6,2,2
ROLLY,2020,5,SORSOGON,PRIETO DIAZ,3105,11716,22,0,0,0,4,342,346,0,0.0,JUBAN,SORSOGON,28.28597206,10/29/2020,11/3/2020,122.0,225,STY,149.4,173.0,992.0,1,6,6,2,2
ROLLY,2020,5,SORSOGON,SANTA MAGDALENA,741,3098,14,0,0,0,0,0,0,0,0.0,JUBAN,SORSOGON,24.07427718,10/29/2020,11/3/2020,122.0,225,STY,149.4,173.0,992.0,1,6,6,2,2
ROLLY,2020,5,SORSOGON,SORSOGON CITY,10529,52559,63,0,0,0,108,4426,4534,0,164490.0,JUBAN,SORSOGON,24.10577479,10/29/2020,11/3/2020,122.0,225,STY,149.4,173.0,992.0,1,6,6,1,1
AGATON,2022,8,BILIRAN,ALMERIA,125,488,11,0,0,0,0,0,0,0,0.0,CATBALOGAN,SAMAR,53.68628516,4/9/2022,4/12/2022,78.0,75,TS,113.7,196.5,1000.6,1,4,4,0,3
AGATON,2022,8,BILIRAN,CABUCGAYAN,102,392,4,0,0,0,0,0,0,0,0.0,CATBALOGAN,SAMAR,46.51508394,4/9/2022,4/12/2022,78.0,75,TS,113.7,196.5,1000.6,1,4,4,0,3
AGATON,2022,8,BILIRAN,CAIBIRAN,6513,24167,17,0,0,0,4,19,23,0,0.0,CATBALOGAN,SAMAR,43.43972491,4/9/2022,4/12/2022,78.0,75,TS,113.7,196.5,1000.6,1,4,4,0,3
AGATON,2022,8,BILIRAN,CULABA,916,3601,10,0,0,0,3,103,106,400,250000.0,CATBALOGAN,SAMAR,43.79969969,4/9/2022,4/12/2022,78.0,75,TS,113.7,196.5,1000.6,1,4,4,0,3
AGATON,2022,8,BILIRAN,KAWAYAN,425,1489,7,0,0,0,0,0,0,0,0.0,CATBALOGAN,SAMAR,53.40427018,4/9/2022,4/12/2022,78.0,75,TS,113.7,196.5,1000.6,1,4,4,0,3
AGATON,2022,8,BILIRAN,NAVAL,615,2340,20,0,0,0,0,0,0,0,0.0,CATBALOGAN,SAMAR,53.74271239,4/9/2022,4/12/2022,78.0,75,TS,113.7,196.5,1000.6,1,4,4,0,3
DANTE,2021,8,BILIRAN,BILIRAN,1000,5000,0,0,0,0,1,32,33,2000,1087860.0,CATBALOGAN,SAMAR,52.75482781,5/30/2021,6/5/2021,154.0,75,TS,49.4,78.61,1000.1,1,7,7,0,3
DANTE,2021,8,BILIRAN,CABUCGAYAN,995,4975,0,0,0,0,1,3,4,0,0.0,CATBALOGAN,SAMAR,46.51508394,5/30/2021,6/5/2021,154.0,75,TS,49.4,78.61,1000.1,1,7,7,0,3
DANTE,2021,8,BILIRAN,CULABA,1,6,0,0,0,0,0,1,1,0,0.0,CATBALOGAN,SAMAR,43.79969969,5/30/2021,6/5/2021,154.0,75,TS,49.4,78.61,1000.1,1,7,7,0,3
DANTE,2021,8,BILIRAN,KAWAYAN,166,797,0,0,0,0,5,161,166,0,0.0,CATBALOGAN,SAMAR,53.40427018,5/30/2021,6/5/2021,154.0,75,TS,49.4,78.61,1000.1,1,7,7,0,3
DANTE,2021,8,BILIRAN,MARIPIPI,36,180,0,0,0,0,1,34,35,0,0.0,CATBALOGAN,SAMAR,61.31358164,5/30/2021,6/5/2021,154.0,75,TS,49.4,78.61,1000.1,1,7,7,0,3
DANTE,2021,8,BILIRAN,NAVAL,65,260,0,0,0,0,6,30,36,0,0.0,CATBALOGAN,SAMAR,53.74271239,5/30/2021,6/5/2021,154.0,75,TS,49.4,78.61,1000.1,1,7,7,0,3
DANTE,2021,8,BILIRAN,KAWAYAN,212,891,15,0,7,0,0,12,12,200,125000.0,CATBALOGAN,SAMAR,53.40427018,5/30/2021,6/5/2021,154.0,75,TS,49.4,78.61,1000.1,1,7,7,0,3
JOLINA,2021,8,BILIRAN,ALMERIA,49,245,1,0,0,0,2,3,5,0,0.0,CATBALOGAN,SAMAR,53.68628516,9/6/2021,9/9/2021,103.0,120,TY,152.1,157.3,993.4,1,4,4,0,3
JOLINA,2021,8,BILIRAN,BILIRAN,13,36,1,0,0,0,1,0,1,0,0.0,CATBALOGAN,SAMAR,52.75482781,9/6/2021,9/9/2021,103.0,120,TY,152.1,157.3,993.4,1,4,4,0,3
JOLINA,2021,8,BILIRAN,CABUCGAYAN,184,658,6,0,0,0,0,9,9,0,0.0,CATBALOGAN,SAMAR,46.51508394,9/6/2021,9/9/2021,103.0,120,TY,152.1,157.3,993.4,1,4,4,0,3
JOLINA,2021,8,BILIRAN,CAIBIRAN,14,50,1,0,2,0,0,5,5,0,0.0,CATBALOGAN,SAMAR,43.43972491,9/6/2021,9/9/2021,103.0,120,TY,152.1,157.3,993.4,1,4,4,0,3
JOLINA,2021,8,BILIRAN,CULABA,131,651,6,0,1,0,11,122,133,0,0.0,CATBALOGAN,SAMAR,43.79969969,9/6/2021,9/9/2021,103.0,120,TY,152.1,157.3,993.4,1,4,4,0,3
JOLINA,2021,8,BILIRAN,KAWAYAN,121,608,15,0,0,0,2,119,121,0,0.0,CATBALOGAN,SAMAR,53.40427018,9/6/2021,9/9/2021,103.0,120,TY,152.1,157.3,993.4,1,4,4,0,3
JOLINA,2021,8,BILIRAN,MARIPIPI,194,970,14,0,0,0,3,193,196,0,0.0,CATBALOGAN,SAMAR,61.31358164,9/6/2021,9/9/2021,103.0,120,TY,152.1,157.3,993.4,1,4,4,0,3
JOLINA,2021,8,BILIRAN,NAVAL,30,121,8,0,0,0,4,26,30,0,0.0,CATBALOGAN,SAMAR,53.74271239,9/6/2021,9/9/2021,103.0,120,TY,152.1,157.3,993.4,1,4,4,0,3
PAENG,2022,8,BILIRAN,ALMERIA,94,253,2,0,0,0,0,0,0,0,0.0,CATBALOGAN,SAMAR,53.68628516,10/26/2022,10/31/2022,124.7,110,STS,129.7,260.0,996.0,1,6,6,0,3
PAENG,2022,8,BILIRAN,BILIRAN,69,271,2,0,0,0,0,0,0,0,0.0,CATBALOGAN,SAMAR,52.75482781,10/26/2022,10/31/2022,124.7,110,STS,129.7,260.0,996.0,1,6,6,0,3
PAENG,2022,8,BILIRAN,CABUCGAYAN,264,981,1,0,0,0,0,0,0,0,0.0,CATBALOGAN,SAMAR,46.51508394,10/26/2022,10/31/2022,124.7,110,STS,129.7,260.0,996.0,1,6,6,0,3
PAENG,2022,8,BILIRAN,CAIBIRAN,157,618,1,0,0,0,0,1,1,0,0.0,CATBALOGAN,SAMAR,43.43972491,10/26/2022,10/31/2022,124.7,110,STS,129.7,260.0,996.0,1,6,6,0,3
PAENG,2022,8,BILIRAN,CULABA,131,482,4,0,0,0,0,0,0,0,0.0,CATBALOGAN,SAMAR,43.79969969,10/26/2022,10/31/2022,124.7,110,STS,129.7,260.0,996.0,1,6,6,0,3
PAENG,2022,8,BILIRAN,MARIPIPI,186,562,14,0,0,0,0,7,7,0,0.0,CATBALOGAN,SAMAR,61.31358164,10/26/2022,10/31/2022,124.7,110,STS,129.7,260.0,996.0,1,6,6,0,3
PAENG,2022,8,BILIRAN,NAVAL,413,1660,20,0,0,0,0,9,9,204,127500.0,CATBALOGAN,SAMAR,53.74271239,10/26/2022,10/31/2022,124.7,110,STS,129.7,260.0,996.0,1,6,6,0,3
QUINTA,2020,8,BILIRAN,ALMERIA,2,8,0,0,0,0,2,0,2,0,0.0,CATBALOGAN,SAMAR,53.68628516,10/23/2020,10/27/2020,71.0,150,TY,104.7,217.81,1002.2,1,5,5,0,3
QUINTA,2020,8,BILIRAN,CAIBIRAN,18,90,0,0,0,0,0,0,0,0,0.0,CATBALOGAN,SAMAR,43.43972491,10/23/2020,10/27/2020,71.0,150,TY,104.7,217.81,1002.2,1,5,5,0,3
QUINTA,2020,8,BILIRAN,NAVAL,73,301,0,0,0,0,0,0,0,0,0.0,CATBALOGAN,SAMAR,53.74271239,10/23/2020,10/27/2020,71.0,150,TY,104.7,217.81,1002.2,1,5,5,0,3
AGATON,2022,8,EASTERN SAMAR,ARTECHE,1193,4900,10,0,0,0,0,0,0,1193,745625.0,CATBALOGAN,SAMAR,70.01929864,4/9/2022,4/12/2022,78.0,75,TS,113.7,196.5,1000.6,1,4,4,0,3
AGATON,2022,8,EASTERN SAMAR,BALANGIGA,4336,21680,1,0,0,0,0,0,0,0,0.0,TACLOBAN,LEYTE,39.54748769,4/9/2022,4/12/2022,78.0,75,TS,106.0,268.6,998.8,1,4,4,0,3
AGATON,2022,8,EASTERN SAMAR,CAN AVID,120,600,1,0,0,0,0,0,0,0,0.0,BORONGAN,EASTERN SAMAR,43.64142848,4/9/2022,4/12/2022,78.0,75,TS,163.0,338.0,1000.9,1,4,4,0,3
AGATON,2022,8,EASTERN SAMAR,DOLORES,5918,24699,31,0,0,0,0,0,0,0,0.0,BORONGAN,EASTERN SAMAR,53.31970442,4/9/2022,4/12/2022,78.0,75,TS,163.0,338.0,1000.9,1,4,4,0,3
AGATON,2022,8,EASTERN SAMAR,GIPORLOS,3202,16011,1,0,0,0,0,1,1,0,0.0,GUIUAN,EASTERN SAMAR,29.06750152,4/9/2022,4/12/2022,78.0,75,TS,207.8,259.9,995.4,1,4,4,0,3
AGATON,2022,8,EASTERN SAMAR,GUIUAN,11810,47747,60,0,0,0,0,0,0,7800,4239360.0,GUIUAN,EASTERN SAMAR,29.45491373,4/9/2022,4/12/2022,78.0,75,TS,207.8,259.9,995.4,1,4,4,1,1
AGATON,2022,8,EASTERN SAMAR,HERNANI,2782,9404,13,0,0,0,0,0,0,0,0.0,BORONGAN,EASTERN SAMAR,35.88502896,4/9/2022,4/12/2022,78.0,75,TS,163.0,338.0,1000.9,1,4,4,0,3
AGATON,2022,8,EASTERN SAMAR,JIPAPAD,2806,9913,13,0,0,0,0,0,0,2780,1800000.0,CATBALOGAN,SAMAR,65.77752855,4/9/2022,4/12/2022,78.0,75,TS,113.7,196.5,1000.6,1,4,4,0,3
AGATON,2022,8,EASTERN SAMAR,LAWAAN,3893,13744,1,0,0,0,0,0,0,0,0.0,TACLOBAN,LEYTE,31.20779189,4/9/2022,4/12/2022,78.0,75,TS,106.0,268.6,998.8,1,4,4,0,3
AGATON,2022,8,EASTERN SAMAR,MASLOG,56,228,1,0,0,0,0,0,0,0,0.0,CATBALOGAN,SAMAR,48.51284481,4/9/2022,4/12/2022,78.0,75,TS,113.7,196.5,1000.6,1,4,4,0,3
AGATON,2022,8,EASTERN SAMAR,MAYDOLONG,340,1700,1,0,0,0,0,0,0,0,0.0,BORONGAN,EASTERN SAMAR,18.10990183,4/9/2022,4/12/2022,78.0,75,TS,163.0,338.0,1000.9,1,4,4,0,3
AGATON,2022,8,EASTERN SAMAR,SALCEDO,6512,24034,41,0,0,0,0,0,0,0,0.0,GUIUAN,EASTERN SAMAR,17.24912494,4/9/2022,4/12/2022,78.0,75,TS,207.8,259.9,995.4,1,4,4,0,3
AGATON,2022,8,EASTERN SAMAR,TAFT,816,3008,1,0,0,0,0,0,0,0,0.0,BORONGAN,EASTERN SAMAR,31.57366459,4/9/2022,4/12/2022,78.0,75,TS,163.0,338.0,1000.9,1,4,4,0,3
AMBO,2020,8,EASTERN SAMAR,ARTECHE,4603,18519,20,0,56,0,1416,2654,4070,4971,3104234.7,CATBALOGAN,SAMAR,70.01929864,5/10/2020,5/17/2020,198.0,155,TY,19.2,70.11,999.5,1,8,8,1,1
AMBO,2020,8,EASTERN SAMAR,CAN AVID,5774,22929,28,0,16,0,63,2889,2952,1500,823605.0,BORONGAN,EASTERN SAMAR,43.64142848,5/10/2020,5/17/2020,198.0,155,TY,15.8,70.4,1000.2,1,8,8,1,1
AMBO,2020,8,EASTERN SAMAR,DOLORES,12665,50660,46,0,20,0,0,0,0,5198,2817389.18,BORONGAN,EASTERN SAMAR,53.31970442,5/10/2020,5/17/2020,198.0,155,TY,15.8,70.4,1000.2,1,8,8,1,1
AMBO,2020,8,EASTERN SAMAR,HERNANI,40,106,1,0,0,0,0,0,0,0,0.0,BORONGAN,EASTERN SAMAR,35.88502896,5/10/2020,5/17/2020,198.0,155,TY,15.8,70.4,1000.2,1,8,8,0,3
AMBO,2020,8,EASTERN SAMAR,JIPAPAD,2387,8655,13,0,42,0,321,1808,2129,3069,1466749.0,CATBALOGAN,SAMAR,65.77752855,5/10/2020,5/17/2020,198.0,155,TY,19.2,70.11,999.5,1,8,8,1,1
AMBO,2020,8,EASTERN SAMAR,MASLOG,1363,5452,12,0,7,0,104,476,580,0,0.0,CATBALOGAN,SAMAR,48.51284481,5/10/2020,5/17/2020,198.0,155,TY,19.2,70.11,999.5,1,8,8,0,3
AMBO,2020,8,EASTERN SAMAR,ORAS,10491,41964,42,2,36,0,173,615,788,10813,5752558.91,BORONGAN,EASTERN SAMAR,60.76174259,5/10/2020,5/17/2020,198.0,155,TY,15.8,70.4,1000.2,1,8,8,1,1
AMBO,2020,8,EASTERN SAMAR,SAN POLICARPO,4753,18103,17,1,13,0,889,2650,3539,4546,2136938.22,BORONGAN,EASTERN SAMAR,66.68697813,5/10/2020,5/17/2020,198.0,155,TY,15.8,70.4,1000.2,1,8,8,1,1
AMBO,2020,8,EASTERN SAMAR,SULAT,11,42,1,0,0,0,0,3,3,0,0.0,BORONGAN,EASTERN SAMAR,21.77996856,5/10/2020,5/17/2020,198.0,155,TY,15.8,70.4,1000.2,1,8,8,0,3
AMBO,2020,8,EASTERN SAMAR,TAFT,11,43,1,0,0,0,0,0,0,0,0.0,BORONGAN,EASTERN SAMAR,31.57366459,5/10/2020,5/17/2020,198.0,155,TY,15.8,70.4,1000.2,1,8,8,0,3
DANTE,2021,8,EASTERN SAMAR,ARTECHE,4069,12771,0,0,0,0,0,0,0,0,0.0,CATBALOGAN,SAMAR,70.01929864,5/30/2021,6/5/2021,154.0,75,TS,49.4,78.61,1000.1,1,7,7,0,3
DANTE,2021,8,EASTERN SAMAR,BALANGIGA,4148,16276,0,0,0,0,0,0,0,0,0.0,TACLOBAN,LEYTE,39.54748769,5/30/2021,6/5/2021,154.0,75,TS,75.0,103.21,1002.7,1,7,7,0,3
JOLINA,2021,8,EASTERN SAMAR,BALANGIGA,4336,15921,1,0,0,0,0,87,87,0,0.0,TACLOBAN,LEYTE,39.54748769,9/6/2021,9/9/2021,103.0,120,TY,141.2,142.4,1003.3,1,4,4,0,3
JOLINA,2021,8,EASTERN SAMAR,BALANGKAYAN,2991,11370,1,0,0,0,0,0,0,0,0.0,BORONGAN,EASTERN SAMAR,22.28305888,9/6/2021,9/9/2021,103.0,120,TY,99.5,101.5,1002.9,1,4,4,0,3
JOLINA,2021,8,EASTERN SAMAR,GENERAL MACARTHUR,3284,14702,1,0,1,0,5,795,800,0,0.0,GUIUAN,EASTERN SAMAR,35.30184277,9/6/2021,9/9/2021,103.0,120,TY,150.1,150.1,991.6,1,4,4,0,3
JOLINA,2021,8,EASTERN SAMAR,GIPORLOS,1964,7856,1,0,2,0,1,65,66,0,0.0,GUIUAN,EASTERN SAMAR,29.06750152,9/6/2021,9/9/2021,103.0,120,TY,150.1,150.1,991.6,1,4,4,0,3
JOLINA,2021,8,EASTERN SAMAR,GUIUAN,476,1885,1,0,0,0,4,371,375,0,0.0,GUIUAN,EASTERN SAMAR,29.45491373,9/6/2021,9/9/2021,103.0,120,TY,150.1,150.1,991.6,1,4,4,0,3
JOLINA,2021,8,EASTERN SAMAR,HERNANI,2634,9729,8,0,0,0,36,960,996,0,0.0,BORONGAN,EASTERN SAMAR,35.88502896,9/6/2021,9/9/2021,103.0,120,TY,99.5,101.5,1002.9,1,4,4,0,3
JOLINA,2021,8,EASTERN SAMAR,LAWAAN,3787,13435,1,0,0,0,0,250,250,0,0.0,TACLOBAN,LEYTE,31.20779189,9/6/2021,9/9/2021,103.0,120,TY,141.2,142.4,1003.3,1,4,4,0,3
JOLINA,2021,8,EASTERN SAMAR,LLORENTE,5963,21306,1,0,0,1,42,1753,1795,0,0.0,BORONGAN,EASTERN SAMAR,29.54792752,9/6/2021,9/9/2021,103.0,120,TY,99.5,101.5,1002.9,1,4,4,0,3
JOLINA,2021,8,EASTERN SAMAR,MAYDOLONG,4145,15418,20,0,0,0,42,2189,2231,0,0.0,BORONGAN,EASTERN SAMAR,18.10990183,9/6/2021,9/9/2021,103.0,120,TY,99.5,101.5,1002.9,1,4,4,0,3
JOLINA,2021,8,EASTERN SAMAR,MERCEDES,1187,4748,1,0,4,0,9,241,250,0,0.0,GUIUAN,EASTERN SAMAR,6.80943955,9/6/2021,9/9/2021,103.0,120,TY,150.1,150.1,991.6,1,4,4,0,3
JOLINA,2021,8,EASTERN SAMAR,QUINAPONDAN,16291,65164,25,0,0,0,21,2167,2188,0,0.0,GUIUAN,EASTERN SAMAR,32.13012741,9/6/2021,9/9/2021,103.0,120,TY,150.1,150.1,991.6,1,4,4,1,1
JOLINA,2021,8,EASTERN SAMAR,SALCEDO,1855,6578,1,0,4,0,12,954,966,0,0.0,GUIUAN,EASTERN SAMAR,17.24912494,9/6/2021,9/9/2021,103.0,120,TY,150.1,150.1,991.6,1,4,4,0,3
JOLINA,2021,8,EASTERN SAMAR,SAN JULIAN,9,41,1,0,0,0,0,1,1,0,0.0,BORONGAN,EASTERN SAMAR,15.13883416,9/6/2021,9/9/2021,103.0,120,TY,99.5,101.5,1002.9,1,4,4,0,3
ODETTE,2021,8,EASTERN SAMAR,ARTECHE,4614,17294,20,0,0,0,0,0,0,0,0.0,CATBALOGAN,SAMAR,70.01929864,12/14/2021,12/18/2021,91.0,195,STY,66.1,79.0,1000.1,1,5,5,0,3
ODETTE,2021,8,EASTERN SAMAR,BALANGIGA,4336,15921,13,0,0,0,11,14,25,0,0.0,TACLOBAN,LEYTE,39.54748769,12/14/2021,12/18/2021,91.0,195,STY,25.6,60.0,998.1,1,5,5,0,3
ODETTE,2021,8,EASTERN SAMAR,BALANGKAYAN,607,2239,14,0,0,0,11,16,27,60,180000.0,BORONGAN,EASTERN SAMAR,22.28305888,12/14/2021,12/18/2021,91.0,195,STY,69.6,159.0,1000.1,1,5,5,0,3
ODETTE,2021,8,EASTERN SAMAR,BORONGAN CITY,1276,4782,4,0,0,0,0,0,0,0,0.0,BORONGAN,EASTERN SAMAR,7.319041334,12/14/2021,12/18/2021,91.0,195,STY,69.6,159.0,1000.1,1,5,5,0,3
ODETTE,2021,8,EASTERN SAMAR,CAN AVID,329,1645,10,0,0,0,0,0,0,0,0.0,BORONGAN,EASTERN SAMAR,43.64142848,12/14/2021,12/18/2021,91.0,195,STY,69.6,159.0,1000.1,1,5,5,0,3
ODETTE,2021,8,EASTERN SAMAR,DOLORES,443,2215,1,0,0,0,0,0,0,93,279000.0,BORONGAN,EASTERN SAMAR,53.31970442,12/14/2021,12/18/2021,91.0,195,STY,69.6,159.0,1000.1,1,5,5,0,3
ODETTE,2021,8,EASTERN SAMAR,GENERAL MACARTHUR,3496,14623,16,0,0,0,0,0,0,0,0.0,GUIUAN,EASTERN SAMAR,35.30184277,12/14/2021,12/18/2021,91.0,195,STY,30.3,92.7,995.8,1,5,5,0,3
ODETTE,2021,8,EASTERN SAMAR,GIPORLOS,3569,11402,18,0,0,0,23,112,135,0,0.0,GUIUAN,EASTERN SAMAR,29.06750152,12/14/2021,12/18/2021,91.0,195,STY,30.3,92.7,995.8,1,5,5,0,3
ODETTE,2021,8,EASTERN SAMAR,GUIUAN,5489,17488,36,0,0,0,0,7,7,0,0.0,GUIUAN,EASTERN SAMAR,29.45491373,12/14/2021,12/18/2021,91.0,195,STY,30.3,92.7,995.8,1,5,5,0,3
ODETTE,2021,8,EASTERN SAMAR,HERNANI,2707,9640,11,1,0,0,22,221,243,0,0.0,BORONGAN,EASTERN SAMAR,35.88502896,12/14/2021,12/18/2021,91.0,195,STY,69.6,159.0,1000.1,1,5,5,0,3
ODETTE,2021,8,EASTERN SAMAR,JIPAPAD,51,216,4,2,0,0,0,0,0,0,0.0,CATBALOGAN,SAMAR,65.77752855,12/14/2021,12/18/2021,91.0,195,STY,66.1,79.0,1000.1,1,5,5,0,3
ODETTE,2021,8,EASTERN SAMAR,LAWAAN,3821,13346,15,1,0,0,17,168,185,0,0.0,TACLOBAN,LEYTE,31.20779189,12/14/2021,12/18/2021,91.0,195,STY,25.6,60.0,998.1,1,5,5,0,3
ODETTE,2021,8,EASTERN SAMAR,LLORENTE,6300,25200,1,0,0,0,0,0,0,0,0.0,BORONGAN,EASTERN SAMAR,29.54792752,12/14/2021,12/18/2021,91.0,195,STY,69.6,159.0,1000.1,1,5,5,0,3
ODETTE,2021,8,EASTERN SAMAR,MASLOG,1572,7870,12,0,0,0,0,0,0,0,0.0,CATBALOGAN,SAMAR,48.51284481,12/14/2021,12/18/2021,91.0,195,STY,66.1,79.0,1000.1,1,5,5,0,3
ODETTE,2021,8,EASTERN SAMAR,MAYDOLONG,1214,4054,1,0,0,0,0,0,0,59,177000.0,BORONGAN,EASTERN SAMAR,18.10990183,12/14/2021,12/18/2021,91.0,195,STY,69.6,159.0,1000.1,1,5,5,0,3
ODETTE,2021,8,EASTERN SAMAR,MERCEDES,1725,3648,1,0,0,0,0,0,0,1000,513090.0,GUIUAN,EASTERN SAMAR,6.80943955,12/14/2021,12/18/2021,91.0,195,STY,30.3,92.7,995.8,1,5,5,0,3
ODETTE,2021,8,EASTERN SAMAR,ORAS,681,2897,23,0,0,0,0,0,0,0,0.0,BORONGAN,EASTERN SAMAR,60.76174259,12/14/2021,12/18/2021,91.0,195,STY,69.6,159.0,1000.1,1,5,5,0,3
ODETTE,2021,8,EASTERN SAMAR,QUINAPONDAN,1905,8950,1,0,0,0,0,0,0,50,150000.0,GUIUAN,EASTERN SAMAR,32.13012741,12/14/2021,12/18/2021,91.0,195,STY,30.3,92.7,995.8,1,5,5,0,3
ODETTE,2021,8,EASTERN SAMAR,SALCEDO,6429,24016,41,0,0,0,0,367,367,0,0.0,GUIUAN,EASTERN SAMAR,17.24912494,12/14/2021,12/18/2021,91.0,195,STY,30.3,92.7,995.8,1,5,5,0,3
ODETTE,2021,8,EASTERN SAMAR,SAN JULIAN,4255,21275,16,0,0,0,0,0,0,60,180000.0,BORONGAN,EASTERN SAMAR,15.13883416,12/14/2021,12/18/2021,91.0,195,STY,69.6,159.0,1000.1,1,5,5,0,3
ODETTE,2021,8,EASTERN SAMAR,SAN POLICARPO,4565,17290,17,0,0,0,0,0,0,0,0.0,BORONGAN,EASTERN SAMAR,66.68697813,12/14/2021,12/18/2021,91.0,195,STY,69.6,159.0,1000.1,1,5,5,0,3
ODETTE,2021,8,EASTERN SAMAR,SULAT,4565,16255,18,0,0,0,4,120,124,0,0.0,BORONGAN,EASTERN SAMAR,21.77996856,12/14/2021,12/18/2021,91.0,195,STY,69.6,159.0,1000.1,1,5,5,0,3
ODETTE,2021,8,EASTERN SAMAR,TAFT,267,914,1,0,0,0,0,2,2,0,0.0,BORONGAN,EASTERN SAMAR,31.57366459,12/14/2021,12/18/2021,91.0,195,STY,69.6,159.0,1000.1,1,5,5,0,3
PAENG,2022,8,EASTERN SAMAR,ARTECHE,4616,17223,1,0,0,0,0,0,0,0,0.0,CATBALOGAN,SAMAR,70.01929864,10/26/2022,10/31/2022,124.7,110,STS,129.7,260.0,996.0,1,6,6,0,3
PAENG,2022,8,EASTERN SAMAR,BALANGIGA,4591,14144,1,0,0,0,0,1,1,0,0.0,TACLOBAN,LEYTE,39.54748769,10/26/2022,10/31/2022,124.7,110,STS,87.8,155.4,995.9,1,6,6,0,3
PAENG,2022,8,EASTERN SAMAR,BALANGKAYAN,0,0,0,0,0,0,0,0,0,0,0.0,BORONGAN,EASTERN SAMAR,22.28305888,10/26/2022,10/31/2022,124.7,110,STS,47.8,147.7,994.9,1,6,6,0,3
PAENG,2022,8,EASTERN SAMAR,BORONGAN CITY,0,0,0,0,0,0,0,0,0,0,0.0,BORONGAN,EASTERN SAMAR,7.319041334,10/26/2022,10/31/2022,124.7,110,STS,47.8,147.7,994.9,1,6,6,0,3
PAENG,2022,8,EASTERN SAMAR,CAN AVID,6124,23137,1,0,0,0,0,0,0,0,0.0,BORONGAN,EASTERN SAMAR,43.64142848,10/26/2022,10/31/2022,124.7,110,STS,47.8,147.7,994.9,1,6,6,0,3
PAENG,2022,8,EASTERN SAMAR,DOLORES,0,0,0,0,0,0,0,0,0,0,0.0,BORONGAN,EASTERN SAMAR,53.31970442,10/26/2022,10/31/2022,124.7,110,STS,47.8,147.7,994.9,1,6,6,0,3
PAENG,2022,8,EASTERN SAMAR,GENERAL MACARTHUR,0,0,0,0,0,0,0,0,0,0,0.0,GUIUAN,EASTERN SAMAR,35.30184277,10/26/2022,10/31/2022,124.7,110,STS,57.6,159.8,996.6,1,6,6,0,3
PAENG,2022,8,EASTERN SAMAR,GIPORLOS,4591,16054,3,0,0,0,0,0,0,0,0.0,GUIUAN,EASTERN SAMAR,29.06750152,10/26/2022,10/31/2022,124.7,110,STS,57.6,159.8,996.6,1,6,6,0,3
PAENG,2022,8,EASTERN SAMAR,GUIUAN,0,0,0,0,0,0,0,0,0,0,0.0,GUIUAN,EASTERN SAMAR,29.45491373,10/26/2022,10/31/2022,124.7,110,STS,57.6,159.8,996.6,1,6,6,0,3
PAENG,2022,8,EASTERN SAMAR,HERNANI,351,1177,1,0,0,0,0,0,0,0,0.0,BORONGAN,EASTERN SAMAR,35.88502896,10/26/2022,10/31/2022,124.7,110,STS,47.8,147.7,994.9,1,6,6,0,3
PAENG,2022,8,EASTERN SAMAR,JIPAPAD,2780,9913,13,0,0,0,0,0,0,2010,1265500.0,CATBALOGAN,SAMAR,65.77752855,10/26/2022,10/31/2022,124.7,110,STS,129.7,260.0,996.0,1,6,6,0,3
PAENG,2022,8,EASTERN SAMAR,LAWAAN,3881,13479,16,0,0,0,0,0,0,0,0.0,TACLOBAN,LEYTE,31.20779189,10/26/2022,10/31/2022,124.7,110,STS,87.8,155.4,995.9,1,6,6,0,3
PAENG,2022,8,EASTERN SAMAR,LLORENTE,0,0,0,0,0,0,0,0,0,0,0.0,BORONGAN,EASTERN SAMAR,29.54792752,10/26/2022,10/31/2022,124.7,110,STS,47.8,147.7,994.9,1,6,6,0,3
PAENG,2022,8,EASTERN SAMAR,MASLOG,35,175,1,0,0,0,0,0,0,0,0.0,CATBALOGAN,SAMAR,48.51284481,10/26/2022,10/31/2022,124.7,110,STS,129.7,260.0,996.0,1,6,6,0,3
PAENG,2022,8,EASTERN SAMAR,MAYDOLONG,0,0,0,0,0,0,0,0,0,0,0.0,BORONGAN,EASTERN SAMAR,18.10990183,10/26/2022,10/31/2022,124.7,110,STS,47.8,147.7,994.9,1,6,6,0,3
PAENG,2022,8,EASTERN SAMAR,MERCEDES,500,1020,1,0,0,0,0,0,0,0,0.0,GUIUAN,EASTERN SAMAR,6.80943955,10/26/2022,10/31/2022,124.7,110,STS,57.6,159.8,996.6,1,6,6,0,3
PAENG,2022,8,EASTERN SAMAR,ORAS,6010,23979,1,0,0,0,0,0,0,1500,952200.0,BORONGAN,EASTERN SAMAR,60.76174259,10/26/2022,10/31/2022,124.7,110,STS,47.8,147.7,994.9,1,6,6,0,3
PAENG,2022,8,EASTERN SAMAR,QUINAPONDAN,0,0,0,0,0,0,0,0,0,0,0.0,GUIUAN,EASTERN SAMAR,32.13012741,10/26/2022,10/31/2022,124.7,110,STS,57.6,159.8,996.6,1,6,6,0,3
PAENG,2022,8,EASTERN SAMAR,SALCEDO,6389,23946,41,0,0,0,0,2,2,0,0.0,GUIUAN,EASTERN SAMAR,17.24912494,10/26/2022,10/31/2022,124.7,110,STS,57.6,159.8,996.6,1,6,6,0,3
PAENG,2022,8,EASTERN SAMAR,SAN JULIAN,0,0,0,0,0,0,0,0,0,0,0.0,BORONGAN,EASTERN SAMAR,15.13883416,10/26/2022,10/31/2022,124.7,110,STS,47.8,147.7,994.9,1,6,6,0,3
PAENG,2022,8,EASTERN SAMAR,SAN POLICARPO,4519,22595,1,0,0,0,0,0,0,0,0.0,BORONGAN,EASTERN SAMAR,66.68697813,10/26/2022,10/31/2022,124.7,110,STS,47.8,147.7,994.9,1,6,6,0,3
PAENG,2022,8,EASTERN SAMAR,SULAT,0,0,0,0,0,0,0,0,0,0,0.0,BORONGAN,EASTERN SAMAR,21.77996856,10/26/2022,10/31/2022,124.7,110,STS,47.8,147.7,994.9,1,6,6,0,3
PAENG,2022,8,EASTERN SAMAR,TAFT,0,0,0,0,0,0,0,0,0,0,0.0,BORONGAN,EASTERN SAMAR,31.57366459,10/26/2022,10/31/2022,124.7,110,STS,47.8,147.7,994.9,1,6,6,0,3
AGATON,2022,8,LEYTE,ABUYOG,18957,68354,63,55,0,0,142,326,468,22690,13172269.32,MAASIN,SOUTHERN LEYTE,62.62701261,4/9/2022,4/12/2022,78.0,75,TS,148.8,305.4,1001.2,1,4,4,1,1
AGATON,2022,8,LEYTE,ALANGALANG,1323,5444,4,0,0,0,0,0,0,228,46740.0,TACLOBAN,LEYTE,15.49624378,4/9/2022,4/12/2022,78.0,75,TS,106.0,268.6,998.8,1,4,4,0,3
AGATON,2022,8,LEYTE,ALBUERA,203,1008,0,0,0,0,5,0,5,0,0.0,TACLOBAN,LEYTE,45.33518008,4/9/2022,4/12/2022,78.0,75,TS,106.0,268.6,998.8,1,4,4,0,3
AGATON,2022,8,LEYTE,BABATNGON,329,329,5,0,0,0,0,0,0,0,0.0,TACLOBAN,LEYTE,19.80084629,4/9/2022,4/12/2022,78.0,75,TS,106.0,268.6,998.8,1,4,4,0,3
AGATON,2022,8,LEYTE,BARUGO,372,1860,9,0,0,0,2,0,2,0,0.0,TACLOBAN,LEYTE,26.55931729,4/9/2022,4/12/2022,78.0,75,TS,106.0,268.6,998.8,1,4,4,0,3
AGATON,2022,8,LEYTE,BATO,2331,11655,18,0,0,0,0,9,9,0,0.0,MAASIN,SOUTHERN LEYTE,22.36393936,4/9/2022,4/12/2022,78.0,75,TS,148.8,305.4,1001.2,1,4,4,0,3
AGATON,2022,8,LEYTE,BAYBAY,4184,20917,48,95,0,1,190,14,204,7491,4035845.0,MAASIN,SOUTHERN LEYTE,62.00244657,4/9/2022,4/12/2022,78.0,75,TS,148.8,305.4,1001.2,1,4,4,1,1
AGATON,2022,8,LEYTE,CAPOOCAN,6726,24719,1,0,0,0,0,0,0,0,0.0,TACLOBAN,LEYTE,43.60424881,4/9/2022,4/12/2022,78.0,75,TS,106.0,268.6,998.8,1,4,4,0,3
AGATON,2022,8,LEYTE,CARIGARA,106,399,6,0,0,0,0,0,0,0,0.0,TACLOBAN,LEYTE,33.91922608,4/9/2022,4/12/2022,78.0,75,TS,106.0,268.6,998.8,1,4,4,0,3
AGATON,2022,8,LEYTE,DULAG,404,1616,4,0,0,0,0,0,0,0,0.0,TACLOBAN,LEYTE,31.32978217,4/9/2022,4/12/2022,78.0,75,TS,106.0,268.6,998.8,1,4,4,0,3
AGATON,2022,8,LEYTE,HILONGOS,11862,37907,51,0,0,0,19,156,175,792,0.0,MAASIN,SOUTHERN LEYTE,29.54919743,4/9/2022,4/12/2022,78.0,75,TS,148.8,305.4,1001.2,1,4,4,0,3
AGATON,2022,8,LEYTE,HINDANG,6075,20681,20,0,0,0,6,0,6,0,0.0,MAASIN,SOUTHERN LEYTE,36.23202217,4/9/2022,4/12/2022,78.0,75,TS,148.8,305.4,1001.2,1,4,4,0,3
AGATON,2022,8,LEYTE,INOPACAN,6812,22301,20,1,0,0,0,0,0,3300,2022385.0,MAASIN,SOUTHERN LEYTE,43.21570578,4/9/2022,4/12/2022,78.0,75,TS,148.8,305.4,1001.2,1,4,4,0,3
AGATON,2022,8,LEYTE,ISABELA,450,1650,0,0,0,0,0,0,0,0,0.0,TACLOBAN,LEYTE,68.37743892,4/9/2022,4/12/2022,78.0,75,TS,106.0,268.6,998.8,1,4,4,0,3
AGATON,2022,8,LEYTE,JARO,64,256,4,0,0,0,0,0,0,0,0.0,TACLOBAN,LEYTE,27.59767109,4/9/2022,4/12/2022,78.0,75,TS,106.0,268.6,998.8,1,4,4,0,3
AGATON,2022,8,LEYTE,JAVIER,2928,10502,15,0,0,0,0,0,0,1325,902166.0,TACLOBAN,LEYTE,54.18519742,4/9/2022,4/12/2022,78.0,75,TS,106.0,268.6,998.8,1,4,4,0,3
AGATON,2022,8,LEYTE,MACARTHUR,456,730,4,0,0,0,0,0,0,0,0.0,TACLOBAN,LEYTE,47.27461321,4/9/2022,4/12/2022,78.0,75,TS,106.0,268.6,998.8,1,4,4,0,3
AGATON,2022,8,LEYTE,MAHAPLAG,7995,39975,28,0,0,0,0,0,0,5000,3274809.0,MAASIN,SOUTHERN LEYTE,53.47636018,4/9/2022,4/12/2022,78.0,75,TS,148.8,305.4,1001.2,1,4,4,0,3
AGATON,2022,8,LEYTE,MATAG OB,6,35,2,0,0,0,0,0,0,0,0.0,TACLOBAN,LEYTE,59.96814662,4/9/2022,4/12/2022,78.0,75,TS,106.0,268.6,998.8,1,4,4,0,3
AGATON,2022,8,LEYTE,MATALOM,328,1285,1,0,0,0,0,0,0,0,0.0,MAASIN,SOUTHERN LEYTE,15.06478832,4/9/2022,4/12/2022,78.0,75,TS,148.8,305.4,1001.2,1,4,4,0,3
AGATON,2022,8,LEYTE,ORMOC CITY,4534,16681,39,0,0,0,0,0,0,0,0.0,TACLOBAN,LEYTE,45.38267556,4/9/2022,4/12/2022,78.0,75,TS,106.0,268.6,998.8,1,4,4,0,3
AGATON,2022,8,LEYTE,PALO,140,609,13,0,0,0,0,0,0,0,0.0,TACLOBAN,LEYTE,11.65981788,4/9/2022,4/12/2022,78.0,75,TS,106.0,268.6,998.8,1,4,4,0,3
AGATON,2022,8,LEYTE,PALOMPON,4659,23295,43,0,0,0,0,0,0,0,0.0,TACLOBAN,LEYTE,72.44408164,4/9/2022,4/12/2022,78.0,75,TS,106.0,268.6,998.8,1,4,4,0,3
AGATON,2022,8,LEYTE,SAN MIGUEL,5930,20036,21,0,0,0,0,0,0,0,0.0,TACLOBAN,LEYTE,19.29194122,4/9/2022,4/12/2022,78.0,75,TS,106.0,268.6,998.8,1,4,4,0,3
AGATON,2022,8,LEYTE,SANTA FE,4069,17469,17,0,0,0,0,0,0,0,0.0,TACLOBAN,LEYTE,9.694514703,4/9/2022,4/12/2022,78.0,75,TS,106.0,268.6,998.8,1,4,4,0,3
AGATON,2022,8,LEYTE,TACLOBAN CITY,1868,9139,13,0,0,0,0,0,0,0,0.0,TACLOBAN,LEYTE,6.127759298,4/9/2022,4/12/2022,78.0,75,TS,106.0,268.6,998.8,1,4,4,0,3
AGATON,2022,8,LEYTE,TANAUAN,2374,9494,18,0,0,0,0,0,0,0,0.0,TACLOBAN,LEYTE,17.89062957,4/9/2022,4/12/2022,78.0,75,TS,106.0,268.6,998.8,1,4,4,0,3
AGATON,2022,8,LEYTE,TOLOSA,3,7,1,0,0,0,0,0,0,0,0.0,TACLOBAN,LEYTE,23.20999955,4/9/2022,4/12/2022,78.0,75,TS,106.0,268.6,998.8,1,4,4,0,3
AGATON,2022,8,LEYTE,VILLABA,7,35,0,1,0,0,0,0,0,0,0.0,TACLOBAN,LEYTE,62.3371988,4/9/2022,4/12/2022,78.0,75,TS,106.0,268.6,998.8,1,4,4,0,3
DANTE,2021,8,LEYTE,CALUBIAN,765,2271,0,3,0,0,13,34,47,2,20000.0,CATBALOGAN,SAMAR,65.40335164,5/30/2021,6/5/2021,154.0,75,TS,49.4,78.61,1000.1,1,7,7,0,3
DANTE,2021,8,LEYTE,MATALOM,45,225,0,0,0,0,1,29,30,0,0.0,MAASIN,SOUTHERN LEYTE,15.06478832,5/30/2021,6/5/2021,154.0,75,TS,395.4,470.4,1004.6,1,7,7,0,3
JOLINA,2021,8,LEYTE,BABATNGON,12,48,1,0,0,0,0,12,12,0,0.0,TACLOBAN,LEYTE,19.80084629,9/6/2021,9/9/2021,103.0,120,TY,141.2,142.4,1003.3,1,4,4,0,3
JOLINA,2021,8,LEYTE,BURAUEN,662,3285,7,0,0,0,0,0,0,0,0.0,TACLOBAN,LEYTE,35.23355549,9/6/2021,9/9/2021,103.0,120,TY,141.2,142.4,1003.3,1,4,4,0,3
JOLINA,2021,8,LEYTE,DULAG,126,504,2,0,0,0,1,0,1,0,0.0,TACLOBAN,LEYTE,31.32978217,9/6/2021,9/9/2021,103.0,120,TY,141.2,142.4,1003.3,1,4,4,0,3
JOLINA,2021,8,LEYTE,ISABELA,6,40,1,0,0,0,0,0,0,0,0.0,TACLOBAN,LEYTE,68.37743892,9/6/2021,9/9/2021,103.0,120,TY,141.2,142.4,1003.3,1,4,4,0,3
JOLINA,2021,8,LEYTE,ORMOC CITY,435,1768,8,0,0,0,2,0,2,0,0.0,TACLOBAN,LEYTE,45.38267556,9/6/2021,9/9/2021,103.0,120,TY,141.2,142.4,1003.3,1,4,4,0,3
JOLINA,2021,8,LEYTE,SANTA FE,809,3236,7,0,0,0,0,0,0,0,0.0,TACLOBAN,LEYTE,9.694514703,9/6/2021,9/9/2021,103.0,120,TY,141.2,142.4,1003.3,1,4,4,0,3
JOLINA,2021,8,LEYTE,VILLABA,13,65,1,0,0,0,3,10,13,0,0.0,TACLOBAN,LEYTE,62.3371988,9/6/2021,9/9/2021,103.0,120,TY,141.2,142.4,1003.3,1,4,4,0,3
ODETTE,2021,8,LEYTE,ABUYOG,12688,58108,63,0,0,0,495,11128,11623,4283,2842445.52,MAASIN,SOUTHERN LEYTE,62.62701261,12/14/2021,12/18/2021,91.0,195,STY,24.2,25.0,975.2,1,5,5,1,1
ODETTE,2021,8,LEYTE,ALANGALANG,5371,21859,39,0,0,0,2,60,62,0,0.0,TACLOBAN,LEYTE,15.49624378,12/14/2021,12/18/2021,91.0,195,STY,25.6,60.0,998.1,1,5,5,0,3
ODETTE,2021,8,LEYTE,BATO,10410,48612,9,0,0,0,6561,3849,10410,9771,5405942.32,MAASIN,SOUTHERN LEYTE,22.36393936,12/14/2021,12/18/2021,91.0,195,STY,24.2,25.0,975.2,1,5,5,1,1
ODETTE,2021,8,LEYTE,BAYBAY,33387,125457,92,0,0,0,701,14123,14824,1269,1397500.0,MAASIN,SOUTHERN LEYTE,62.00244657,12/14/2021,12/18/2021,91.0,195,STY,24.2,25.0,975.2,1,5,5,1,1
ODETTE,2021,8,LEYTE,DULAG,11064,41217,45,0,10,0,306,4561,4867,1096,605244.85,TACLOBAN,LEYTE,31.32978217,12/14/2021,12/18/2021,91.0,195,STY,25.6,60.0,998.1,1,5,5,1,1
ODETTE,2021,8,LEYTE,HILONGOS,19133,61482,51,0,0,0,5094,11317,16411,8491,4822916.0,MAASIN,SOUTHERN LEYTE,29.54919743,12/14/2021,12/18/2021,91.0,195,STY,24.2,25.0,975.2,1,5,5,1,1
ODETTE,2021,8,LEYTE,HINDANG,4973,13658,20,0,0,0,959,4000,4959,2698,1777725.0,MAASIN,SOUTHERN LEYTE,36.23202217,12/14/2021,12/18/2021,91.0,195,STY,24.2,25.0,975.2,1,5,5,1,1
ODETTE,2021,8,LEYTE,INOPACAN,6220,24880,20,0,0,0,513,4395,4908,4692,2788905.0,MAASIN,SOUTHERN LEYTE,43.21570578,12/14/2021,12/18/2021,91.0,195,STY,24.2,25.0,975.2,1,5,5,1,1
ODETTE,2021,8,LEYTE,JAVIER,7968,28304,28,0,0,0,71,3405,3476,1718,1291761.74,TACLOBAN,LEYTE,54.18519742,12/14/2021,12/18/2021,91.0,195,STY,25.6,60.0,998.1,1,5,5,1,1
ODETTE,2021,8,LEYTE,KANANGA,0,0,0,0,3,0,0,0,0,0,0.0,TACLOBAN,LEYTE,48.73068194,12/14/2021,12/18/2021,91.0,195,STY,25.6,60.0,998.1,1,5,5,0,3
ODETTE,2021,8,LEYTE,LEYTE,176,880,1,0,0,0,2,174,176,0,0.0,TACLOBAN,LEYTE,50.75104557,12/14/2021,12/18/2021,91.0,195,STY,25.6,60.0,998.1,1,5,5,0,3
ODETTE,2021,8,LEYTE,MACARTHUR,2807,9409,1,0,0,0,8,0,8,0,0.0,TACLOBAN,LEYTE,47.27461321,12/14/2021,12/18/2021,91.0,195,STY,25.6,60.0,998.1,1,5,5,0,3
ODETTE,2021,8,LEYTE,MAHAPLAG,5307,26535,28,0,0,0,564,4743,5307,2700,1782725.0,MAASIN,SOUTHERN LEYTE,53.47636018,12/14/2021,12/18/2021,91.0,195,STY,24.2,25.0,975.2,1,5,5,1,1
ODETTE,2021,8,LEYTE,MATALOM,10807,37744,30,0,0,0,1628,6107,7735,5199,3059860.0,MAASIN,SOUTHERN LEYTE,15.06478832,12/14/2021,12/18/2021,91.0,195,STY,24.2,25.0,975.2,1,5,5,1,1
ODETTE,2021,8,LEYTE,MAYORGA,5374,26870,16,0,0,0,22,1752,1774,0,0.0,TACLOBAN,LEYTE,40.27474193,12/14/2021,12/18/2021,91.0,195,STY,25.6,60.0,998.1,1,5,5,0,3
ODETTE,2021,8,LEYTE,ORMOC CITY,1303,5544,40,0,0,0,76,1227,1303,0,0.0,TACLOBAN,LEYTE,45.38267556,12/14/2021,12/18/2021,91.0,195,STY,25.6,60.0,998.1,1,5,5,0,3
ODETTE,2021,8,LEYTE,PALO,368,1840,1,0,0,0,10,358,368,0,0.0,TACLOBAN,LEYTE,11.65981788,12/14/2021,12/18/2021,91.0,195,STY,25.6,60.0,998.1,1,5,5,0,3
ODETTE,2021,8,LEYTE,SAN MIGUEL,143,710,12,0,0,0,1,1,2,0,0.0,TACLOBAN,LEYTE,19.29194122,12/14/2021,12/18/2021,91.0,195,STY,25.6,60.0,998.1,1,5,5,0,3
ODETTE,2021,8,LEYTE,SANTA FE,1776,6722,20,0,0,0,1,230,231,0,0.0,TACLOBAN,LEYTE,9.694514703,12/14/2021,12/18/2021,91.0,195,STY,25.6,60.0,998.1,1,5,5,0,3
ODETTE,2021,8,LEYTE,TACLOBAN CITY,4345,19592,107,0,1,0,0,0,0,2866,1282725.0,TACLOBAN,LEYTE,6.127759298,12/14/2021,12/18/2021,91.0,195,STY,25.6,60.0,998.1,1,5,5,1,1
ODETTE,2021,8,LEYTE,TANAUAN,6991,22268,45,0,0,0,0,0,0,0,0.0,TACLOBAN,LEYTE,17.89062957,12/14/2021,12/18/2021,91.0,195,STY,25.6,60.0,998.1,1,5,5,0,3
ODETTE,2021,8,LEYTE,TOLOSA,66,330,8,0,0,0,30,36,66,0,0.0,TACLOBAN,LEYTE,23.20999955,12/14/2021,12/18/2021,91.0,195,STY,25.6,60.0,998.1,1,5,5,0,3
PAENG,2022,8,LEYTE,ABUYOG,48,152,2,0,0,0,0,0,0,0,0.0,MAASIN,SOUTHERN LEYTE,62.62701261,10/26/2022,10/31/2022,124.7,110,STS,144.4,301.4,998.6,1,6,6,0,3
PAENG,2022,8,LEYTE,ALANGALANG,11,31,2,0,0,0,0,0,0,0,0.0,TACLOBAN,LEYTE,15.49624378,10/26/2022,10/31/2022,124.7,110,STS,87.8,155.4,995.9,1,6,6,0,3
PAENG,2022,8,LEYTE,ALBUERA,480,1524,11,0,0,0,8,10,18,0,0.0,TACLOBAN,LEYTE,45.33518008,10/26/2022,10/31/2022,124.7,110,STS,87.8,155.4,995.9,1,6,6,0,3
PAENG,2022,8,LEYTE,BABATNGON,0,0,0,0,0,0,0,0,0,0,0.0,TACLOBAN,LEYTE,19.80084629,10/26/2022,10/31/2022,124.7,110,STS,87.8,155.4,995.9,1,6,6,0,3
PAENG,2022,8,LEYTE,BARUGO,0,0,0,0,0,0,0,0,0,0,0.0,TACLOBAN,LEYTE,26.55931729,10/26/2022,10/31/2022,124.7,110,STS,87.8,155.4,995.9,1,6,6,0,3
PAENG,2022,8,LEYTE,BATO,11094,47170,33,0,0,0,63,642,705,6278,5704198.5,MAASIN,SOUTHERN LEYTE,22.36393936,10/26/2022,10/31/2022,124.7,110,STS,144.4,301.4,998.6,1,6,6,1,1
PAENG,2022,8,LEYTE,BAYBAY,514,2537,9,0,1,0,0,0,0,514,279580.02,MAASIN,SOUTHERN LEYTE,62.00244657,10/26/2022,10/31/2022,124.7,110,STS,144.4,301.4,998.6,1,6,6,0,3
PAENG,2022,8,LEYTE,BURAUEN,689,3445,6,0,0,0,0,0,0,0,0.0,TACLOBAN,LEYTE,35.23355549,10/26/2022,10/31/2022,124.7,110,STS,87.8,155.4,995.9,1,6,6,0,3
PAENG,2022,8,LEYTE,CALUBIAN,47,175,2,0,0,0,0,0,0,0,0.0,CATBALOGAN,SAMAR,65.40335164,10/26/2022,10/31/2022,124.7,110,STS,129.7,260.0,996.0,1,6,6,0,3
PAENG,2022,8,LEYTE,CAPOOCAN,49,209,4,0,0,0,0,0,0,0,0.0,TACLOBAN,LEYTE,43.60424881,10/26/2022,10/31/2022,124.7,110,STS,87.8,155.4,995.9,1,6,6,0,3
PAENG,2022,8,LEYTE,CARIGARA,0,0,0,0,0,0,0,0,0,0,0.0,TACLOBAN,LEYTE,33.91922608,10/26/2022,10/31/2022,124.7,110,STS,87.8,155.4,995.9,1,6,6,0,3
PAENG,2022,8,LEYTE,DAGAMI,0,0,0,0,0,0,0,0,0,0,0.0,TACLOBAN,LEYTE,25.58297399,10/26/2022,10/31/2022,124.7,110,STS,87.8,155.4,995.9,1,6,6,0,3
PAENG,2022,8,LEYTE,DULAG,52,202,2,0,0,0,0,0,0,0,0.0,TACLOBAN,LEYTE,31.32978217,10/26/2022,10/31/2022,124.7,110,STS,87.8,155.4,995.9,1,6,6,0,3
PAENG,2022,8,LEYTE,HILONGOS,19133,61482,51,0,0,0,7,10,17,5027,3932991.5,MAASIN,SOUTHERN LEYTE,29.54919743,10/26/2022,10/31/2022,124.7,110,STS,144.4,301.4,998.6,1,6,6,1,1
PAENG,2022,8,LEYTE,HINDANG,2409,10154,20,0,0,0,2,0,2,707,384558.51,MAASIN,SOUTHERN LEYTE,36.23202217,10/26/2022,10/31/2022,124.7,110,STS,144.4,301.4,998.6,1,6,6,0,3
PAENG,2022,8,LEYTE,INOPACAN,5108,15324,20,0,10,0,1,5107,5108,1646,1737695.0,MAASIN,SOUTHERN LEYTE,43.21570578,10/26/2022,10/31/2022,124.7,110,STS,144.4,301.4,998.6,1,6,6,1,1
PAENG,2022,8,LEYTE,ISABELA,0,0,0,0,0,0,0,0,0,0,0.0,TACLOBAN,LEYTE,68.37743892,10/26/2022,10/31/2022,124.7,110,STS,87.8,155.4,995.9,1,6,6,0,3
PAENG,2022,8,LEYTE,JARO,0,0,0,0,0,0,0,0,0,0,0.0,TACLOBAN,LEYTE,27.59767109,10/26/2022,10/31/2022,124.7,110,STS,87.8,155.4,995.9,1,6,6,0,3
PAENG,2022,8,LEYTE,JAVIER,0,0,0,0,0,0,0,0,0,0,0.0,TACLOBAN,LEYTE,54.18519742,10/26/2022,10/31/2022,124.7,110,STS,87.8,155.4,995.9,1,6,6,0,3
PAENG,2022,8,LEYTE,JULITA,0,0,0,0,0,0,0,0,0,0,0.0,TACLOBAN,LEYTE,29.68945026,10/26/2022,10/31/2022,124.7,110,STS,87.8,155.4,995.9,1,6,6,0,3
PAENG,2022,8,LEYTE,KANANGA,3,16,1,0,0,0,0,0,0,0,0.0,TACLOBAN,LEYTE,48.73068194,10/26/2022,10/31/2022,124.7,110,STS,87.8,155.4,995.9,1,6,6,0,3
PAENG,2022,8,LEYTE,LA PAZ,0,0,0,0,0,0,0,0,0,0,0.0,TACLOBAN,LEYTE,41.98161721,10/26/2022,10/31/2022,124.7,110,STS,87.8,155.4,995.9,1,6,6,0,3
PAENG,2022,8,LEYTE,LEYTE,0,0,0,0,0,0,0,0,0,0,0.0,TACLOBAN,LEYTE,50.75104557,10/26/2022,10/31/2022,124.7,110,STS,87.8,155.4,995.9,1,6,6,0,3
PAENG,2022,8,LEYTE,MACARTHUR,0,0,0,0,0,0,0,0,0,0,0.0,TACLOBAN,LEYTE,47.27461321,10/26/2022,10/31/2022,124.7,110,STS,87.8,155.4,995.9,1,6,6,0,3
PAENG,2022,8,LEYTE,MAHAPLAG,169,846,6,0,0,0,0,0,0,169,91924.17,MAASIN,SOUTHERN LEYTE,53.47636018,10/26/2022,10/31/2022,124.7,110,STS,144.4,301.4,998.6,1,6,6,0,3
PAENG,2022,8,LEYTE,MATAG OB,187,568,1,0,0,0,0,0,0,0,0.0,TACLOBAN,LEYTE,59.96814662,10/26/2022,10/31/2022,124.7,110,STS,87.8,155.4,995.9,1,6,6,0,3
PAENG,2022,8,LEYTE,MATALOM,16,57,1,0,0,0,0,0,0,0,0.0,MAASIN,SOUTHERN LEYTE,15.06478832,10/26/2022,10/31/2022,124.7,110,STS,144.4,301.4,998.6,1,6,6,0,3
PAENG,2022,8,LEYTE,MAYORGA,0,0,0,0,0,0,0,0,0,0,0.0,TACLOBAN,LEYTE,40.27474193,10/26/2022,10/31/2022,124.7,110,STS,87.8,155.4,995.9,1,6,6,0,3
PAENG,2022,8,LEYTE,MERIDA,5,20,1,0,0,0,0,0,0,0,0.0,TACLOBAN,LEYTE,62.2995285,10/26/2022,10/31/2022,124.7,110,STS,87.8,155.4,995.9,1,6,6,0,3
PAENG,2022,8,LEYTE,ORMOC CITY,581,2036,21,0,0,0,0,0,0,0,0.0,TACLOBAN,LEYTE,45.38267556,10/26/2022,10/31/2022,124.7,110,STS,87.8,155.4,995.9,1,6,6,0,3
PAENG,2022,8,LEYTE,PALO,0,0,0,0,0,0,0,0,0,0,0.0,TACLOBAN,LEYTE,11.65981788,10/26/2022,10/31/2022,124.7,110,STS,87.8,155.4,995.9,1,6,6,0,3
PAENG,2022,8,LEYTE,PALOMPON,554,2770,1,0,0,0,0,0,0,0,0.0,TACLOBAN,LEYTE,72.44408164,10/26/2022,10/31/2022,124.7,110,STS,87.8,155.4,995.9,1,6,6,0,3
PAENG,2022,8,LEYTE,SAN ISIDRO,3,8,1,0,0,0,0,0,0,0,0.0,CATBALOGAN,SAMAR,69.61831075,10/26/2022,10/31/2022,124.7,110,STS,129.7,260.0,996.0,1,6,6,0,3
PAENG,2022,8,LEYTE,SAN MIGUEL,0,0,0,0,0,0,0,0,0,0,0.0,TACLOBAN,LEYTE,19.29194122,10/26/2022,10/31/2022,124.7,110,STS,87.8,155.4,995.9,1,6,6,0,3
PAENG,2022,8,LEYTE,SANTA FE,11,61,4,0,0,0,0,0,0,0,0.0,TACLOBAN,LEYTE,9.694514703,10/26/2022,10/31/2022,124.7,110,STS,87.8,155.4,995.9,1,6,6,0,3
PAENG,2022,8,LEYTE,TABANGO,16,58,1,0,0,0,0,0,0,0,0.0,TACLOBAN,LEYTE,65.82224278,10/26/2022,10/31/2022,124.7,110,STS,87.8,155.4,995.9,1,6,6,0,3
PAENG,2022,8,LEYTE,TABONTABON,0,0,0,0,0,0,0,0,0,0,0.0,TACLOBAN,LEYTE,23.18049409,10/26/2022,10/31/2022,124.7,110,STS,87.8,155.4,995.9,1,6,6,0,3
PAENG,2022,8,LEYTE,TACLOBAN CITY,0,0,0,0,0,0,0,0,0,0,0.0,TACLOBAN,LEYTE,6.127759298,10/26/2022,10/31/2022,124.7,110,STS,87.8,155.4,995.9,1,6,6,0,3
PAENG,2022,8,LEYTE,TANAUAN,0,0,0,0,0,0,0,0,0,0,0.0,TACLOBAN,LEYTE,17.89062957,10/26/2022,10/31/2022,124.7,110,STS,87.8,155.4,995.9,1,6,6,0,3
PAENG,2022,8,LEYTE,TOLOSA,0,0,0,0,0,0,0,0,0,0,0.0,TACLOBAN,LEYTE,23.20999955,10/26/2022,10/31/2022,124.7,110,STS,87.8,155.4,995.9,1,6,6,0,3
PAENG,2022,8,LEYTE,TUNGA,0,0,0,0,0,0,0,0,0,0,0.0,TACLOBAN,LEYTE,26.94018698,10/26/2022,10/31/2022,124.7,110,STS,87.8,155.4,995.9,1,6,6,0,3
PAENG,2022,8,LEYTE,VILLABA,0,0,0,0,0,0,0,0,0,0,0.0,TACLOBAN,LEYTE,62.3371988,10/26/2022,10/31/2022,124.7,110,STS,87.8,155.4,995.9,1,6,6,0,3
AGATON,2022,8,NORTHERN SAMAR,LOPE DE VEGA,4,16,1,0,0,0,0,4,4,0,0.0,CATARMAN,NORTHERN SAMAR,20.1256539,4/9/2022,4/12/2022,78.0,75,TS,87.3,193.2,1002.0,1,4,4,0,3
AMBO,2020,8,NORTHERN SAMAR,ALLEN,308,735,20,0,7,0,84,740,824,0,0.0,CATARMAN,NORTHERN SAMAR,35.07237528,5/10/2020,5/17/2020,198.0,155,TY,306.0,368.0,991.2,1,8,8,0,3
AMBO,2020,8,NORTHERN SAMAR,BIRI,187,828,5,0,0,0,1,162,163,500,274535.0,CATARMAN,NORTHERN SAMAR,25.70349193,5/10/2020,5/17/2020,198.0,155,TY,306.0,368.0,991.2,1,8,8,0,3
AMBO,2020,8,NORTHERN SAMAR,BOMBON,1879,6088,18,0,2,0,22,1857,1879,0,0.0,CATARMAN,NORTHERN SAMAR,14.82466474,5/10/2020,5/17/2020,198.0,155,TY,306.0,368.0,991.2,1,8,8,0,3
AMBO,2020,8,NORTHERN SAMAR,CAPUL,2636,13180,1,0,3,0,5,189,194,1000,549070.0,JUBAN,SORSOGON,50.51574303,5/10/2020,5/17/2020,198.0,155,TY,260.8,278.8,1000.0,1,8,8,0,3
AMBO,2020,8,NORTHERN SAMAR,CATARMAN,23259,106151,12,0,5,0,608,8377,8985,1000,658510.0,CATARMAN,NORTHERN SAMAR,8.009958175,5/10/2020,5/17/2020,198.0,155,TY,306.0,368.0,991.2,1,8,8,1,1
AMBO,2020,8,NORTHERN SAMAR,CATUBIG,9118,37153,47,1,0,0,363,7331,7694,6400,4325280.0,CATARMAN,NORTHERN SAMAR,49.08059599,5/10/2020,5/17/2020,198.0,155,TY,306.0,368.0,991.2,1,8,8,1,1
AMBO,2020,8,NORTHERN SAMAR,GAMAY,7344,16162,1,0,8,0,1067,4192,5259,5044,2831625.0,CATARMAN,NORTHERN SAMAR,68.60228965,5/10/2020,5/17/2020,198.0,155,TY,306.0,368.0,991.2,1,8,8,1,1
AMBO,2020,8,NORTHERN SAMAR,LAOAG,4175,21959,1,0,0,0,48,357,405,0,0.0,CATARMAN,NORTHERN SAMAR,47.57529369,5/10/2020,5/17/2020,198.0,155,TY,306.0,368.0,991.2,1,8,8,0,3
AMBO,2020,8,NORTHERN SAMAR,LAPINIG,3130,13421,15,0,24,0,1832,1964,3796,8314,3847834.5,CATARMAN,NORTHERN SAMAR,73.2456619,5/10/2020,5/17/2020,198.0,155,TY,306.0,368.0,991.2,1,8,8,1,1
AMBO,2020,8,NORTHERN SAMAR,LAS NAVAS,9199,43141,53,0,6,0,190,2720,2910,5040,3716582.0,CATARMAN,NORTHERN SAMAR,47.72873891,5/10/2020,5/17/2020,198.0,155,TY,306.0,368.0,991.2,1,8,8,1,1
AMBO,2020,8,NORTHERN SAMAR,LAVEZARES,806,4030,11,0,0,0,72,550,622,500,274535.0,CATARMAN,NORTHERN SAMAR,29.56122152,5/10/2020,5/17/2020,198.0,155,TY,306.0,368.0,991.2,1,8,8,0,3
AMBO,2020,8,NORTHERN SAMAR,LOPE DE VEGA,3889,15595,19,0,4,0,15,1255,1270,0,0.0,CATARMAN,NORTHERN SAMAR,20.1256539,5/10/2020,5/17/2020,198.0,155,TY,306.0,368.0,991.2,1,8,8,0,3
AMBO,2020,8,NORTHERN SAMAR,MAPANAS,1760,7040,1,0,0,0,22,366,388,1000,549070.0,CATARMAN,NORTHERN SAMAR,62.22782163,5/10/2020,5/17/2020,198.0,155,TY,306.0,368.0,991.2,1,8,8,0,3
AMBO,2020,8,NORTHERN SAMAR,MONDRAGON,920,38500,1,0,2,0,5,193,198,0,0.0,CATARMAN,NORTHERN SAMAR,18.10958886,5/10/2020,5/17/2020,198.0,155,TY,306.0,368.0,991.2,1,8,8,0,3
AMBO,2020,8,NORTHERN SAMAR,PALAPAG,9302,14125,1,0,0,0,13,386,399,0,0.0,CATARMAN,NORTHERN SAMAR,54.30238974,5/10/2020,5/17/2020,198.0,155,TY,306.0,368.0,991.2,1,8,8,0,3
AMBO,2020,8,NORTHERN SAMAR,PAMBUJAN,426,1759,26,0,0,0,1,0,1,0,0.0,CATARMAN,NORTHERN SAMAR,33.14708319,5/10/2020,5/17/2020,198.0,155,TY,306.0,368.0,991.2,1,8,8,0,3
AMBO,2020,8,NORTHERN SAMAR,ROSARIO,2565,10260,11,0,1,0,114,1377,1491,1000,549070.0,CATARMAN,NORTHERN SAMAR,21.72037131,5/10/2020,5/17/2020,198.0,155,TY,306.0,368.0,991.2,1,8,8,0,3
AMBO,2020,8,NORTHERN SAMAR,SAN ANTONIO,703,9058,10,0,0,0,5,204,209,0,0.0,CATARMAN,NORTHERN SAMAR,41.86261818,5/10/2020,5/17/2020,198.0,155,TY,306.0,368.0,991.2,1,8,8,0,3
AMBO,2020,8,NORTHERN SAMAR,SAN ISIDRO,1099,3697,14,0,0,0,13,386,399,0,0.0,CATARMAN,NORTHERN SAMAR,31.43599618,5/10/2020,5/17/2020,198.0,155,TY,306.0,368.0,991.2,1,8,8,0,3
AMBO,2020,8,NORTHERN SAMAR,SAN JOSE,5366,21464,16,0,6,0,63,3095,3158,0,0.0,CATARMAN,NORTHERN SAMAR,19.08410515,5/10/2020,5/17/2020,198.0,155,TY,306.0,368.0,991.2,1,8,8,0,3
AMBO,2020,8,NORTHERN SAMAR,SAN ROQUE,951,3861,9,0,0,0,84,456,540,1000,549070.0,CATARMAN,NORTHERN SAMAR,26.39807607,5/10/2020,5/17/2020,198.0,155,TY,306.0,368.0,991.2,1,8,8,0,3
AMBO,2020,8,NORTHERN SAMAR,SAN VICENTE,617,2393,7,0,0,0,2,257,259,0,0.0,MASBATE,MASBATE,43.5571389,5/10/2020,5/17/2020,198.0,155,TY,111.8,119.0,995.8,1,8,8,0,3
AMBO,2020,8,NORTHERN SAMAR,SILVINO LOBOS,3158,12632,1,0,0,0,441,2080,2521,0,0.0,CATARMAN,NORTHERN SAMAR,34.7652714,5/10/2020,5/17/2020,198.0,155,TY,306.0,368.0,991.2,1,8,8,0,3
AMBO,2020,8,NORTHERN SAMAR,VICTORIAS CITY,4121,4881,16,0,0,0,16,1277,1293,0,0.0,CATARMAN,NORTHERN SAMAR,26.57766875,5/10/2020,5/17/2020,198.0,155,TY,306.0,368.0,991.2,1,8,8,0,3
PAENG,2022,8,NORTHERN SAMAR,ALLEN,477,2035,15,0,0,0,0,0,0,0,0.0,CATARMAN,NORTHERN SAMAR,35.07237528,10/26/2022,10/31/2022,124.7,110,STS,183.6,316.8,993.6,1,6,6,0,3
PAENG,2022,8,NORTHERN SAMAR,BIRI,72,261,1,0,0,0,0,0,0,0,0.0,CATARMAN,NORTHERN SAMAR,25.70349193,10/26/2022,10/31/2022,124.7,110,STS,183.6,316.8,993.6,1,6,6,0,3
PAENG,2022,8,NORTHERN SAMAR,BOMBON,33,121,2,0,0,0,0,0,0,0,0.0,CATARMAN,NORTHERN SAMAR,14.82466474,10/26/2022,10/31/2022,124.7,110,STS,183.6,316.8,993.6,1,6,6,0,3
PAENG,2022,8,NORTHERN SAMAR,CAPUL,58,210,8,0,0,0,0,8,8,0,0.0,JUBAN,SORSOGON,50.51574303,10/26/2022,10/31/2022,124.7,110,STS,208.0,377.21,991.2,1,6,6,0,3
PAENG,2022,8,NORTHERN SAMAR,CATARMAN,2471,10541,10,0,0,0,0,0,0,123,76875.0,CATARMAN,NORTHERN SAMAR,8.009958175,10/26/2022,10/31/2022,124.7,110,STS,183.6,316.8,993.6,1,6,6,0,3
PAENG,2022,8,NORTHERN SAMAR,CATUBIG,16,63,1,0,0,0,0,0,0,0,0.0,CATARMAN,NORTHERN SAMAR,49.08059599,10/26/2022,10/31/2022,124.7,110,STS,183.6,316.8,993.6,1,6,6,0,3
PAENG,2022,8,NORTHERN SAMAR,GAMAY,152,391,1,0,0,0,0,0,0,0,0.0,CATARMAN,NORTHERN SAMAR,68.60228965,10/26/2022,10/31/2022,124.7,110,STS,183.6,316.8,993.6,1,6,6,0,3
PAENG,2022,8,NORTHERN SAMAR,LAOAG,735,3340,13,0,0,0,0,0,0,0,0.0,CATARMAN,NORTHERN SAMAR,47.57529369,10/26/2022,10/31/2022,124.7,110,STS,183.6,316.8,993.6,1,6,6,0,3
PAENG,2022,8,NORTHERN SAMAR,LAPINIG,274,1270,1,0,0,0,0,0,0,0,0.0,CATARMAN,NORTHERN SAMAR,73.2456619,10/26/2022,10/31/2022,124.7,110,STS,183.6,316.8,993.6,1,6,6,0,3
PAENG,2022,8,NORTHERN SAMAR,LAS NAVAS,0,0,0,0,0,0,0,0,0,0,0.0,CATARMAN,NORTHERN SAMAR,47.72873891,10/26/2022,10/31/2022,124.7,110,STS,183.6,316.8,993.6,1,6,6,0,3
PAENG,2022,8,NORTHERN SAMAR,LAVEZARES,135,583,1,0,0,0,0,0,0,0,0.0,CATARMAN,NORTHERN SAMAR,29.56122152,10/26/2022,10/31/2022,124.7,110,STS,183.6,316.8,993.6,1,6,6,0,3
PAENG,2022,8,NORTHERN SAMAR,LOPE DE VEGA,3842,16076,23,0,0,0,0,0,0,3400,2050823.0,CATARMAN,NORTHERN SAMAR,20.1256539,10/26/2022,10/31/2022,124.7,110,STS,183.6,316.8,993.6,1,6,6,0,3
PAENG,2022,8,NORTHERN SAMAR,MAPANAS,9,50,1,0,0,0,0,0,0,0,0.0,CATARMAN,NORTHERN SAMAR,62.22782163,10/26/2022,10/31/2022,124.7,110,STS,183.6,316.8,993.6,1,6,6,0,3
PAENG,2022,8,NORTHERN SAMAR,MONDRAGON,23,96,1,0,0,0,0,0,0,0,0.0,CATARMAN,NORTHERN SAMAR,18.10958886,10/26/2022,10/31/2022,124.7,110,STS,183.6,316.8,993.6,1,6,6,0,3
PAENG,2022,8,NORTHERN SAMAR,PALAPAG,488,1952,1,0,0,0,0,0,0,0,0.0,CATARMAN,NORTHERN SAMAR,54.30238974,10/26/2022,10/31/2022,124.7,110,STS,183.6,316.8,993.6,1,6,6,0,3
PAENG,2022,8,NORTHERN SAMAR,PAMBUJAN,373,1638,1,0,0,0,0,0,0,0,0.0,CATARMAN,NORTHERN SAMAR,33.14708319,10/26/2022,10/31/2022,124.7,110,STS,183.6,316.8,993.6,1,6,6,0,3
PAENG,2022,8,NORTHERN SAMAR,ROSARIO,613,2284,8,0,3,0,0,0,0,300,196500.0,CATARMAN,NORTHERN SAMAR,21.72037131,10/26/2022,10/31/2022,124.7,110,STS,183.6,316.8,993.6,1,6,6,0,3
PAENG,2022,8,NORTHERN SAMAR,SAN ANTONIO,26,104,1,0,0,0,0,0,0,0,0.0,CATARMAN,NORTHERN SAMAR,41.86261818,10/26/2022,10/31/2022,124.7,110,STS,183.6,316.8,993.6,1,6,6,0,3
PAENG,2022,8,NORTHERN SAMAR,SAN ISIDRO,100,417,1,0,3,0,0,0,0,0,0.0,CATARMAN,NORTHERN SAMAR,31.43599618,10/26/2022,10/31/2022,124.7,110,STS,183.6,316.8,993.6,1,6,6,0,3
PAENG,2022,8,NORTHERN SAMAR,SAN JOSE,55,214,1,0,0,0,0,0,0,0,0.0,CATARMAN,NORTHERN SAMAR,19.08410515,10/26/2022,10/31/2022,124.7,110,STS,183.6,316.8,993.6,1,6,6,0,3
PAENG,2022,8,NORTHERN SAMAR,SAN ROQUE,216,896,1,0,0,0,0,0,0,0,0.0,CATARMAN,NORTHERN SAMAR,26.39807607,10/26/2022,10/31/2022,124.7,110,STS,183.6,316.8,993.6,1,6,6,0,3
PAENG,2022,8,NORTHERN SAMAR,SAN VICENTE,3,31,1,0,0,0,0,0,0,100,215000.0,MASBATE,MASBATE,43.5571389,10/26/2022,10/31/2022,124.7,110,STS,77.6,208.6,991.7,1,6,6,0,3
PAENG,2022,8,NORTHERN SAMAR,SILVINO LOBOS,0,0,0,0,0,0,0,0,0,0,0.0,CATARMAN,NORTHERN SAMAR,34.7652714,10/26/2022,10/31/2022,124.7,110,STS,183.6,316.8,993.6,1,6,6,0,3
PAENG,2022,8,NORTHERN SAMAR,VICTORIAS CITY,240,770,1,0,0,0,1,37,38,0,0.0,CATARMAN,NORTHERN SAMAR,26.57766875,10/26/2022,10/31/2022,124.7,110,STS,183.6,316.8,993.6,1,6,6,0,3
ROLLY,2020,8,NORTHERN SAMAR,CATARMAN,40,200,1,0,0,0,0,0,0,0,0.0,CATARMAN,NORTHERN SAMAR,8.009958175,10/29/2020,11/3/2020,122.0,225,STY,50.1,113.11,998.1,1,6,6,0,3
AGATON,2022,8,SAMAR,CATBALOGAN,4,13,1,0,0,0,0,0,0,0,0.0,CATBALOGAN,SAMAR,20.71494647,4/9/2022,4/12/2022,78.0,75,TS,113.7,196.5,1000.6,1,4,4,0,3
AMBO,2020,8,SAMAR,CALBAYOG,0,0,0,0,4,0,0,0,0,0,0.0,CATARMAN,NORTHERN SAMAR,34.68541963,5/10/2020,5/17/2020,198.0,155,TY,306.0,368.0,991.2,1,8,8,0,3
AMBO,2020,8,SAMAR,JIABONG,0,0,0,0,1,0,0,0,0,0,0.0,CATBALOGAN,SAMAR,11.9083538,5/10/2020,5/17/2020,198.0,155,TY,19.2,70.11,999.5,1,8,8,0,3
AMBO,2020,8,SAMAR,MATUGUINAO,6,24,1,0,3,0,2,4,6,0,0.0,CATBALOGAN,SAMAR,48.38218888,5/10/2020,5/17/2020,198.0,155,TY,19.2,70.11,999.5,1,8,8,0,3
AMBO,2020,8,SAMAR,MOTIONG,0,0,0,0,1,0,0,0,0,0,0.0,CATBALOGAN,SAMAR,18.40888375,5/10/2020,5/17/2020,198.0,155,TY,19.2,70.11,999.5,1,8,8,0,3
AMBO,2020,8,SAMAR,PARANAS,0,0,0,0,1,0,0,0,0,0,0.0,CATBALOGAN,SAMAR,28.78066963,5/10/2020,5/17/2020,198.0,155,TY,19.2,70.11,999.5,1,8,8,0,3
AMBO,2020,8,SAMAR,SAN JORGE,1352,5365,20,0,0,0,16,1336,1352,0,0.0,CATBALOGAN,SAMAR,23.22710873,5/10/2020,5/17/2020,198.0,155,TY,19.2,70.11,999.5,1,8,8,0,3
AMBO,2020,8,SAMAR,TAGAPUL AN,13,52,1,0,0,0,0,13,13,0,0.0,CATARMAN,NORTHERN SAMAR,68.85784775,5/10/2020,5/17/2020,198.0,155,TY,306.0,368.0,991.2,1,8,8,0,3
AMBO,2020,8,SAMAR,TARANGNAN,0,0,0,0,7,0,0,0,0,0,0.0,CATBALOGAN,SAMAR,14.9299062,5/10/2020,5/17/2020,198.0,155,TY,19.2,70.11,999.5,1,8,8,0,3
DANTE,2021,8,SAMAR,CATBALOGAN,333,1665,0,0,0,0,4,329,333,0,0.0,CATBALOGAN,SAMAR,20.71494647,5/30/2021,6/5/2021,154.0,75,TS,49.4,78.61,1000.1,1,7,7,0,3
DANTE,2021,8,SAMAR,DARAM,61,305,0,0,0,0,2,59,61,0,0.0,CATBALOGAN,SAMAR,17.3925276,5/30/2021,6/5/2021,154.0,75,TS,49.4,78.61,1000.1,1,7,7,0,3
DANTE,2021,8,SAMAR,SAN JORGE,3,17,0,0,0,0,0,0,0,0,0.0,CATBALOGAN,SAMAR,23.22710873,5/30/2021,6/5/2021,154.0,75,TS,49.4,78.61,1000.1,1,7,7,0,3
DANTE,2021,8,SAMAR,TARANGNAN,19,95,0,0,0,0,2,17,19,0,0.0,CATBALOGAN,SAMAR,14.9299062,5/30/2021,6/5/2021,154.0,75,TS,49.4,78.61,1000.1,1,7,7,0,3
JOLINA,2021,8,SAMAR,ALMAGRO,148,647,14,0,0,0,0,0,0,0,0.0,CATBALOGAN,SAMAR,64.80610167,9/6/2021,9/9/2021,103.0,120,TY,152.1,157.3,993.4,1,4,4,0,3
JOLINA,2021,8,SAMAR,CALBAYOG,1,4,1,0,2,0,1,0,1,0,0.0,CATARMAN,NORTHERN SAMAR,34.68541963,9/6/2021,9/9/2021,103.0,120,TY,22.0,24.9,1004.8,1,4,4,0,3
JOLINA,2021,8,SAMAR,CALBIGA,6988,34940,41,0,0,0,0,0,0,0,0.0,CATBALOGAN,SAMAR,27.85476332,9/6/2021,9/9/2021,103.0,120,TY,152.1,157.3,993.4,1,4,4,0,3
JOLINA,2021,8,SAMAR,CATBALOGAN,3970,19850,38,0,0,0,0,0,0,0,0.0,CATBALOGAN,SAMAR,20.71494647,9/6/2021,9/9/2021,103.0,120,TY,152.1,157.3,993.4,1,4,4,0,3
JOLINA,2021,8,SAMAR,HINABANGAN,0,0,0,0,1,0,0,0,0,0,0.0,BORONGAN,EASTERN SAMAR,30.23104097,9/6/2021,9/9/2021,103.0,120,TY,99.5,101.5,1002.9,1,4,4,0,3
JOLINA,2021,8,SAMAR,JIABONG,475,2375,20,0,2,0,0,0,0,0,0.0,CATBALOGAN,SAMAR,11.9083538,9/6/2021,9/9/2021,103.0,120,TY,152.1,157.3,993.4,1,4,4,0,3
JOLINA,2021,8,SAMAR,MOTIONG,0,0,0,0,0,0,0,0,0,10434,5012121.16,CATBALOGAN,SAMAR,18.40888375,9/6/2021,9/9/2021,103.0,120,TY,152.1,157.3,993.4,1,4,4,0,3
JOLINA,2021,8,SAMAR,PINABACDAO,1,5,1,0,1,0,1,0,1,0,0.0,CATBALOGAN,SAMAR,32.01919127,9/6/2021,9/9/2021,103.0,120,TY,152.1,157.3,993.4,1,4,4,0,3
JOLINA,2021,8,SAMAR,SAN SEBASTIAN,2290,9382,14,0,0,0,11,843,854,0,0.0,CATBALOGAN,SAMAR,16.96560765,9/6/2021,9/9/2021,103.0,120,TY,152.1,157.3,993.4,1,4,4,0,3
JOLINA,2021,8,SAMAR,SANTA RITA,0,0,0,0,3,0,0,0,0,0,0.0,TACLOBAN,LEYTE,20.01990181,9/6/2021,9/9/2021,103.0,120,TY,141.2,142.4,1003.3,1,4,4,0,3
JOLINA,2021,8,SAMAR,SANTO NINO,1144,5720,1,0,0,0,59,319,378,0,0.0,CATBALOGAN,SAMAR,51.91683973,9/6/2021,9/9/2021,103.0,120,TY,152.1,157.3,993.4,1,4,4,0,3
JOLINA,2021,8,SAMAR,TAGAPUL AN,2484,11161,14,0,0,0,0,0,0,0,0.0,CATARMAN,NORTHERN SAMAR,68.85784775,9/6/2021,9/9/2021,103.0,120,TY,22.0,24.9,1004.8,1,4,4,0,3
JOLINA,2021,8,SAMAR,TALALORA,6,30,1,0,0,0,0,1,1,0,0.0,CATBALOGAN,SAMAR,29.77845602,9/6/2021,9/9/2021,103.0,120,TY,152.1,157.3,993.4,1,4,4,0,3
JOLINA,2021,8,SAMAR,TARANGNAN,740,3700,20,0,0,0,38,363,401,0,0.0,CATBALOGAN,SAMAR,14.9299062,9/6/2021,9/9/2021,103.0,120,TY,152.1,157.3,993.4,1,4,4,0,3
JOLINA,2021,8,SAMAR,VILLAREAL,1,5,1,0,0,0,0,1,1,0,0.0,CATBALOGAN,SAMAR,20.32202296,9/6/2021,9/9/2021,103.0,120,TY,152.1,157.3,993.4,1,4,4,0,3
JOLINA,2021,8,SAMAR,ZUMARRAGA,1304,6520,23,0,2,0,75,977,1052,0,0.0,CATBALOGAN,SAMAR,17.49910624,9/6/2021,9/9/2021,103.0,120,TY,152.1,157.3,993.4,1,4,4,0,3
ODETTE,2021,8,SAMAR,SAN JORGE,124,509,1,0,0,0,0,0,0,0,0.0,CATBALOGAN,SAMAR,23.22710873,12/14/2021,12/18/2021,91.0,195,STY,66.1,79.0,1000.1,1,5,5,0,3
ODETTE,2021,8,SAMAR,SANTA RITA,0,0,0,0,0,0,0,0,0,462,127504.0,TACLOBAN,LEYTE,20.01990181,12/14/2021,12/18/2021,91.0,195,STY,25.6,60.0,998.1,1,5,5,0,3
ODETTE,2021,8,SAMAR,SANTO NINO,29,110,1,0,0,0,0,0,0,0,0.0,CATBALOGAN,SAMAR,51.91683973,12/14/2021,12/18/2021,91.0,195,STY,66.1,79.0,1000.1,1,5,5,0,3
ODETTE,2021,8,SAMAR,TAGAPUL AN,2514,9408,14,0,0,0,0,0,0,0,0.0,CATARMAN,NORTHERN SAMAR,68.85784775,12/14/2021,12/18/2021,91.0,195,STY,28.4,91.4,1002.5,1,5,5,0,3
PAENG,2022,8,SAMAR,ALMAGRO,53,282,1,0,0,0,0,0,0,0,0.0,CATBALOGAN,SAMAR,64.80610167,10/26/2022,10/31/2022,124.7,110,STS,129.7,260.0,996.0,1,6,6,0,3
PAENG,2022,8,SAMAR,BASEY,1570,7850,15,0,0,0,0,0,0,0,0.0,TACLOBAN,LEYTE,23.1032601,10/26/2022,10/31/2022,124.7,110,STS,87.8,155.4,995.9,1,6,6,0,3
PAENG,2022,8,SAMAR,CALBAYOG,372,1672,6,0,0,0,0,0,0,0,0.0,CATARMAN,NORTHERN SAMAR,34.68541963,10/26/2022,10/31/2022,124.7,110,STS,183.6,316.8,993.6,1,6,6,0,3
PAENG,2022,8,SAMAR,CALBIGA,0,0,0,0,0,0,0,0,0,0,0.0,CATBALOGAN,SAMAR,27.85476332,10/26/2022,10/31/2022,124.7,110,STS,129.7,260.0,996.0,1,6,6,0,3
PAENG,2022,8,SAMAR,CATBALOGAN,99,391,13,0,3,0,4,10,14,0,0.0,CATBALOGAN,SAMAR,20.71494647,10/26/2022,10/31/2022,124.7,110,STS,129.7,260.0,996.0,1,6,6,0,3
PAENG,2022,8,SAMAR,DARAM,0,0,0,0,0,0,0,0,0,0,0.0,CATBALOGAN,SAMAR,17.3925276,10/26/2022,10/31/2022,124.7,110,STS,129.7,260.0,996.0,1,6,6,0,3
PAENG,2022,8,SAMAR,GANDARA,109,411,1,0,0,0,0,0,0,0,0.0,CATBALOGAN,SAMAR,33.56497864,10/26/2022,10/31/2022,124.7,110,STS,129.7,260.0,996.0,1,6,6,0,3
PAENG,2022,8,SAMAR,HINABANGAN,20,79,1,0,0,0,0,0,0,0,0.0,BORONGAN,EASTERN SAMAR,30.23104097,10/26/2022,10/31/2022,124.7,110,STS,47.8,147.7,994.9,1,6,6,0,3
PAENG,2022,8,SAMAR,JIABONG,19,64,2,0,0,0,0,0,0,0,0.0,CATBALOGAN,SAMAR,11.9083538,10/26/2022,10/31/2022,124.7,110,STS,129.7,260.0,996.0,1,6,6,0,3
PAENG,2022,8,SAMAR,MARABUT,0,0,0,0,0,0,0,0,0,0,0.0,TACLOBAN,LEYTE,23.79223418,10/26/2022,10/31/2022,124.7,110,STS,87.8,155.4,995.9,1,6,6,0,3
PAENG,2022,8,SAMAR,MATUGUINAO,24,102,4,0,0,0,0,0,0,0,0.0,CATBALOGAN,SAMAR,48.38218888,10/26/2022,10/31/2022,124.7,110,STS,129.7,260.0,996.0,1,6,6,0,3
PAENG,2022,8,SAMAR,MOTIONG,39,147,2,0,0,0,0,0,0,0,0.0,CATBALOGAN,SAMAR,18.40888375,10/26/2022,10/31/2022,124.7,110,STS,129.7,260.0,996.0,1,6,6,0,3
PAENG,2022,8,SAMAR,PAGSANGHAN,17,58,2,0,0,0,0,0,0,0,0.0,CATBALOGAN,SAMAR,25.51410176,10/26/2022,10/31/2022,124.7,110,STS,129.7,260.0,996.0,1,6,6,0,3
PAENG,2022,8,SAMAR,PARANAS,175,905,1,0,0,0,0,0,0,0,0.0,CATBALOGAN,SAMAR,28.78066963,10/26/2022,10/31/2022,124.7,110,STS,129.7,260.0,996.0,1,6,6,0,3
PAENG,2022,8,SAMAR,PINABACDAO,32,101,3,0,0,0,0,0,0,0,0.0,CATBALOGAN,SAMAR,32.01919127,10/26/2022,10/31/2022,124.7,110,STS,129.7,260.0,996.0,1,6,6,0,3
PAENG,2022,8,SAMAR,SAN JORGE,27,78,3,0,0,0,0,0,0,0,0.0,CATBALOGAN,SAMAR,23.22710873,10/26/2022,10/31/2022,124.7,110,STS,129.7,260.0,996.0,1,6,6,0,3
PAENG,2022,8,SAMAR,SAN JOSE DE BUAN,18,65,2,0,0,0,0,0,0,0,0.0,CATBALOGAN,SAMAR,36.69015016,10/26/2022,10/31/2022,124.7,110,STS,129.7,260.0,996.0,1,6,6,0,3
PAENG,2022,8,SAMAR,SAN SEBASTIAN,0,0,0,0,0,0,0,0,0,0,0.0,CATBALOGAN,SAMAR,16.96560765,10/26/2022,10/31/2022,124.7,110,STS,129.7,260.0,996.0,1,6,6,0,3
PAENG,2022,8,SAMAR,SANTA RITA,21,137,4,0,0,0,0,0,0,0,0.0,TACLOBAN,LEYTE,20.01990181,10/26/2022,10/31/2022,124.7,110,STS,87.8,155.4,995.9,1,6,6,0,3
PAENG,2022,8,SAMAR,SANTO NINO,0,0,0,0,0,0,0,0,0,0,0.0,CATBALOGAN,SAMAR,51.91683973,10/26/2022,10/31/2022,124.7,110,STS,129.7,260.0,996.0,1,6,6,0,3
PAENG,2022,8,SAMAR,SANTA MARGARITA,70,292,2,0,0,0,6,0,6,0,0.0,CATBALOGAN,SAMAR,36.94961651,10/26/2022,10/31/2022,124.7,110,STS,129.7,260.0,996.0,1,6,6,0,3
PAENG,2022,8,SAMAR,TAGAPUL AN,2514,9408,14,0,0,0,0,0,0,0,0.0,CATARMAN,NORTHERN SAMAR,68.85784775,10/26/2022,10/31/2022,124.7,110,STS,183.6,316.8,993.6,1,6,6,0,3
PAENG,2022,8,SAMAR,TALALORA,23,84,3,0,0,0,0,0,0,0,0.0,CATBALOGAN,SAMAR,29.77845602,10/26/2022,10/31/2022,124.7,110,STS,129.7,260.0,996.0,1,6,6,0,3
PAENG,2022,8,SAMAR,TARANGNAN,18,60,2,0,0,0,0,0,0,0,0.0,CATBALOGAN,SAMAR,14.9299062,10/26/2022,10/31/2022,124.7,110,STS,129.7,260.0,996.0,1,6,6,0,3
PAENG,2022,8,SAMAR,VILLAREAL,0,0,0,0,0,0,0,0,0,0,0.0,CATBALOGAN,SAMAR,20.32202296,10/26/2022,10/31/2022,124.7,110,STS,129.7,260.0,996.0,1,6,6,0,3
PAENG,2022,8,SAMAR,ZUMARRAGA,0,0,0,0,0,0,0,0,0,0,0.0,CATBALOGAN,SAMAR,17.49910624,10/26/2022,10/31/2022,124.7,110,STS,129.7,260.0,996.0,1,6,6,0,3
AGATON,2022,8,SOUTHERN LEYTE,BONTOC,397,1985,9,0,0,0,5,0,5,0,0.0,MAASIN,SOUTHERN LEYTE,28.25479736,4/9/2022,4/12/2022,78.0,75,TS,148.8,305.4,1001.2,1,4,4,0,3
AGATON,2022,8,SOUTHERN LEYTE,HINUNANGAN,67,385,1,0,0,0,0,0,0,0,0.0,MAASIN,SOUTHERN LEYTE,44.30028221,4/9/2022,4/12/2022,78.0,75,TS,148.8,305.4,1001.2,1,4,4,0,3
AGATON,2022,8,SOUTHERN LEYTE,LIBAGON,157,577,4,0,0,0,0,0,0,0,0.0,MAASIN,SOUTHERN LEYTE,33.16426357,4/9/2022,4/12/2022,78.0,75,TS,148.8,305.4,1001.2,1,4,4,0,3
AGATON,2022,8,SOUTHERN LEYTE,PINTUYAN,73,287,8,0,0,0,0,0,0,0,0.0,MAASIN,SOUTHERN LEYTE,46.77197971,4/9/2022,4/12/2022,78.0,75,TS,148.8,305.4,1001.2,1,4,4,0,3
AGATON,2022,8,SOUTHERN LEYTE,SAINT BERNARD,821,3019,11,0,0,0,0,0,0,0,0.0,MAASIN,SOUTHERN LEYTE,36.05221253,4/9/2022,4/12/2022,78.0,75,TS,148.8,305.4,1001.2,1,4,4,0,3
AGATON,2022,8,SOUTHERN LEYTE,TOMAS OPPUS,274,998,35,0,0,0,0,0,0,0,0.0,MAASIN,SOUTHERN LEYTE,19.62085065,4/9/2022,4/12/2022,78.0,75,TS,148.8,305.4,1001.2,1,4,4,0,3
DANTE,2021,8,SOUTHERN LEYTE,MAASIN,3311,16460,0,0,0,0,7,312,319,2535,2911719.48,MAASIN,SOUTHERN LEYTE,6.036530822,5/30/2021,6/5/2021,154.0,75,TS,395.4,470.4,1004.6,1,7,7,0,3
KABAYAN,2023,8,SOUTHERN LEYTE,BONTOC,13,42,2,0,0,0,0,0,0,0,0.0,MAASIN,SOUTHERN LEYTE,28.25479736,12/17/2023,12/18/2023,59.0,65,TS,98.8,139.4,1007.5,1,2,2,0,3
KABAYAN,2023,8,SOUTHERN LEYTE,PADRE BURGOS,17,59,2,0,0,0,0,0,0,0,0.0,MAASIN,SOUTHERN LEYTE,18.02056882,12/17/2023,12/18/2023,59.0,65,TS,98.8,139.4,1007.5,1,2,2,0,3
KABAYAN,2023,8,SOUTHERN LEYTE,SAN JUAN,57,231,2,0,0,0,0,0,0,0,0.0,MAASIN,SOUTHERN LEYTE,41.38282925,12/17/2023,12/18/2023,59.0,65,TS,98.8,139.4,1007.5,1,2,2,0,3
ODETTE,2021,8,SOUTHERN LEYTE,ANAHAWAN,2522,12610,14,0,0,0,409,1508,1917,4724,4005728.0,MAASIN,SOUTHERN LEYTE,44.67904792,12/14/2021,12/18/2021,91.0,195,STY,24.2,25.0,975.2,1,5,5,0,3
ODETTE,2021,8,SOUTHERN LEYTE,BONTOC,8952,33453,40,0,0,0,2378,5370,7748,9816,6986546.2,MAASIN,SOUTHERN LEYTE,28.25479736,12/14/2021,12/18/2021,91.0,195,STY,24.2,25.0,975.2,1,5,5,1,1
ODETTE,2021,8,SOUTHERN LEYTE,HINUNANGAN,3708,12967,40,1,0,0,1003,4921,5924,8561,5004886.0,MAASIN,SOUTHERN LEYTE,44.30028221,12/14/2021,12/18/2021,91.0,195,STY,24.2,25.0,975.2,1,5,5,1,1
ODETTE,2021,8,SOUTHERN LEYTE,HINUNDAYAN,3709,13588,17,0,0,0,553,2562,3115,6709,5022500.37,MAASIN,SOUTHERN LEYTE,48.388574,12/14/2021,12/18/2021,91.0,195,STY,24.2,25.0,975.2,1,5,5,1,1
ODETTE,2021,8,SOUTHERN LEYTE,LIBAGON,4593,15971,14,0,0,0,994,2928,3922,10508,7830384.02,MAASIN,SOUTHERN LEYTE,33.16426357,12/14/2021,12/18/2021,91.0,195,STY,24.2,25.0,975.2,1,5,5,1,1
ODETTE,2021,8,SOUTHERN LEYTE,LILOAN,6130,19641,24,1,0,0,1901,3699,5600,6814,4424362.0,MAASIN,SOUTHERN LEYTE,34.98661916,12/14/2021,12/18/2021,91.0,195,STY,24.2,25.0,975.2,1,5,5,1,1
ODETTE,2021,8,SOUTHERN LEYTE,LIMASAWA,1834,6430,6,1,0,0,1320,302,1622,9979,15296420.41,MAASIN,SOUTHERN LEYTE,33.43446716,12/14/2021,12/18/2021,91.0,195,STY,24.2,25.0,975.2,1,5,5,1,1
ODETTE,2021,8,SOUTHERN LEYTE,MAASIN,25442,121994,70,1,0,0,6588,14085,20673,10777,7655478.61,MAASIN,SOUTHERN LEYTE,6.036530822,12/14/2021,12/18/2021,91.0,195,STY,24.2,25.0,975.2,1,5,5,1,1
ODETTE,2021,8,SOUTHERN LEYTE,MACROHON,8007,29532,30,1,47,0,1030,5261,6291,5690,4381635.44,MAASIN,SOUTHERN LEYTE,12.27761238,12/14/2021,12/18/2021,91.0,195,STY,24.2,25.0,975.2,1,5,5,1,1
ODETTE,2021,8,SOUTHERN LEYTE,MALITBOG,5717,20114,37,5,0,0,4869,244,5113,12231,9492785.68,MAASIN,SOUTHERN LEYTE,13.80635687,12/14/2021,12/18/2021,91.0,195,STY,24.2,25.0,975.2,1,5,5,1,1
ODETTE,2021,8,SOUTHERN LEYTE,PADRE BURGOS,3696,11264,11,1,0,0,1210,1623,2833,7143,6640299.55,MAASIN,SOUTHERN LEYTE,18.02056882,12/14/2021,12/18/2021,91.0,195,STY,24.2,25.0,975.2,1,5,5,1,1
ODETTE,2021,8,SOUTHERN LEYTE,PINTUYAN,3172,11031,23,0,31,0,1053,1661,2714,7198,5137568.4,MAASIN,SOUTHERN LEYTE,46.77197971,12/14/2021,12/18/2021,91.0,195,STY,24.2,25.0,975.2,1,5,5,1,1
ODETTE,2021,8,SOUTHERN LEYTE,SAINT BERNARD,7485,37425,30,3,0,0,1721,3999,5720,18272,9553943.5,MAASIN,SOUTHERN LEYTE,36.05221253,12/14/2021,12/18/2021,91.0,195,STY,24.2,25.0,975.2,1,5,5,1,1
ODETTE,2021,8,SOUTHERN LEYTE,SAN FRANCISCO,4089,14518,22,0,0,0,1893,1704,3597,8183,5820721.0,MAASIN,SOUTHERN LEYTE,35.79450648,12/14/2021,12/18/2021,91.0,195,STY,24.2,25.0,975.2,1,5,5,1,1
ODETTE,2021,8,SOUTHERN LEYTE,SAN JUAN,4400,15613,18,0,16,4,1548,2214,3762,7994,7162116.16,MAASIN,SOUTHERN LEYTE,41.38282925,12/14/2021,12/18/2021,91.0,195,STY,24.2,25.0,975.2,1,5,5,1,1
ODETTE,2021,8,SOUTHERN LEYTE,SAN RICARDO,3033,10766,15,0,0,0,1803,724,2527,8070,4532285.88,MAASIN,SOUTHERN LEYTE,48.13267564,12/14/2021,12/18/2021,91.0,195,STY,24.2,25.0,975.2,1,5,5,1,1
ODETTE,2021,8,SOUTHERN LEYTE,SILAGO,2733,8049,15,0,0,0,180,1990,2170,3633,3648511.22,MAASIN,SOUTHERN LEYTE,53.38791467,12/14/2021,12/18/2021,91.0,195,STY,24.2,25.0,975.2,1,5,5,0,3
ODETTE,2021,8,SOUTHERN LEYTE,SOGOD,14602,49290,45,2,0,0,3054,7780,10834,36391,10839351.1,MAASIN,SOUTHERN LEYTE,39.9244269,12/14/2021,12/18/2021,91.0,195,STY,24.2,25.0,975.2,1,5,5,1,1
ODETTE,2021,8,SOUTHERN LEYTE,TOMAS OPPUS,5166,18632,29,2,0,0,1500,2766,4266,6838,4175918.91,MAASIN,SOUTHERN LEYTE,19.62085065,12/14/2021,12/18/2021,91.0,195,STY,24.2,25.0,975.2,1,5,5,1,1
PAENG,2022,8,SOUTHERN LEYTE,ANAHAWAN,4,8,1,0,0,0,0,0,0,0,0.0,MAASIN,SOUTHERN LEYTE,44.67904792,10/26/2022,10/31/2022,124.7,110,STS,144.4,301.4,998.6,1,6,6,0,3
PAENG,2022,8,SOUTHERN LEYTE,BONTOC,692,2495,19,0,0,0,6,0,6,754,415764.06,MAASIN,SOUTHERN LEYTE,28.25479736,10/26/2022,10/31/2022,124.7,110,STS,144.4,301.4,998.6,1,6,6,0,3
PAENG,2022,8,SOUTHERN LEYTE,HINUNANGAN,0,0,0,0,0,0,0,0,0,0,0.0,MAASIN,SOUTHERN LEYTE,44.30028221,10/26/2022,10/31/2022,124.7,110,STS,144.4,301.4,998.6,1,6,6,0,3
PAENG,2022,8,SOUTHERN LEYTE,HINUNDAYAN,21,111,1,0,0,0,0,0,0,0,0.0,MAASIN,SOUTHERN LEYTE,48.388574,10/26/2022,10/31/2022,124.7,110,STS,144.4,301.4,998.6,1,6,6,0,3
PAENG,2022,8,SOUTHERN LEYTE,LIBAGON,33,171,1,0,0,0,0,0,0,0,0.0,MAASIN,SOUTHERN LEYTE,33.16426357,10/26/2022,10/31/2022,124.7,110,STS,144.4,301.4,998.6,1,6,6,0,3
PAENG,2022,8,SOUTHERN LEYTE,LILOAN,137,478,9,0,0,0,0,0,0,0,0.0,MAASIN,SOUTHERN LEYTE,34.98661916,10/26/2022,10/31/2022,124.7,110,STS,144.4,301.4,998.6,1,6,6,0,3
PAENG,2022,8,SOUTHERN LEYTE,LIMASAWA,137,301,1,0,0,0,0,0,0,137,0.0,MAASIN,SOUTHERN LEYTE,33.43446716,10/26/2022,10/31/2022,124.7,110,STS,144.4,301.4,998.6,1,6,6,0,3
PAENG,2022,8,SOUTHERN LEYTE,MAASIN,1787,4772,1,0,0,0,0,0,0,0,0.0,MAASIN,SOUTHERN LEYTE,6.036530822,10/26/2022,10/31/2022,124.7,110,STS,144.4,301.4,998.6,1,6,6,0,3
PAENG,2022,8,SOUTHERN LEYTE,MACROHON,107,433,11,0,0,0,0,0,0,0,0.0,MAASIN,SOUTHERN LEYTE,12.27761238,10/26/2022,10/31/2022,124.7,110,STS,144.4,301.4,998.6,1,6,6,0,3
PAENG,2022,8,SOUTHERN LEYTE,MALITBOG,220,684,1,0,0,0,0,0,0,0,0.0,MAASIN,SOUTHERN LEYTE,13.80635687,10/26/2022,10/31/2022,124.7,110,STS,144.4,301.4,998.6,1,6,6,0,3
PAENG,2022,8,SOUTHERN LEYTE,PADRE BURGOS,79,358,5,0,0,0,0,0,0,0,0.0,MAASIN,SOUTHERN LEYTE,18.02056882,10/26/2022,10/31/2022,124.7,110,STS,144.4,301.4,998.6,1,6,6,0,3
PAENG,2022,8,SOUTHERN LEYTE,PINTUYAN,0,0,0,0,0,0,0,0,0,0,0.0,MAASIN,SOUTHERN LEYTE,46.77197971,10/26/2022,10/31/2022,124.7,110,STS,144.4,301.4,998.6,1,6,6,0,3
PAENG,2022,8,SOUTHERN LEYTE,SAINT BERNARD,288,897,7,0,0,0,0,0,0,0,0.0,MAASIN,SOUTHERN LEYTE,36.05221253,10/26/2022,10/31/2022,124.7,110,STS,144.4,301.4,998.6,1,6,6,0,3
PAENG,2022,8,SOUTHERN LEYTE,SAN FRANCISCO,57,132,4,0,0,0,0,0,0,0,0.0,MAASIN,SOUTHERN LEYTE,35.79450648,10/26/2022,10/31/2022,124.7,110,STS,144.4,301.4,998.6,1,6,6,0,3
PAENG,2022,8,SOUTHERN LEYTE,SAN JUAN,54,236,2,0,0,0,0,0,0,0,0.0,MAASIN,SOUTHERN LEYTE,41.38282925,10/26/2022,10/31/2022,124.7,110,STS,144.4,301.4,998.6,1,6,6,0,3
PAENG,2022,8,SOUTHERN LEYTE,SAN RICARDO,20,57,2,0,0,0,0,0,0,0,0.0,MAASIN,SOUTHERN LEYTE,48.13267564,10/26/2022,10/31/2022,124.7,110,STS,144.4,301.4,998.6,1,6,6,0,3
PAENG,2022,8,SOUTHERN LEYTE,SILAGO,0,0,0,0,0,0,0,0,0,0,0.0,MAASIN,SOUTHERN LEYTE,53.38791467,10/26/2022,10/31/2022,124.7,110,STS,144.4,301.4,998.6,1,6,6,0,3
PAENG,2022,8,SOUTHERN LEYTE,SOGOD,93,351,9,0,0,0,0,1,1,0,0.0,MAASIN,SOUTHERN LEYTE,39.9244269,10/26/2022,10/31/2022,124.7,110,STS,144.4,301.4,998.6,1,6,6,0,3
PAENG,2022,8,SOUTHERN LEYTE,TOMAS OPPUS,23,62,7,0,0,0,0,0,0,0,0.0,MAASIN,SOUTHERN LEYTE,19.62085065,10/26/2022,10/31/2022,124.7,110,STS,144.4,301.4,998.6,1,6,6,0,3
